[
  {
    "id": "012ec08d-5422-45cb-a02c-dbd3648ff470",
    "data": [
      {
        "text": "久しぶり",
        "userDefined": false
      }
    ],
    "isTemplate": false,
    "count": 0,
    "updated": 0
  },
  {
    "id": "e116a4c1-c839-4d2d-a42a-abfe019a1734",
    "data": [
      {
        "text": "今日は",
        "userDefined": false
      }
    ],
    "isTemplate": false,
    "count": 0,
    "updated": 0
  },
  {
    "id": "e8d652e0-9df7-430f-a14f-ca2370da01d3",
    "data": [
      {
        "text": "こんにちは",
        "userDefined": false
      }
    ],
    "isTemplate": false,
    "count": 0,
    "updated": 0
  },
  {
    "id": "3f955398-0fa5-4cce-8ae0-38ab2f9e5115",
    "data": [
      {
        "text": "どうも",
        "userDefined": false
      }
    ],
    "isTemplate": false,
    "count": 0,
    "updated": 0
  },
  {
    "id": "960f8f35-afb8-4780-8056-8a9e6f5999e8",
    "data": [
      {
        "text": "やあ、君",
        "userDefined": false
      }
    ],
    "isTemplate": false,
    "count": 0,
    "updated": 0
  },
  {
    "id": "1eb48ffd-3506-4bc1-a179-8b7b41695047",
    "data": [
      {
        "text": "やあ",
        "userDefined": false
      }
    ],
    "isTemplate": false,
    "count": 0,
    "updated": 0
  },
  {
    "id": "bd33845b-e9fc-4c2d-ae98-9b86970fc2c2",
    "data": [
      {
        "text": "ご挨拶します",
        "userDefined": false
      }
    ],
    "isTemplate": false,
    "count": 0,
    "updated": 0
  },
  {
    "id": "8f565813-ec95-47f1-97d9-7a5c15e6780b",
    "data": [
      {
        "text": "はい、こんにちは",
        "userDefined": false
      }
    ],
    "isTemplate": false,
    "count": 0,
    "updated": 0
  },
  {
    "id": "113a438b-0904-4dc1-87d1-4f1a08c475b2",
    "data": [
      {
        "text": "皆さん、こんにちは",
        "userDefined": false
      }
    ],
    "isTemplate": false,
    "count": 0,
    "updated": 0
  }
]