[
  {
    "id": "7c3f66a7-147d-4583-b83d-edb410af6471",
    "data": [
      {
        "text": "ja hallo",
        "userDefined": false
      }
    ],
    "isTemplate": false,
    "count": 0,
    "updated": 0
  },
  {
    "id": "2cdf8b1c-631d-46f0-b8f6-07f685df9fc2",
    "data": [
      {
        "text": "ich grüße dich",
        "userDefined": false
      }
    ],
    "isTemplate": false,
    "count": 0,
    "updated": 0
  },
  {
    "id": "ee2a172a-9e28-45e6-963f-60d4d563f6fe",
    "data": [
      {
        "text": "hallöchen",
        "userDefined": false
      }
    ],
    "isTemplate": false,
    "count": 0,
    "updated": 0
  },
  {
    "id": "f6c7eca2-ce7b-4a2d-818f-d92d6d3da968",
    "data": [
      {
        "text": "hallo Schatzi",
        "userDefined": false
      }
    ],
    "isTemplate": false,
    "count": 0,
    "updated": 0
  },
  {
    "id": "611b8754-e5ef-4dc9-9aeb-0bf44c0aa6ec",
    "data": [
      {
        "text": "hallo Schatz",
        "userDefined": false
      }
    ],
    "isTemplate": false,
    "count": 0,
    "updated": 0
  },
  {
    "id": "298b7a0e-e54c-43ba-bd06-0bf4be2a1b8e",
    "data": [
      {
        "text": "hallo hallo",
        "userDefined": false
      }
    ],
    "isTemplate": false,
    "count": 0,
    "updated": 0
  },
  {
    "id": "1e04d180-f92f-4749-8717-ff17851fa22c",
    "data": [
      {
        "text": "hallo",
        "userDefined": false
      }
    ],
    "isTemplate": false,
    "count": 0,
    "updated": 0
  },
  {
    "id": "50010531-1144-4aac-b71b-30c795ed75e3",
    "data": [
      {
        "text": "grüß dich",
        "userDefined": false
      }
    ],
    "isTemplate": false,
    "count": 0,
    "updated": 0
  }
]