[
  {
    "id": "b6368e49-27f2-44d5-80df-c9b78c18f7d0",
    "data": [
      {
        "text": "Acabei",
        "userDefined": false
      }
    ],
    "isTemplate": false,
    "count": 0
  },
  {
    "id": "7a57a47e-6f94-4f0a-a644-7833d4e03acf",
    "data": [
      {
        "text": "parar",
        "userDefined": false
      }
    ],
    "isTemplate": false,
    "count": 0
  },
  {
    "id": "757016b3-5b84-41ee-a465-c19bca1d704b",
    "data": [
      {
        "text": "fim",
        "userDefined": false
      }
    ],
    "isTemplate": false,
    "count": 0
  },
  {
    "id": "7ad8a412-aeb0-45de-b0d0-772ac2d0a272",
    "data": [
      {
        "text": "Quer falar com",
        "meta": "@sys.ignore",
        "userDefined": false
      },
      {
        "text": " o Google",
        "userDefined": false
      }
    ],
    "isTemplate": false,
    "count": 0
  },
  {
    "id": "9a859e8a-64ab-4725-bbd7-87b8004bf48a",
    "data": [
      {
        "text": "Google Assistente",
        "userDefined": false
      }
    ],
    "isTemplate": false,
    "count": 0
  },
  {
    "id": "de4b16a9-0e10-4d3a-b6f5-e03c7ef881c2",
    "data": [
      {
        "text": "Não, só isso.",
        "userDefined": false
      }
    ],
    "isTemplate": false,
    "count": 0
  },
  {
    "id": "323b27f9-414a-4a90-8f07-fa7fcd56187f",
    "data": [
      {
        "text": "Até mais",
        "userDefined": false
      }
    ],
    "isTemplate": false,
    "count": 0
  },
  {
    "id": "7b9b60ac-a8c4-4053-a4b4-a038fc4e76cb",
    "data": [
      {
        "text": "não, estou pronto",
        "userDefined": false
      }
    ],
    "isTemplate": false,
    "count": 0
  },
  {
    "id": "68aa603d-c517-46ac-8881-bafad03435be",
    "data": [
      {
        "text": "pronto",
        "userDefined": false
      }
    ],
    "isTemplate": false,
    "count": 0
  },
  {
    "id": "3e9bf2db-479d-45ea-a7ee-f4d20458dfa9",
    "data": [
      {
        "text": "sair",
        "userDefined": false
      }
    ],
    "isTemplate": false,
    "count": 0
  },
  {
    "id": "9bc10a29-8093-4f81-ba35-90b74e9af02b",
    "data": [
      {
        "text": "tchau",
        "userDefined": false
      }
    ],
    "isTemplate": false,
    "count": 0
  },
  {
    "id": "345ef622-dc2a-4a98-aaf4-be1153d574b3",
    "data": [
      {
        "text": "Me passe para o Google Assistant",
        "userDefined": false
      }
    ],
    "isTemplate": false,
    "count": 1
  },
  {
    "id": "09869f7b-c568-4638-a580-d0bbaed29f10",
    "data": [
      {
        "text": "Até logo",
        "userDefined": false
      }
    ],
    "isTemplate": false,
    "count": 0
  }
]