[
  {
    "id": "0a6d5c22-10c0-4a9f-bab0-30e53df498dd",
    "data": [
      {
        "text": "no thanks",
        "userDefined": false
      }
    ],
    "isTemplate": false,
    "count": 0
  },
  {
    "id": "9e4dee16-9e47-40f0-8ff6-bd394350bf18",
    "data": [
      {
        "text": "Bye",
        "userDefined": false
      }
    ],
    "isTemplate": false,
    "count": 0,
    "updated": 1533834388
  },
  {
    "id": "f8713f85-f347-4c8f-a4a6-05329a2d9ad8",
    "data": [
      {
        "text": "I\u0027m done",
        "userDefined": false
      }
    ],
    "isTemplate": false,
    "count": 0,
    "updated": 1533834388
  },
  {
    "id": "257bd0eb-33ea-4835-b5f6-58c617294ee1",
    "data": [
      {
        "text": "Give me Google Assistant",
        "userDefined": false
      }
    ],
    "isTemplate": false,
    "count": 1,
    "updated": 1533834388
  },
  {
    "id": "351f5464-09ce-4813-8fd9-f63ec1e82cb1",
    "data": [
      {
        "text": "ciao",
        "userDefined": false
      }
    ],
    "isTemplate": false,
    "count": 0,
    "updated": 1533834388
  },
  {
    "id": "c46acf02-6270-417d-87a5-369382d3f1b7",
    "data": [
      {
        "text": "Exit",
        "userDefined": false
      }
    ],
    "isTemplate": false,
    "count": 4,
    "updated": 1533834388
  },
  {
    "id": "0378ba68-8f04-4a9d-9f42-f18ab6e8d3b6",
    "data": [
      {
        "text": "done",
        "userDefined": false
      }
    ],
    "isTemplate": false,
    "count": 0,
    "updated": 1533834388
  },
  {
    "id": "96da25ad-3a36-4897-b4b0-3dc637fcc3dd",
    "data": [
      {
        "text": "no I\u0027m done",
        "userDefined": false
      }
    ],
    "isTemplate": false,
    "count": 0,
    "updated": 1533834388
  },
  {
    "id": "b513400e-8371-488f-ba35-ec8193ec5cdc",
    "data": [
      {
        "text": "Good bye",
        "userDefined": false
      }
    ],
    "isTemplate": false,
    "count": 1,
    "updated": 1533834388
  },
  {
    "id": "f2eb0daa-65e3-49ea-a612-61ac0b27a728",
    "data": [
      {
        "text": "No that\u0027s it",
        "userDefined": false
      }
    ],
    "isTemplate": false,
    "count": 1,
    "updated": 1533834388
  },
  {
    "id": "73049aab-cad0-4967-8878-b1a16229579f",
    "data": [
      {
        "text": "Google Assistant",
        "userDefined": false
      }
    ],
    "isTemplate": false,
    "count": 2,
    "updated": 1533834388
  },
  {
    "id": "f67d7e84-a60c-42ba-9c11-20ce783349bb",
    "data": [
      {
        "text": "Goodbye",
        "userDefined": false
      }
    ],
    "isTemplate": false,
    "count": 1,
    "updated": 1533834388
  },
  {
    "id": "24a53900-3287-4564-a9b7-c42e5eb693b6",
    "data": [
      {
        "text": "I want to talk to Google",
        "userDefined": false
      }
    ],
    "isTemplate": false,
    "count": 0,
    "updated": 1533834388
  },
  {
    "id": "5ac6f7ec-7164-4fc0-878b-2b7e731b6b28",
    "data": [
      {
        "text": "End",
        "userDefined": false
      }
    ],
    "isTemplate": false,
    "count": 0,
    "updated": 1533834388
  },
  {
    "id": "42909ba3-7790-48ed-8b7e-6d3ab08d69bc",
    "data": [
      {
        "text": "stop",
        "userDefined": false
      }
    ],
    "isTemplate": false,
    "count": 0,
    "updated": 1533834388
  },
  {
    "id": "446a36c9-3ce4-4f7f-8475-31e977ce67f4",
    "data": [
      {
        "text": "I\u0027m finished",
        "userDefined": false
      }
    ],
    "isTemplate": false,
    "count": 0,
    "updated": 1533834388
  }
]