[
  {
    "id": "0611d889-20f6-4cf4-9e0b-caa46b471114",
    "data": [
      {
        "text": "終了します。",
        "userDefined": false
      }
    ],
    "isTemplate": false,
    "count": 0,
    "updated": 1538583856
  },
  {
    "id": "83af2750-1f14-46c1-a6d3-c800d8331eb6",
    "data": [
      {
        "text": "ストップ。",
        "userDefined": false
      }
    ],
    "isTemplate": false,
    "count": 0,
    "updated": 1538583856
  },
  {
    "id": "003d4293-3402-4d76-8e7d-60f5d8ef63c0",
    "data": [
      {
        "text": "終わる。",
        "userDefined": false
      }
    ],
    "isTemplate": false,
    "count": 0,
    "updated": 1538583856
  },
  {
    "id": "d924ddeb-9e42-4959-b9ae-0f5ac21f2280",
    "data": [
      {
        "text": "Googleアシスタントと話したい。",
        "userDefined": false
      }
    ],
    "isTemplate": false,
    "count": 0,
    "updated": 1538583856
  },
  {
    "id": "2c259252-d77e-4b36-bae6-0ec8ba61c9f2",
    "data": [
      {
        "text": "Googleアシスタント",
        "userDefined": false
      }
    ],
    "isTemplate": false,
    "count": 0,
    "updated": 1538583856
  },
  {
    "id": "ba506e4a-19c1-4a3f-a5f2-95b4b4ebe7f3",
    "data": [
      {
        "text": "さようなら。",
        "userDefined": false
      }
    ],
    "isTemplate": false,
    "count": 0,
    "updated": 1538583856
  },
  {
    "id": "528a0354-ac54-4006-9393-f92bd62b3277",
    "data": [
      {
        "text": "バイバイ。",
        "userDefined": false
      }
    ],
    "isTemplate": false,
    "count": 0,
    "updated": 1538583856
  },
  {
    "id": "cc388183-93b6-41ee-b02d-30f035ba625f",
    "data": [
      {
        "text": "ありません。",
        "userDefined": false
      }
    ],
    "isTemplate": false,
    "count": 0,
    "updated": 1538583856
  },
  {
    "id": "05a3a70d-0671-453c-b3e3-2d4416e82461",
    "data": [
      {
        "text": "終了。",
        "userDefined": false
      }
    ],
    "isTemplate": false,
    "count": 0,
    "updated": 1538583856
  },
  {
    "id": "a8b985d5-b4c3-481c-948c-99d32221d501",
    "data": [
      {
        "text": "抜けます。",
        "userDefined": false
      }
    ],
    "isTemplate": false,
    "count": 0,
    "updated": 1538583856
  },
  {
    "id": "bd0c7f12-9549-4025-9b58-c7bc1d981ea5",
    "data": [
      {
        "text": "じゃあね。",
        "userDefined": false
      }
    ],
    "isTemplate": false,
    "count": 0,
    "updated": 1538583856
  },
  {
    "id": "979eae08-76e0-42a3-931b-5053313551af",
    "data": [
      {
        "text": "Googleアシスタントに戻ります。",
        "userDefined": false
      }
    ],
    "isTemplate": false,
    "count": 0,
    "updated": 1538583856
  },
  {
    "id": "b6e229bd-15b6-45ec-9592-4c7230c23992",
    "data": [
      {
        "text": "終わります。",
        "userDefined": false
      }
    ],
    "isTemplate": false,
    "count": 0,
    "updated": 1538583856
  },
  {
    "id": "6075b923-36ff-49a3-80db-3c068f08cd77",
    "data": [
      {
        "text": "やめる。",
        "userDefined": false
      }
    ],
    "isTemplate": false,
    "count": 0,
    "updated": 1538583856
  }
]