[
  {
    "id": "52242ab4-f12d-4a6d-b2b0-b951a9271590",
    "data": [
      {
        "text": "終了します。",
        "userDefined": false
      }
    ],
    "isTemplate": false,
    "count": 0,
    "updated": 1538583856
  },
  {
    "id": "c7ddd4ee-095d-4fc4-8187-cd4148a87332",
    "data": [
      {
        "text": "ストップ。",
        "userDefined": false
      }
    ],
    "isTemplate": false,
    "count": 0,
    "updated": 1538583856
  },
  {
    "id": "5b5c2b65-d03e-40a9-a8f2-3c352eb89fa3",
    "data": [
      {
        "text": "終わる。",
        "userDefined": false
      }
    ],
    "isTemplate": false,
    "count": 0,
    "updated": 1538583856
  },
  {
    "id": "e128a0f1-62e7-400f-a464-0834d9b99af6",
    "data": [
      {
        "text": "Googleアシスタントと話したい。",
        "userDefined": false
      }
    ],
    "isTemplate": false,
    "count": 0,
    "updated": 1538583856
  },
  {
    "id": "19b85f09-9480-4f89-b18e-9c49d6b8843b",
    "data": [
      {
        "text": "Googleアシスタント",
        "userDefined": false
      }
    ],
    "isTemplate": false,
    "count": 0,
    "updated": 1538583856
  },
  {
    "id": "faef35b1-1575-4e8c-9fdf-9beb857871a5",
    "data": [
      {
        "text": "さようなら。",
        "userDefined": false
      }
    ],
    "isTemplate": false,
    "count": 0,
    "updated": 1538583856
  },
  {
    "id": "bc5d10f5-7777-4617-9cec-8aa44f82e8d4",
    "data": [
      {
        "text": "バイバイ。",
        "userDefined": false
      }
    ],
    "isTemplate": false,
    "count": 0,
    "updated": 1538583856
  },
  {
    "id": "41c7a0d6-6612-421e-b502-a9826da37eba",
    "data": [
      {
        "text": "ありません。",
        "userDefined": false
      }
    ],
    "isTemplate": false,
    "count": 0,
    "updated": 1538583856
  },
  {
    "id": "1c8950fa-3c81-47ce-85c6-6274790a0ded",
    "data": [
      {
        "text": "終了。",
        "userDefined": false
      }
    ],
    "isTemplate": false,
    "count": 0,
    "updated": 1538583856
  },
  {
    "id": "6c9243d0-7452-43f6-ae7a-5c7ea825011f",
    "data": [
      {
        "text": "抜けます。",
        "userDefined": false
      }
    ],
    "isTemplate": false,
    "count": 0,
    "updated": 1538583856
  },
  {
    "id": "4efb3405-eb8e-4785-9d46-3b7d8e0d86ff",
    "data": [
      {
        "text": "じゃあね。",
        "userDefined": false
      }
    ],
    "isTemplate": false,
    "count": 0,
    "updated": 1538583856
  },
  {
    "id": "272e73b9-79e0-4ad0-8e5b-f1bb4bb2205e",
    "data": [
      {
        "text": "Googleアシスタントに戻ります。",
        "userDefined": false
      }
    ],
    "isTemplate": false,
    "count": 0,
    "updated": 1538583856
  },
  {
    "id": "c3396868-4375-4a94-ad76-103d89d568b6",
    "data": [
      {
        "text": "終わります。",
        "userDefined": false
      }
    ],
    "isTemplate": false,
    "count": 0,
    "updated": 1538583856
  },
  {
    "id": "2e5e379e-e386-4026-96f4-2ce74c4e8134",
    "data": [
      {
        "text": "やめる。",
        "userDefined": false
      }
    ],
    "isTemplate": false,
    "count": 0,
    "updated": 1538583856
  }
]