[
  {
    "id": "4281e99e-6e2f-414c-a91c-1d6c5f652893",
    "data": [
      {
        "text": "Ho finito",
        "userDefined": false
      }
    ],
    "isTemplate": false,
    "count": 0,
    "updated": 1536873908
  },
  {
    "id": "275a3558-c2ff-4de4-93fc-483cf9046b82",
    "data": [
      {
        "text": "stop",
        "userDefined": false
      }
    ],
    "isTemplate": false,
    "count": 0,
    "updated": 1536873908
  },
  {
    "id": "6e1d4b98-0787-4a82-a6c6-b33245ec0506",
    "data": [
      {
        "text": "fine",
        "meta": "@sys.ignore",
        "userDefined": false
      }
    ],
    "isTemplate": false,
    "count": 0,
    "updated": 1536873908
  },
  {
    "id": "60bc5900-3ac9-4650-a46c-0405ef0ab86b",
    "data": [
      {
        "text": "Voglio parlare con Google",
        "userDefined": false
      }
    ],
    "isTemplate": false,
    "count": 0,
    "updated": 1536873908
  },
  {
    "id": "488a3f45-282b-4976-988d-8d0faf282c5b",
    "data": [
      {
        "text": "Google",
        "userDefined": false
      }
    ],
    "isTemplate": false,
    "count": 0,
    "updated": 1536873908
  },
  {
    "id": "01988341-42e2-4b9f-ba64-ebd2ae22ab86",
    "data": [
      {
        "text": "Assistente Google",
        "userDefined": false
      }
    ],
    "isTemplate": false,
    "count": 0,
    "updated": 1536873908
  },
  {
    "id": "da02470c-cac6-41b2-b79b-ef17256c1b7f",
    "data": [
      {
        "text": "No fatto",
        "userDefined": false
      }
    ],
    "isTemplate": false,
    "count": 0,
    "updated": 1536873908
  },
  {
    "id": "958851a0-d5ce-4f94-980f-5cf95372c0f7",
    "data": [
      {
        "text": "Addio",
        "userDefined": false
      }
    ],
    "isTemplate": false,
    "count": 0,
    "updated": 1536873908
  },
  {
    "id": "42d1964b-e1cd-409f-8cd9-72bb57e0c830",
    "data": [
      {
        "text": "no ho finito",
        "userDefined": false
      }
    ],
    "isTemplate": false,
    "count": 0,
    "updated": 1536873908
  },
  {
    "id": "577c8d51-8c3c-4081-bc36-5069a0eb8078",
    "data": [
      {
        "text": "finito",
        "userDefined": false
      }
    ],
    "isTemplate": false,
    "count": 0,
    "updated": 1536873908
  },
  {
    "id": "fa43bbf6-2b9c-4131-affa-81df89bc1a17",
    "data": [
      {
        "text": "esci",
        "userDefined": false
      }
    ],
    "isTemplate": false,
    "count": 0,
    "updated": 1536873908
  },
  {
    "id": "1888b5a5-c71e-4ef9-94c9-7ef104dfac5f",
    "data": [
      {
        "text": "ciao",
        "userDefined": false
      }
    ],
    "isTemplate": false,
    "count": 0,
    "updated": 1536873908
  },
  {
    "id": "0f85d163-b667-4a54-9e32-5c50a0dfa9f0",
    "data": [
      {
        "text": "Passami l\u0027Assistente Google",
        "userDefined": false
      }
    ],
    "isTemplate": false,
    "count": 1,
    "updated": 1536873908
  },
  {
    "id": "7402ff01-ebf8-487d-8c1e-41f22f906c43",
    "data": [
      {
        "text": "Arrivederci",
        "userDefined": false
      }
    ],
    "isTemplate": false,
    "count": 0,
    "updated": 1536873908
  }
]