[
  {
    "id": "5a6e56aa-8fa5-414c-8c6e-0f0f7ccbe499",
    "data": [
      {
        "text": "いいえ",
        "userDefined": false
      }
    ],
    "isTemplate": false,
    "count": 0
  },
  {
    "id": "941cd149-ddf8-4627-b515-ebafbe57b85a",
    "data": [
      {
        "text": "結構です",
        "userDefined": false
      }
    ],
    "isTemplate": false,
    "count": 0
  },
  {
    "id": "1a07fbc2-6c1f-4d5a-a631-281e2a6c7663",
    "data": [
      {
        "text": "終了します。",
        "userDefined": false
      }
    ],
    "isTemplate": false,
    "count": 0,
    "updated": 1538583856
  },
  {
    "id": "d66e1fa5-c104-40c0-980f-e9cddc0b1506",
    "data": [
      {
        "text": "ストップ。",
        "userDefined": false
      }
    ],
    "isTemplate": false,
    "count": 0,
    "updated": 1538583856
  },
  {
    "id": "20d866f7-0192-43c3-8383-fc4ce9e345b5",
    "data": [
      {
        "text": "終わる。",
        "userDefined": false
      }
    ],
    "isTemplate": false,
    "count": 0,
    "updated": 1538583856
  },
  {
    "id": "89f8f222-caf8-4b17-bd90-6a0cf136a3e1",
    "data": [
      {
        "text": "Googleアシスタントと話したい。",
        "userDefined": false
      }
    ],
    "isTemplate": false,
    "count": 0,
    "updated": 1538583856
  },
  {
    "id": "7c5b0785-7bad-4950-918c-3f96483aa37e",
    "data": [
      {
        "text": "Googleアシスタント",
        "userDefined": false
      }
    ],
    "isTemplate": false,
    "count": 0,
    "updated": 1538583856
  },
  {
    "id": "9fd1b237-4feb-42d9-b88d-d817665141d4",
    "data": [
      {
        "text": "さようなら。",
        "userDefined": false
      }
    ],
    "isTemplate": false,
    "count": 0,
    "updated": 1538583856
  },
  {
    "id": "9eeb7d0e-c3cc-4fbe-9be1-d1291bd3732c",
    "data": [
      {
        "text": "バイバイ。",
        "userDefined": false
      }
    ],
    "isTemplate": false,
    "count": 0,
    "updated": 1538583856
  },
  {
    "id": "bd02fa76-ed64-4826-a0b8-a3dc614e238b",
    "data": [
      {
        "text": "ありません。",
        "userDefined": false
      }
    ],
    "isTemplate": false,
    "count": 0,
    "updated": 1538583856
  },
  {
    "id": "b8ec6b30-cd28-4baa-bb68-fc15fcb4d111",
    "data": [
      {
        "text": "終了。",
        "userDefined": false
      }
    ],
    "isTemplate": false,
    "count": 0,
    "updated": 1538583856
  },
  {
    "id": "043d6ccd-e70f-40eb-974b-04870c4295cf",
    "data": [
      {
        "text": "抜けます。",
        "userDefined": false
      }
    ],
    "isTemplate": false,
    "count": 0,
    "updated": 1538583856
  },
  {
    "id": "2787a7d5-865d-47db-ac9b-51bef8d3a16e",
    "data": [
      {
        "text": "じゃあね。",
        "userDefined": false
      }
    ],
    "isTemplate": false,
    "count": 0,
    "updated": 1538583856
  },
  {
    "id": "44e8e75d-25e0-4488-aeac-eb8aa031e8cf",
    "data": [
      {
        "text": "Googleアシスタントに戻ります。",
        "userDefined": false
      }
    ],
    "isTemplate": false,
    "count": 0,
    "updated": 1538583856
  },
  {
    "id": "511d028e-3a78-4772-b03e-1db146f27d24",
    "data": [
      {
        "text": "終わります。",
        "userDefined": false
      }
    ],
    "isTemplate": false,
    "count": 0,
    "updated": 1538583856
  },
  {
    "id": "263bf92c-e200-4416-92df-21882d40200a",
    "data": [
      {
        "text": "やめる。",
        "userDefined": false
      }
    ],
    "isTemplate": false,
    "count": 0,
    "updated": 1538583856
  }
]