[
  {
    "id": "de384e20-f3ec-4a87-b50f-393053ed0451",
    "data": [
      {
        "text": "Acabei",
        "userDefined": false
      }
    ],
    "isTemplate": false,
    "count": 0
  },
  {
    "id": "d7fe3931-a29c-4888-ac76-4cf16573745a",
    "data": [
      {
        "text": "parar",
        "userDefined": false
      }
    ],
    "isTemplate": false,
    "count": 0
  },
  {
    "id": "cd9612cf-8e63-4fac-8ee3-baeed5c60b20",
    "data": [
      {
        "text": "fim",
        "userDefined": false
      }
    ],
    "isTemplate": false,
    "count": 0
  },
  {
    "id": "8477f1a4-dd36-4257-b3e2-098f925d9194",
    "data": [
      {
        "text": "Quer falar com",
        "meta": "@sys.ignore",
        "userDefined": false
      },
      {
        "text": " o Google",
        "userDefined": false
      }
    ],
    "isTemplate": false,
    "count": 0
  },
  {
    "id": "b6f01115-d3f8-4593-b60c-68477a1028e7",
    "data": [
      {
        "text": "Google Assistente",
        "userDefined": false
      }
    ],
    "isTemplate": false,
    "count": 0
  },
  {
    "id": "4a27c66b-be24-48d2-9eb2-210bce1aa2d8",
    "data": [
      {
        "text": "Não, só isso.",
        "userDefined": false
      }
    ],
    "isTemplate": false,
    "count": 0
  },
  {
    "id": "954f98cd-8594-4e6d-8d78-c93c76ed5fe5",
    "data": [
      {
        "text": "Até mais",
        "userDefined": false
      }
    ],
    "isTemplate": false,
    "count": 0
  },
  {
    "id": "a90c52d0-8028-448e-8a1d-17f053d43103",
    "data": [
      {
        "text": "não, estou pronto",
        "userDefined": false
      }
    ],
    "isTemplate": false,
    "count": 0
  },
  {
    "id": "9e7a1db2-4a55-4905-9dc1-95db1446de5c",
    "data": [
      {
        "text": "pronto",
        "userDefined": false
      }
    ],
    "isTemplate": false,
    "count": 0
  },
  {
    "id": "9e84d6cf-2528-4c95-9887-bb70479f05fa",
    "data": [
      {
        "text": "sair",
        "userDefined": false
      }
    ],
    "isTemplate": false,
    "count": 0
  },
  {
    "id": "3f7707aa-482e-42be-8c09-5143909d4bfa",
    "data": [
      {
        "text": "tchau",
        "userDefined": false
      }
    ],
    "isTemplate": false,
    "count": 0
  },
  {
    "id": "8d58b7e3-9911-425f-9491-7a456831a381",
    "data": [
      {
        "text": "Me passe para o Google Assistant",
        "userDefined": false
      }
    ],
    "isTemplate": false,
    "count": 1
  },
  {
    "id": "407f1937-8647-447c-a4f6-cc6c2890707d",
    "data": [
      {
        "text": "Até logo",
        "userDefined": false
      }
    ],
    "isTemplate": false,
    "count": 0
  }
]