[
  {
    "id": "1685a528-a068-48dd-ba5f-cf34a2ed09c8",
    "data": [
      {
        "text": "ciao",
        "userDefined": false
      }
    ],
    "isTemplate": false,
    "count": 0,
    "updated": 1536873908
  },
  {
    "id": "03c41da7-d31c-42fd-8c64-d612eed48214",
    "data": [
      {
        "text": "no",
        "userDefined": false
      }
    ],
    "isTemplate": false,
    "count": 0
  },
  {
    "id": "2fac70ea-3270-42d9-bac1-59198e389826",
    "data": [
      {
        "text": "finito",
        "userDefined": false
      }
    ],
    "isTemplate": false,
    "count": 0,
    "updated": 1536873908
  },
  {
    "id": "0ba0a2d2-91a0-4eeb-8e0d-cfa647013834",
    "data": [
      {
        "text": "Arrivederci",
        "userDefined": false
      }
    ],
    "isTemplate": false,
    "count": 0,
    "updated": 1536873908
  },
  {
    "id": "b15f5476-742a-4bf3-8aba-48470cfca97a",
    "data": [
      {
        "text": "Ho finito",
        "userDefined": false
      }
    ],
    "isTemplate": false,
    "count": 0,
    "updated": 1536873908
  },
  {
    "id": "c3d614fa-48f8-4cbb-8239-b8de0384365d",
    "data": [
      {
        "text": "No grazie",
        "userDefined": false
      }
    ],
    "isTemplate": false,
    "count": 0
  },
  {
    "id": "1614344b-f45a-436c-8f51-88bccf5bc12f",
    "data": [
      {
        "text": "Voglio parlare con Google",
        "userDefined": false
      }
    ],
    "isTemplate": false,
    "count": 0,
    "updated": 1536873908
  },
  {
    "id": "0db6e48f-af26-4842-9656-3618b15875bc",
    "data": [
      {
        "text": "stop",
        "userDefined": false
      }
    ],
    "isTemplate": false,
    "count": 0,
    "updated": 1536873908
  },
  {
    "id": "e892503d-3723-4dc5-b2ff-a463acf34d07",
    "data": [
      {
        "text": "No fatto",
        "userDefined": false
      }
    ],
    "isTemplate": false,
    "count": 0,
    "updated": 1536873908
  },
  {
    "id": "21517c62-fb5b-4a89-abb9-1a76867d6410",
    "data": [
      {
        "text": "Addio",
        "userDefined": false
      }
    ],
    "isTemplate": false,
    "count": 0,
    "updated": 1536873908
  },
  {
    "id": "990dd6b6-df48-4415-b328-ae26d345711d",
    "data": [
      {
        "text": "Passami l\u0027Assistente Google",
        "userDefined": false
      }
    ],
    "isTemplate": false,
    "count": 1,
    "updated": 1536873908
  },
  {
    "id": "ac05c762-c184-4c67-83b7-fa96bc5c6c8f",
    "data": [
      {
        "text": "Google",
        "userDefined": false
      }
    ],
    "isTemplate": false,
    "count": 0,
    "updated": 1536873908
  },
  {
    "id": "26072243-488c-4918-9575-e22db02b50cd",
    "data": [
      {
        "text": "esci",
        "userDefined": false
      }
    ],
    "isTemplate": false,
    "count": 0,
    "updated": 1536873908
  },
  {
    "id": "07cb091d-e554-46f3-9eb9-e101b004201f",
    "data": [
      {
        "text": "no ho finito",
        "userDefined": false
      }
    ],
    "isTemplate": false,
    "count": 0,
    "updated": 1536873908
  },
  {
    "id": "1c813a0d-4738-47f6-9cd1-2cc13d06f3d8",
    "data": [
      {
        "text": "fine",
        "meta": "@sys.ignore",
        "userDefined": false
      }
    ],
    "isTemplate": false,
    "count": 0,
    "updated": 1536873908
  },
  {
    "id": "217228b2-e2f5-4783-aae3-70d9c0994d6c",
    "data": [
      {
        "text": "Assistente Google",
        "userDefined": false
      }
    ],
    "isTemplate": false,
    "count": 0,
    "updated": 1536873908
  }
]