[
  {
    "id": "48d0c95c-7f21-4a82-a790-627420d81581",
    "data": [
      {
        "text": "Bye",
        "userDefined": false
      }
    ],
    "isTemplate": false,
    "count": 0,
    "updated": 1533834388
  },
  {
    "id": "d6588de3-1e02-49a3-a8e4-ef00d3665291",
    "data": [
      {
        "text": "I\u0027m done",
        "userDefined": false
      }
    ],
    "isTemplate": false,
    "count": 0,
    "updated": 1533834388
  },
  {
    "id": "4bae0966-59a8-4e17-9eb0-b0023ff19163",
    "data": [
      {
        "text": "Give me Google Assistant",
        "userDefined": false
      }
    ],
    "isTemplate": false,
    "count": 1,
    "updated": 1533834388
  },
  {
    "id": "a91bf173-2660-4c09-a5dd-9a8209319079",
    "data": [
      {
        "text": "ciao",
        "userDefined": false
      }
    ],
    "isTemplate": false,
    "count": 0,
    "updated": 1533834388
  },
  {
    "id": "b0e3f715-72a5-4d0a-ba0a-15fd85c14864",
    "data": [
      {
        "text": "Exit",
        "userDefined": false
      }
    ],
    "isTemplate": false,
    "count": 4,
    "updated": 1533834388
  },
  {
    "id": "77c5bde7-d69d-4935-a05b-f05b0c4fa208",
    "data": [
      {
        "text": "done",
        "userDefined": false
      }
    ],
    "isTemplate": false,
    "count": 0,
    "updated": 1533834388
  },
  {
    "id": "949dcd39-1635-464c-8513-fe770b4db0cb",
    "data": [
      {
        "text": "no I\u0027m done",
        "userDefined": false
      }
    ],
    "isTemplate": false,
    "count": 0,
    "updated": 1533834388
  },
  {
    "id": "0c840577-f1d2-4ac6-bfc3-2993ee4c9219",
    "data": [
      {
        "text": "Good bye",
        "userDefined": false
      }
    ],
    "isTemplate": false,
    "count": 1,
    "updated": 1533834388
  },
  {
    "id": "8aa76500-4d7a-4e30-8e45-3877fd81d160",
    "data": [
      {
        "text": "No that\u0027s it",
        "userDefined": false
      }
    ],
    "isTemplate": false,
    "count": 1,
    "updated": 1533834388
  },
  {
    "id": "e7cf76e5-bae8-4188-bc34-ebab9cd476eb",
    "data": [
      {
        "text": "Google Assistant",
        "userDefined": false
      }
    ],
    "isTemplate": false,
    "count": 2,
    "updated": 1533834388
  },
  {
    "id": "c986772f-5517-437e-8505-bd3efc17009a",
    "data": [
      {
        "text": "Goodbye",
        "userDefined": false
      }
    ],
    "isTemplate": false,
    "count": 1,
    "updated": 1533834388
  },
  {
    "id": "c3de13c8-5fb6-460b-bffb-611360271eb0",
    "data": [
      {
        "text": "I want to talk to Google",
        "userDefined": false
      }
    ],
    "isTemplate": false,
    "count": 0,
    "updated": 1533834388
  },
  {
    "id": "701851f6-3ac2-4df8-af17-093ff3f0aec4",
    "data": [
      {
        "text": "End",
        "userDefined": false
      }
    ],
    "isTemplate": false,
    "count": 0,
    "updated": 1533834388
  },
  {
    "id": "a778ada6-5c8c-4cdc-9e59-1a0a0f10625e",
    "data": [
      {
        "text": "stop",
        "userDefined": false
      }
    ],
    "isTemplate": false,
    "count": 0,
    "updated": 1533834388
  },
  {
    "id": "b4413c89-8b1f-470a-b6d5-548ec70b844e",
    "data": [
      {
        "text": "I\u0027m finished",
        "userDefined": false
      }
    ],
    "isTemplate": false,
    "count": 0,
    "updated": 1533834388
  }
]