[
  {
    "id": "cd66a4fc-a551-4986-b9b2-413433edb5e5",
    "data": [
      {
        "text": "Ho finito",
        "userDefined": false
      }
    ],
    "isTemplate": false,
    "count": 0,
    "updated": 1536873908
  },
  {
    "id": "cd891d1e-be15-452f-813b-4c235c6f988b",
    "data": [
      {
        "text": "stop",
        "userDefined": false
      }
    ],
    "isTemplate": false,
    "count": 0,
    "updated": 1536873908
  },
  {
    "id": "4c30446b-3472-469e-8569-0da5ff616b16",
    "data": [
      {
        "text": "fine",
        "meta": "@sys.ignore",
        "userDefined": false
      }
    ],
    "isTemplate": false,
    "count": 0,
    "updated": 1536873908
  },
  {
    "id": "bd09cb01-8824-494e-a416-c7a7cac60d82",
    "data": [
      {
        "text": "Voglio parlare con Google",
        "userDefined": false
      }
    ],
    "isTemplate": false,
    "count": 0,
    "updated": 1536873908
  },
  {
    "id": "7fe53f6d-8f32-4995-9ff7-5c3ddb069a85",
    "data": [
      {
        "text": "Google",
        "userDefined": false
      }
    ],
    "isTemplate": false,
    "count": 0,
    "updated": 1536873908
  },
  {
    "id": "2c006073-b954-4407-a03f-33e3315a7ccd",
    "data": [
      {
        "text": "Assistente Google",
        "userDefined": false
      }
    ],
    "isTemplate": false,
    "count": 0,
    "updated": 1536873908
  },
  {
    "id": "f0e09d5d-2723-42d7-9e24-27fbb7c90a7c",
    "data": [
      {
        "text": "No fatto",
        "userDefined": false
      }
    ],
    "isTemplate": false,
    "count": 0,
    "updated": 1536873908
  },
  {
    "id": "605a5849-02bd-4460-af07-6a74926cd3ef",
    "data": [
      {
        "text": "Addio",
        "userDefined": false
      }
    ],
    "isTemplate": false,
    "count": 0,
    "updated": 1536873908
  },
  {
    "id": "93f2722f-45c7-46c3-85be-da8a90305da1",
    "data": [
      {
        "text": "no ho finito",
        "userDefined": false
      }
    ],
    "isTemplate": false,
    "count": 0,
    "updated": 1536873908
  },
  {
    "id": "39d80107-4e73-4f71-ad9a-640dfa43dce3",
    "data": [
      {
        "text": "finito",
        "userDefined": false
      }
    ],
    "isTemplate": false,
    "count": 0,
    "updated": 1536873908
  },
  {
    "id": "0dd250b8-04e0-4ebf-8f3c-192196bc2352",
    "data": [
      {
        "text": "esci",
        "userDefined": false
      }
    ],
    "isTemplate": false,
    "count": 0,
    "updated": 1536873908
  },
  {
    "id": "9c7d8385-d575-4f5a-a9ce-41766131e3f4",
    "data": [
      {
        "text": "ciao",
        "userDefined": false
      }
    ],
    "isTemplate": false,
    "count": 0,
    "updated": 1536873908
  },
  {
    "id": "a24d1df6-882b-40c9-91cc-c1edb9a8d49c",
    "data": [
      {
        "text": "Passami l\u0027Assistente Google",
        "userDefined": false
      }
    ],
    "isTemplate": false,
    "count": 1,
    "updated": 1536873908
  },
  {
    "id": "6b262bd7-340d-466f-ad04-285b3d7f85f2",
    "data": [
      {
        "text": "Arrivederci",
        "userDefined": false
      }
    ],
    "isTemplate": false,
    "count": 0,
    "updated": 1536873908
  }
]