[
  {
    "id": "b068b6fd-3b64-4842-9c62-87dbb4589952",
    "data": [
      {
        "text": "Ich bin fertig",
        "userDefined": false
      }
    ],
    "isTemplate": false,
    "count": 0,
    "updated": 1538195330
  },
  {
    "id": "51abc34c-4f70-4985-ae32-4506df2103e0",
    "data": [
      {
        "text": "Stop",
        "userDefined": false
      }
    ],
    "isTemplate": false,
    "count": 0,
    "updated": 1538195330
  },
  {
    "id": "e91078c7-f8a1-491b-aad9-e04dbe92a206",
    "data": [
      {
        "text": "Ende",
        "userDefined": false
      }
    ],
    "isTemplate": false,
    "count": 0,
    "updated": 1538195330
  },
  {
    "id": "1fef8a47-6dd4-4a43-8132-f061d8984261",
    "data": [
      {
        "text": "Ich möchte mit Google sprechen",
        "userDefined": false
      }
    ],
    "isTemplate": false,
    "count": 0,
    "updated": 1538195330
  },
  {
    "id": "1b587950-e13e-404a-ba7d-7f0f482457dd",
    "data": [
      {
        "text": "Google Assistant",
        "userDefined": false
      }
    ],
    "isTemplate": false,
    "count": 0,
    "updated": 1538195330
  },
  {
    "id": "d86cc5f3-242f-4312-b942-a537c3758226",
    "data": [
      {
        "text": "Nein, das ist alles",
        "userDefined": false
      }
    ],
    "isTemplate": false,
    "count": 0,
    "updated": 1538195330
  },
  {
    "id": "9dbdaf97-887a-428b-9854-3326c0e2371d",
    "data": [
      {
        "text": "Auf Wiedersehen",
        "userDefined": false
      }
    ],
    "isTemplate": false,
    "count": 0,
    "updated": 1538195330
  },
  {
    "id": "f618bc46-642a-4e3b-9d83-88eccba37159",
    "data": [
      {
        "text": "Nein, ich bin fertig",
        "userDefined": false
      }
    ],
    "isTemplate": false,
    "count": 0,
    "updated": 1538195330
  },
  {
    "id": "22759f21-6c26-470d-a70a-fdba08178763",
    "data": [
      {
        "text": "Fertig",
        "userDefined": false
      }
    ],
    "isTemplate": false,
    "count": 1,
    "updated": 1538195330
  },
  {
    "id": "1e55822b-e8ae-4973-919f-65ca8231b825",
    "data": [
      {
        "text": "Ciao",
        "userDefined": false
      }
    ],
    "isTemplate": false,
    "count": 0,
    "updated": 1538195330
  },
  {
    "id": "7ff2a1bb-3e8e-4805-9366-ea160460df5b",
    "data": [
      {
        "text": "Gib mir den Google Assistant",
        "userDefined": false
      }
    ],
    "isTemplate": false,
    "count": 1,
    "updated": 1538195330
  },
  {
    "id": "e26b2974-9fbd-4821-8362-36073dd3a51b",
    "data": [
      {
        "text": "Tschüss",
        "userDefined": false
      }
    ],
    "isTemplate": false,
    "count": 0,
    "updated": 1538195330
  }
]