[
  {
    "id": "496ce0c3-6344-4c9d-85cc-d1c8f5e3fbaa",
    "data": [
      {
        "text": "fim",
        "userDefined": false
      }
    ],
    "isTemplate": false,
    "count": 0
  },
  {
    "id": "779d0889-2566-485d-8a0a-86de491accb6",
    "data": [
      {
        "text": "Acabei",
        "userDefined": false
      }
    ],
    "isTemplate": false,
    "count": 0
  },
  {
    "id": "98f86601-71b7-4d43-bf2a-4140a4b41243",
    "data": [
      {
        "text": "tchau",
        "userDefined": false
      }
    ],
    "isTemplate": false,
    "count": 0
  },
  {
    "id": "330500a8-f4e4-4dc4-926a-9e907066349f",
    "data": [
      {
        "text": "parar",
        "userDefined": false
      }
    ],
    "isTemplate": false,
    "count": 0
  },
  {
    "id": "4bfc24a8-a9dc-4649-9356-f027ec611d10",
    "data": [
      {
        "text": "não, estou pronto",
        "userDefined": false
      }
    ],
    "isTemplate": false,
    "count": 0
  },
  {
    "id": "eb0e073e-4914-464f-b253-27914db36dea",
    "data": [
      {
        "text": "não",
        "userDefined": false
      }
    ],
    "isTemplate": false,
    "count": 0
  },
  {
    "id": "8a7a0a8f-f8b5-4b59-be55-78b067626c02",
    "data": [
      {
        "text": "no",
        "userDefined": false
      }
    ],
    "isTemplate": false,
    "count": 0
  },
  {
    "id": "878aacf7-0f6e-478c-a027-26f82331ecbf",
    "data": [
      {
        "text": "Quer falar com",
        "meta": "@sys.ignore",
        "userDefined": false
      },
      {
        "text": " o Google",
        "userDefined": false
      }
    ],
    "isTemplate": false,
    "count": 0
  },
  {
    "id": "ab2dcb72-1fc3-4457-8e97-9c4c94a2ffe3",
    "data": [
      {
        "text": "Não, só isso.",
        "userDefined": false
      }
    ],
    "isTemplate": false,
    "count": 0
  },
  {
    "id": "6a60b441-01c7-46cd-a86f-a334228f357a",
    "data": [
      {
        "text": "Me passe para o Google Assistant",
        "userDefined": false
      }
    ],
    "isTemplate": false,
    "count": 1
  },
  {
    "id": "e5acfb4a-f3a6-4377-9df6-23c54d30e9be",
    "data": [
      {
        "text": "Até logo",
        "userDefined": false
      }
    ],
    "isTemplate": false,
    "count": 0
  },
  {
    "id": "3a4b8b70-eab9-4f37-9725-56a0023837a5",
    "data": [
      {
        "text": "Google Assistente",
        "userDefined": false
      }
    ],
    "isTemplate": false,
    "count": 0
  },
  {
    "id": "f9dfc4a1-bf7c-4f19-acd0-06e1f38a9a6e",
    "data": [
      {
        "text": "sair",
        "userDefined": false
      }
    ],
    "isTemplate": false,
    "count": 0
  },
  {
    "id": "fffb378a-58aa-4cc9-b79b-28d852784a05",
    "data": [
      {
        "text": "não, obrigado",
        "userDefined": false
      }
    ],
    "isTemplate": false,
    "count": 0
  },
  {
    "id": "097a2959-a4f0-458e-95cf-f07381d12e69",
    "data": [
      {
        "text": "Até mais",
        "userDefined": false
      }
    ],
    "isTemplate": false,
    "count": 0
  },
  {
    "id": "1ed33e09-84d0-43a7-84d2-9816edddae5f",
    "data": [
      {
        "text": "pronto",
        "userDefined": false
      }
    ],
    "isTemplate": false,
    "count": 0
  }
]