[
  {
    "id": "015cabf7-22f2-4064-8ac4-b951d67813f3",
    "data": [
      {
        "text": "no",
        "userDefined": false
      }
    ],
    "isTemplate": false,
    "count": 0
  },
  {
    "id": "8a490a75-ba7b-4e42-b302-0f1cf1760d56",
    "data": [
      {
        "text": "não",
        "userDefined": false
      }
    ],
    "isTemplate": false,
    "count": 0
  },
  {
    "id": "94708b8c-91b9-4b40-8140-74a2602875d5",
    "data": [
      {
        "text": "não, obrigado",
        "userDefined": false
      }
    ],
    "isTemplate": false,
    "count": 0
  },
  {
    "id": "9c0f3786-4971-4509-9331-c6752e71bb27",
    "data": [
      {
        "text": "Acabei",
        "userDefined": false
      }
    ],
    "isTemplate": false,
    "count": 0
  },
  {
    "id": "de5032c5-1d6b-4521-8388-e47d811ca090",
    "data": [
      {
        "text": "parar",
        "userDefined": false
      }
    ],
    "isTemplate": false,
    "count": 0
  },
  {
    "id": "d179a104-a203-48b1-aed9-c80704ed2858",
    "data": [
      {
        "text": "fim",
        "userDefined": false
      }
    ],
    "isTemplate": false,
    "count": 0
  },
  {
    "id": "920cbde4-d24e-473c-9cf9-1b806466e511",
    "data": [
      {
        "text": "Quer falar com",
        "meta": "@sys.ignore",
        "userDefined": false
      },
      {
        "text": " o Google",
        "userDefined": false
      }
    ],
    "isTemplate": false,
    "count": 0
  },
  {
    "id": "2e445d4d-881e-4a8c-a967-d0719a95d1bf",
    "data": [
      {
        "text": "Google Assistente",
        "userDefined": false
      }
    ],
    "isTemplate": false,
    "count": 0
  },
  {
    "id": "ad7900ce-24b4-4038-8a9f-a748672eddf7",
    "data": [
      {
        "text": "Não, só isso.",
        "userDefined": false
      }
    ],
    "isTemplate": false,
    "count": 0
  },
  {
    "id": "fa1eef76-d66c-45ee-8d2c-821e7a745011",
    "data": [
      {
        "text": "Até mais",
        "userDefined": false
      }
    ],
    "isTemplate": false,
    "count": 0
  },
  {
    "id": "8581b140-6e57-4fd8-8eef-94dfd1996d4e",
    "data": [
      {
        "text": "não, estou pronto",
        "userDefined": false
      }
    ],
    "isTemplate": false,
    "count": 0
  },
  {
    "id": "7ceb6954-9614-47fc-9a02-686c78943219",
    "data": [
      {
        "text": "pronto",
        "userDefined": false
      }
    ],
    "isTemplate": false,
    "count": 0
  },
  {
    "id": "7a40bbcc-708c-4f1c-96a8-afe3f5de3d97",
    "data": [
      {
        "text": "sair",
        "userDefined": false
      }
    ],
    "isTemplate": false,
    "count": 0
  },
  {
    "id": "e38b8dd2-9558-4dae-b167-14fe9ea10af3",
    "data": [
      {
        "text": "tchau",
        "userDefined": false
      }
    ],
    "isTemplate": false,
    "count": 0
  },
  {
    "id": "3e324d33-fce1-4830-b4ef-03032222a9bd",
    "data": [
      {
        "text": "Me passe para o Google Assistant",
        "userDefined": false
      }
    ],
    "isTemplate": false,
    "count": 1
  },
  {
    "id": "b8cc9dfe-6a07-46da-a30f-51440c16fb5c",
    "data": [
      {
        "text": "Até logo",
        "userDefined": false
      }
    ],
    "isTemplate": false,
    "count": 0
  }
]