[
  {
    "id": "120dc1fe-10ef-4cb2-ad87-c15b8bf36d8a",
    "data": [
      {
        "text": "no, gracias",
        "userDefined": false
      }
    ],
    "isTemplate": false,
    "count": 0
  },
  {
    "id": "e0adc1b7-a884-4edb-9843-edfe7ad38e11",
    "data": [
      {
        "text": "no, eso es todo",
        "userDefined": false
      }
    ],
    "isTemplate": false,
    "count": 0,
    "updated": 1536944831
  },
  {
    "id": "460b8667-d0c8-4460-b8bf-927318703d80",
    "data": [
      {
        "text": "he acabado",
        "userDefined": false
      }
    ],
    "isTemplate": false,
    "count": 0,
    "updated": 1536944831
  },
  {
    "id": "848bea25-b476-4696-80d2-c018fea84e98",
    "data": [
      {
        "text": "dame Google Assistant",
        "userDefined": false
      }
    ],
    "isTemplate": false,
    "count": 0,
    "updated": 1536944831
  },
  {
    "id": "9c435cbe-fb5e-4a65-a089-b3b47d4836d0",
    "data": [
      {
        "text": "quiero hablar con Google",
        "userDefined": false
      }
    ],
    "isTemplate": false,
    "count": 0,
    "updated": 1536944831
  },
  {
    "id": "f5e8f8df-4c3b-44da-9469-47a9f8fc7174",
    "data": [
      {
        "text": "no",
        "userDefined": false
      }
    ],
    "isTemplate": false,
    "count": 0
  },
  {
    "id": "a0774dfd-bcbf-486e-a2a5-0b1aa33d6016",
    "data": [
      {
        "text": "termina",
        "userDefined": false
      }
    ],
    "isTemplate": false,
    "count": 0,
    "updated": 1536944831
  },
  {
    "id": "b4c9270d-0d1b-4571-b5a8-2efa2743fd72",
    "data": [
      {
        "text": "Adiós",
        "userDefined": false
      }
    ],
    "isTemplate": false,
    "count": 0,
    "updated": 1533922465
  },
  {
    "id": "0da76afb-8c2b-4472-9435-cee67b2dfcc8",
    "data": [
      {
        "text": "salida",
        "meta": "@sys.ignore",
        "userDefined": false
      }
    ],
    "isTemplate": false,
    "count": 0,
    "updated": 1536944831
  },
  {
    "id": "d1235333-e96d-4be5-9ce9-0a3f1896bea2",
    "data": [
      {
        "text": "termine",
        "userDefined": false
      }
    ],
    "isTemplate": false,
    "count": 0,
    "updated": 1536944831
  },
  {
    "id": "1dd05453-1dc5-40e3-b7fd-791f5576c32d",
    "data": [
      {
        "text": "ciao",
        "userDefined": false
      }
    ],
    "isTemplate": false,
    "count": 0,
    "updated": 1536944831
  },
  {
    "id": "86faf1ac-4faa-43ed-b50c-1df00679f649",
    "data": [
      {
        "text": "he terminado",
        "userDefined": false
      }
    ],
    "isTemplate": false,
    "count": 0,
    "updated": 1536944831
  },
  {
    "id": "a7bbf687-a4f2-4679-8c62-49a5ec63449c",
    "data": [
      {
        "text": "para",
        "userDefined": false
      }
    ],
    "isTemplate": false,
    "count": 0,
    "updated": 1536944831
  }
]