[
  {
    "id": "075d0195-cab9-42c8-82ae-82cdd85ce32b",
    "data": [
      {
        "text": "Ich möchte mit Google sprechen",
        "userDefined": false
      }
    ],
    "isTemplate": false,
    "count": 0,
    "updated": 1538195330
  },
  {
    "id": "aa11e7fb-1f51-42b8-bfea-653c284d9774",
    "data": [
      {
        "text": "Ende",
        "userDefined": false
      }
    ],
    "isTemplate": false,
    "count": 0,
    "updated": 1538195330
  },
  {
    "id": "c94d1da2-776a-4e21-ab4d-2c96fbdd8279",
    "data": [
      {
        "text": "Nein Danke",
        "userDefined": false
      }
    ],
    "isTemplate": false,
    "count": 0
  },
  {
    "id": "9978a27d-1cdd-463d-876d-eed991c4929f",
    "data": [
      {
        "text": "Google Assistant",
        "userDefined": false
      }
    ],
    "isTemplate": false,
    "count": 0,
    "updated": 1538195330
  },
  {
    "id": "7f6599e4-53a0-4cbd-96f3-e5de7ce93774",
    "data": [
      {
        "text": "Stop",
        "userDefined": false
      }
    ],
    "isTemplate": false,
    "count": 0,
    "updated": 1538195330
  },
  {
    "id": "ec9ef3c6-bf3e-41a7-807a-f1c5a1682862",
    "data": [
      {
        "text": "Nein, ich bin fertig",
        "userDefined": false
      }
    ],
    "isTemplate": false,
    "count": 0,
    "updated": 1538195330
  },
  {
    "id": "5961b80c-f283-4f71-99aa-2132f7311a8d",
    "data": [
      {
        "text": "Auf Wiedersehen",
        "userDefined": false
      }
    ],
    "isTemplate": false,
    "count": 0,
    "updated": 1538195330
  },
  {
    "id": "ab6a4b2d-4a40-472f-a337-e886d4cbee7d",
    "data": [
      {
        "text": "Tschüss",
        "userDefined": false
      }
    ],
    "isTemplate": false,
    "count": 0,
    "updated": 1538195330
  },
  {
    "id": "d66a7fad-080c-415f-a5b2-4149f17a2478",
    "data": [
      {
        "text": "Ciao",
        "userDefined": false
      }
    ],
    "isTemplate": false,
    "count": 0,
    "updated": 1538195330
  },
  {
    "id": "ed03e9b2-be7b-45d2-8a82-656b45cd4176",
    "data": [
      {
        "text": "Fertig",
        "userDefined": false
      }
    ],
    "isTemplate": false,
    "count": 1,
    "updated": 1538195330
  },
  {
    "id": "4e5e2ae7-0e14-4b49-af2a-c465972841f4",
    "data": [
      {
        "text": "Nein, das ist alles",
        "userDefined": false
      }
    ],
    "isTemplate": false,
    "count": 0,
    "updated": 1538195330
  },
  {
    "id": "da241635-aa15-4396-b90e-7fd628594df9",
    "data": [
      {
        "text": "Nein",
        "userDefined": false
      }
    ],
    "isTemplate": false,
    "count": 0
  },
  {
    "id": "432bcd57-478d-4a85-a269-c624c0f92d4a",
    "data": [
      {
        "text": "Ich bin fertig",
        "userDefined": false
      }
    ],
    "isTemplate": false,
    "count": 0,
    "updated": 1538195330
  },
  {
    "id": "69bd56b3-767a-4653-b959-65bbd14417b0",
    "data": [
      {
        "text": "Gib mir den Google Assistant",
        "userDefined": false
      }
    ],
    "isTemplate": false,
    "count": 1,
    "updated": 1538195330
  }
]