[
  {
    "id": "55a8d8ab-687c-4c03-87c7-8e81c377381b",
    "data": [
      {
        "text": "終了します。",
        "userDefined": false
      }
    ],
    "isTemplate": false,
    "count": 0,
    "updated": 1538583856
  },
  {
    "id": "954ff2d7-ed4e-40cf-bfa8-d5e76985b25f",
    "data": [
      {
        "text": "さようなら。",
        "userDefined": false
      }
    ],
    "isTemplate": false,
    "count": 0,
    "updated": 1538583856
  },
  {
    "id": "b16ad57a-afad-4c83-a44e-db2afe26b78b",
    "data": [
      {
        "text": "ありません。",
        "userDefined": false
      }
    ],
    "isTemplate": false,
    "count": 0,
    "updated": 1538583856
  },
  {
    "id": "c54e0fc1-61e7-411a-99b7-b62ec4839932",
    "data": [
      {
        "text": "Googleアシスタントに戻ります。",
        "userDefined": false
      }
    ],
    "isTemplate": false,
    "count": 0,
    "updated": 1538583856
  },
  {
    "id": "9fe3bc66-5ea6-45ef-a070-3f2f2fd23f47",
    "data": [
      {
        "text": "バイバイ。",
        "userDefined": false
      }
    ],
    "isTemplate": false,
    "count": 0,
    "updated": 1538583856
  },
  {
    "id": "ce09a378-b442-431c-aae6-c7170888ef27",
    "data": [
      {
        "text": "やめる。",
        "userDefined": false
      }
    ],
    "isTemplate": false,
    "count": 0,
    "updated": 1538583856
  },
  {
    "id": "5095daf1-a255-46f7-8b61-61b1ec92d751",
    "data": [
      {
        "text": "終わります。",
        "userDefined": false
      }
    ],
    "isTemplate": false,
    "count": 0,
    "updated": 1538583856
  },
  {
    "id": "7c64ad2b-2dbf-40b9-b62c-9d2f72caa5d9",
    "data": [
      {
        "text": "Googleアシスタントと話したい。",
        "userDefined": false
      }
    ],
    "isTemplate": false,
    "count": 0,
    "updated": 1538583856
  },
  {
    "id": "5e104fbf-638d-4389-95ae-96c26613bb74",
    "data": [
      {
        "text": "結構です",
        "userDefined": false
      }
    ],
    "isTemplate": false,
    "count": 0
  },
  {
    "id": "9f1ca286-2ef8-489b-90c4-6ff978d5c339",
    "data": [
      {
        "text": "いいえ",
        "userDefined": false
      }
    ],
    "isTemplate": false,
    "count": 0
  },
  {
    "id": "0ea7cc92-4071-4e8f-8a4a-ebd5e60be632",
    "data": [
      {
        "text": "終了。",
        "userDefined": false
      }
    ],
    "isTemplate": false,
    "count": 0,
    "updated": 1538583856
  },
  {
    "id": "499f93b2-060a-4379-b718-e1278c6de9f9",
    "data": [
      {
        "text": "Googleアシスタント",
        "userDefined": false
      }
    ],
    "isTemplate": false,
    "count": 0,
    "updated": 1538583856
  },
  {
    "id": "a86f55cf-5786-47f8-9d77-7ff06769730a",
    "data": [
      {
        "text": "終わる。",
        "userDefined": false
      }
    ],
    "isTemplate": false,
    "count": 0,
    "updated": 1538583856
  },
  {
    "id": "7c686f3e-3ac1-4334-9357-c6bdf43479c0",
    "data": [
      {
        "text": "抜けます。",
        "userDefined": false
      }
    ],
    "isTemplate": false,
    "count": 0,
    "updated": 1538583856
  },
  {
    "id": "d2a55ea1-4cfb-4537-b21b-951f8479364a",
    "data": [
      {
        "text": "ストップ。",
        "userDefined": false
      }
    ],
    "isTemplate": false,
    "count": 0,
    "updated": 1538583856
  },
  {
    "id": "029ce27a-ee04-4948-b622-7e8253475ac7",
    "data": [
      {
        "text": "じゃあね。",
        "userDefined": false
      }
    ],
    "isTemplate": false,
    "count": 0,
    "updated": 1538583856
  }
]