[
  {
    "id": "1ccae27c-be92-405f-bc5a-320dfd6df4aa",
    "data": [
      {
        "text": "Ich bin fertig",
        "userDefined": false
      }
    ],
    "isTemplate": false,
    "count": 0,
    "updated": 1538195330
  },
  {
    "id": "b3706a57-0839-4807-9226-ec4cf7a62533",
    "data": [
      {
        "text": "Stop",
        "userDefined": false
      }
    ],
    "isTemplate": false,
    "count": 0,
    "updated": 1538195330
  },
  {
    "id": "e3777d09-45a9-412f-8b28-46737d7511be",
    "data": [
      {
        "text": "Ende",
        "userDefined": false
      }
    ],
    "isTemplate": false,
    "count": 0,
    "updated": 1538195330
  },
  {
    "id": "8fa44cd6-1c24-4a7b-9975-8d98ec9b55c2",
    "data": [
      {
        "text": "Ich möchte mit Google sprechen",
        "userDefined": false
      }
    ],
    "isTemplate": false,
    "count": 0,
    "updated": 1538195330
  },
  {
    "id": "d55ec0bd-fe3c-4f83-a3f0-21bfa0a880eb",
    "data": [
      {
        "text": "Google Assistant",
        "userDefined": false
      }
    ],
    "isTemplate": false,
    "count": 0,
    "updated": 1538195330
  },
  {
    "id": "ee9f8659-70f8-4ed8-b085-1c6e3e7dac6a",
    "data": [
      {
        "text": "Nein, das ist alles",
        "userDefined": false
      }
    ],
    "isTemplate": false,
    "count": 0,
    "updated": 1538195330
  },
  {
    "id": "dc3c3b1e-48dd-4be4-b13e-b145a1b28fdf",
    "data": [
      {
        "text": "Auf Wiedersehen",
        "userDefined": false
      }
    ],
    "isTemplate": false,
    "count": 0,
    "updated": 1538195330
  },
  {
    "id": "bceeda62-e056-4d12-94c2-929d145fedd2",
    "data": [
      {
        "text": "Nein, ich bin fertig",
        "userDefined": false
      }
    ],
    "isTemplate": false,
    "count": 0,
    "updated": 1538195330
  },
  {
    "id": "93780eba-f853-4a56-be6b-123b1141b2de",
    "data": [
      {
        "text": "Fertig",
        "userDefined": false
      }
    ],
    "isTemplate": false,
    "count": 1,
    "updated": 1538195330
  },
  {
    "id": "c75650a0-29f8-435d-a9c3-e770f9944654",
    "data": [
      {
        "text": "Ciao",
        "userDefined": false
      }
    ],
    "isTemplate": false,
    "count": 0,
    "updated": 1538195330
  },
  {
    "id": "c1ebd164-ef67-4936-a801-5fd2173cf5ef",
    "data": [
      {
        "text": "Gib mir den Google Assistant",
        "userDefined": false
      }
    ],
    "isTemplate": false,
    "count": 1,
    "updated": 1538195330
  },
  {
    "id": "df62bef0-cb11-4b89-a75f-4b8e848c1bdf",
    "data": [
      {
        "text": "Tschüss",
        "userDefined": false
      }
    ],
    "isTemplate": false,
    "count": 0,
    "updated": 1538195330
  }
]