[
  {
    "id": "803d74fe-8607-40a2-9dc7-5bc1592fb5a1",
    "data": [
      {
        "text": "he terminado",
        "userDefined": false
      }
    ],
    "isTemplate": false,
    "count": 0,
    "updated": 1536944831
  },
  {
    "id": "f5cef291-c1f1-499f-a27e-988a0d4a4232",
    "data": [
      {
        "text": "para",
        "userDefined": false
      }
    ],
    "isTemplate": false,
    "count": 0,
    "updated": 1536944831
  },
  {
    "id": "0d4344d8-d0c9-4e55-b39f-f1f2bf340600",
    "data": [
      {
        "text": "termina",
        "userDefined": false
      }
    ],
    "isTemplate": false,
    "count": 0,
    "updated": 1536944831
  },
  {
    "id": "06dfd38c-43c6-4cfc-bb21-4bfbc5e24cb2",
    "data": [
      {
        "text": "quiero hablar con Google",
        "userDefined": false
      }
    ],
    "isTemplate": false,
    "count": 0,
    "updated": 1536944831
  },
  {
    "id": "71082610-3c33-467e-a523-10cdd8bd550d",
    "data": [
      {
        "text": "no, eso es todo",
        "userDefined": false
      }
    ],
    "isTemplate": false,
    "count": 0,
    "updated": 1536944831
  },
  {
    "id": "8226d210-6f02-47e5-b408-1082e452dd46",
    "data": [
      {
        "text": "termine",
        "userDefined": false
      }
    ],
    "isTemplate": false,
    "count": 0,
    "updated": 1536944831
  },
  {
    "id": "b914dda7-6cd2-4b7d-a0e1-68d322da858b",
    "data": [
      {
        "text": "salida",
        "meta": "@sys.ignore",
        "userDefined": false
      }
    ],
    "isTemplate": false,
    "count": 0,
    "updated": 1536944831
  },
  {
    "id": "e6ec287a-cb5f-44e9-b929-f86f387006e1",
    "data": [
      {
        "text": "ciao",
        "userDefined": false
      }
    ],
    "isTemplate": false,
    "count": 0,
    "updated": 1536944831
  },
  {
    "id": "25c5bd40-97d3-46a9-8ae0-65ce2d07712d",
    "data": [
      {
        "text": "dame Google Assistant",
        "userDefined": false
      }
    ],
    "isTemplate": false,
    "count": 0,
    "updated": 1536944831
  },
  {
    "id": "94d693cc-6a4a-4877-8f8d-8d373385e7bb",
    "data": [
      {
        "text": "he acabado",
        "userDefined": false
      }
    ],
    "isTemplate": false,
    "count": 0,
    "updated": 1536944831
  },
  {
    "id": "58df0ce2-988e-448c-bfde-16bda308beae",
    "data": [
      {
        "text": "Adiós",
        "userDefined": false
      }
    ],
    "isTemplate": false,
    "count": 0,
    "updated": 1533922465
  }
]