[
  {
    "id": "e7688e0e-a2e6-4967-a3ff-c6ff2c4215ac",
    "data": [
      {
        "text": "görüşürüz",
        "userDefined": false
      }
    ],
    "isTemplate": false,
    "count": 0
  },
  {
    "id": "e9f29b3a-ee99-4d87-8056-354871f2df0d",
    "data": [
      {
        "text": "güler güle",
        "userDefined": false
      }
    ],
    "isTemplate": false,
    "count": 0
  },
  {
    "id": "d2895109-cfec-4468-ac2f-57b58dc53cd7",
    "data": [
      {
        "text": "google asistan",
        "userDefined": false
      }
    ],
    "isTemplate": false,
    "count": 0
  },
  {
    "id": "4ec87801-f548-4905-8a35-4c964978f159",
    "data": [
      {
        "text": "işim bitti",
        "userDefined": false
      }
    ],
    "isTemplate": false,
    "count": 0
  },
  {
    "id": "9458f2dd-85e9-448b-86b8-6cf2e3090c49",
    "data": [
      {
        "text": "çık",
        "userDefined": false
      }
    ],
    "isTemplate": false,
    "count": 0
  },
  {
    "id": "9726ceed-ab17-42a1-b31a-0ca2d0a071ee",
    "data": [
      {
        "text": "hayır teşekkürler",
        "userDefined": false
      }
    ],
    "isTemplate": false,
    "count": 0
  },
  {
    "id": "808035be-e1fc-4776-8a39-e2172a0bee7f",
    "data": [
      {
        "text": "yeter",
        "userDefined": false
      }
    ],
    "isTemplate": false,
    "count": 0
  },
  {
    "id": "f5f6f75c-8ba3-416a-b360-1c36588dee68",
    "data": [
      {
        "text": "bitirdim",
        "userDefined": false
      }
    ],
    "isTemplate": false,
    "count": 0
  },
  {
    "id": "05525a82-c507-465c-b034-bc68f1353a7a",
    "data": [
      {
        "text": "hayır işim bitti",
        "userDefined": false
      }
    ],
    "isTemplate": false,
    "count": 0
  },
  {
    "id": "6c1b4a50-a943-4209-906a-33ce70f44a11",
    "data": [
      {
        "text": "bitir",
        "userDefined": false
      }
    ],
    "isTemplate": false,
    "count": 0
  },
  {
    "id": "0c38d156-3703-4778-8611-62a8b900ec85",
    "data": [
      {
        "text": "dur",
        "userDefined": false
      }
    ],
    "isTemplate": false,
    "count": 0
  },
  {
    "id": "5228452e-77b1-44aa-9033-d5a89d4fa9f0",
    "data": [
      {
        "text": "hayır yeter",
        "userDefined": false
      }
    ],
    "isTemplate": false,
    "count": 0
  },
  {
    "id": "57521023-6ec1-416f-bb68-dd314ff8d99b",
    "data": [
      {
        "text": "google asistanı ver",
        "userDefined": false
      }
    ],
    "isTemplate": false,
    "count": 0
  },
  {
    "id": "950d0ad0-2cdc-449e-b440-0ec81b737d49",
    "data": [
      {
        "text": "hoşça kal",
        "userDefined": false
      }
    ],
    "isTemplate": false,
    "count": 0
  },
  {
    "id": "1262110f-ab9b-453e-93a2-e4605592f229",
    "data": [
      {
        "text": "google ile konuşmak istiyorum",
        "userDefined": false
      }
    ],
    "isTemplate": false,
    "count": 0
  }
]