[
  {
    "id": "8e001525-88c0-4787-b4aa-3087ad2c48dd",
    "data": [
      {
        "text": "hayır teşekkürler",
        "userDefined": false
      }
    ],
    "isTemplate": false,
    "count": 0
  },
  {
    "id": "d4342878-05b1-4abc-bc1e-bf5ab6be1894",
    "data": [
      {
        "text": "bitirdim",
        "userDefined": false
      }
    ],
    "isTemplate": false,
    "count": 0
  },
  {
    "id": "194399d8-0ba0-47de-9d07-87808a760141",
    "data": [
      {
        "text": "dur",
        "userDefined": false
      }
    ],
    "isTemplate": false,
    "count": 0
  },
  {
    "id": "630b7836-dc16-42b4-ae39-184abf540a22",
    "data": [
      {
        "text": "bitir",
        "userDefined": false
      }
    ],
    "isTemplate": false,
    "count": 0
  },
  {
    "id": "5d5ea89c-81cf-4592-b2e5-751912b9c592",
    "data": [
      {
        "text": "google ile konuşmak istiyorum",
        "userDefined": false
      }
    ],
    "isTemplate": false,
    "count": 0
  },
  {
    "id": "65cd0e80-e83b-4446-8add-b81b243304d8",
    "data": [
      {
        "text": "google asistan",
        "userDefined": false
      }
    ],
    "isTemplate": false,
    "count": 0
  },
  {
    "id": "778fe94e-2659-4479-8c88-789e68691248",
    "data": [
      {
        "text": "hayır yeter",
        "userDefined": false
      }
    ],
    "isTemplate": false,
    "count": 0
  },
  {
    "id": "3bdb92fd-a4c2-4ad4-8311-219c896ff2dd",
    "data": [
      {
        "text": "güler güle",
        "userDefined": false
      }
    ],
    "isTemplate": false,
    "count": 0
  },
  {
    "id": "568f0741-e12c-4da3-9337-a0af0843a1f8",
    "data": [
      {
        "text": "hayır işim bitti",
        "userDefined": false
      }
    ],
    "isTemplate": false,
    "count": 0
  },
  {
    "id": "a4531401-de12-40f2-b46c-7b994e203abe",
    "data": [
      {
        "text": "yeter",
        "userDefined": false
      }
    ],
    "isTemplate": false,
    "count": 0
  },
  {
    "id": "c847582d-cea4-4bc7-b9a3-a1da1ff979ef",
    "data": [
      {
        "text": "çık",
        "userDefined": false
      }
    ],
    "isTemplate": false,
    "count": 0
  },
  {
    "id": "15985ad9-8873-477a-a6cd-66cea78720cb",
    "data": [
      {
        "text": "görüşürüz",
        "userDefined": false
      }
    ],
    "isTemplate": false,
    "count": 0
  },
  {
    "id": "852f3aee-5d9a-4781-973d-573c85b7eb8b",
    "data": [
      {
        "text": "google asistanı ver",
        "userDefined": false
      }
    ],
    "isTemplate": false,
    "count": 0
  },
  {
    "id": "a5636a99-8e62-49cc-bb90-0e545ed4c83d",
    "data": [
      {
        "text": "işim bitti",
        "userDefined": false
      }
    ],
    "isTemplate": false,
    "count": 0
  },
  {
    "id": "1d81fac2-cfa0-4b29-92c7-c5ec45c119b6",
    "data": [
      {
        "text": "hoşça kal",
        "userDefined": false
      }
    ],
    "isTemplate": false,
    "count": 0
  }
]