[
  {
    "id": "a9f6d2dc-17da-4881-9dc7-491a29e9f1d7",
    "data": [
      {
        "text": "he terminado",
        "userDefined": false
      }
    ],
    "isTemplate": false,
    "count": 0,
    "updated": 1536944831
  },
  {
    "id": "55964898-9f11-47f3-8fbe-7f5b3c93a744",
    "data": [
      {
        "text": "para",
        "userDefined": false
      }
    ],
    "isTemplate": false,
    "count": 0,
    "updated": 1536944831
  },
  {
    "id": "e2a6da80-d8b2-4a73-b04d-d1eec5b3c154",
    "data": [
      {
        "text": "termina",
        "userDefined": false
      }
    ],
    "isTemplate": false,
    "count": 0,
    "updated": 1536944831
  },
  {
    "id": "f0efdef6-05c7-4c06-9ab1-a33d9cdaad01",
    "data": [
      {
        "text": "quiero hablar con Google",
        "userDefined": false
      }
    ],
    "isTemplate": false,
    "count": 0,
    "updated": 1536944831
  },
  {
    "id": "459b8274-5a10-44b4-925f-179a48af0f11",
    "data": [
      {
        "text": "no, eso es todo",
        "userDefined": false
      }
    ],
    "isTemplate": false,
    "count": 0,
    "updated": 1536944831
  },
  {
    "id": "a1d9e4a2-f3bc-40fb-adba-85e919d6a823",
    "data": [
      {
        "text": "termine",
        "userDefined": false
      }
    ],
    "isTemplate": false,
    "count": 0,
    "updated": 1536944831
  },
  {
    "id": "2c8892e2-9810-4ec0-bcb4-afffe5973d77",
    "data": [
      {
        "text": "salida",
        "meta": "@sys.ignore",
        "userDefined": false
      }
    ],
    "isTemplate": false,
    "count": 0,
    "updated": 1536944831
  },
  {
    "id": "c0f74a0f-c3f2-4e08-b3fe-a291747b9174",
    "data": [
      {
        "text": "ciao",
        "userDefined": false
      }
    ],
    "isTemplate": false,
    "count": 0,
    "updated": 1536944831
  },
  {
    "id": "677c1fba-11f4-4a41-bff8-b0619578f9c6",
    "data": [
      {
        "text": "dame Google Assistant",
        "userDefined": false
      }
    ],
    "isTemplate": false,
    "count": 0,
    "updated": 1536944831
  },
  {
    "id": "d48a3878-75b4-466c-9cea-5761a95d1660",
    "data": [
      {
        "text": "he acabado",
        "userDefined": false
      }
    ],
    "isTemplate": false,
    "count": 0,
    "updated": 1536944831
  },
  {
    "id": "1613a2e2-0a44-445a-8ea0-63decf26913b",
    "data": [
      {
        "text": "Adiós",
        "userDefined": false
      }
    ],
    "isTemplate": false,
    "count": 0,
    "updated": 1533922465
  }
]