[
  {
    "id": "39d4eeb6-db7c-40eb-8f1f-e02fca18e635",
    "data": [
      {
        "text": "hayır teşekkürler",
        "userDefined": false
      }
    ],
    "isTemplate": false,
    "count": 0
  },
  {
    "id": "f600b60e-9ae9-4aab-b535-16fc01dd283f",
    "data": [
      {
        "text": "bitirdim",
        "userDefined": false
      }
    ],
    "isTemplate": false,
    "count": 0
  },
  {
    "id": "c9b94141-8a00-4338-99c8-2ae43ac14abf",
    "data": [
      {
        "text": "dur",
        "userDefined": false
      }
    ],
    "isTemplate": false,
    "count": 0
  },
  {
    "id": "c5db0520-ebd5-429c-9f38-93696893f9c2",
    "data": [
      {
        "text": "bitir",
        "userDefined": false
      }
    ],
    "isTemplate": false,
    "count": 0
  },
  {
    "id": "4ce489ef-00e6-44e5-bdbe-bbd620558b95",
    "data": [
      {
        "text": "google ile konuşmak istiyorum",
        "userDefined": false
      }
    ],
    "isTemplate": false,
    "count": 0
  },
  {
    "id": "b0c04e47-3f7a-4a0d-81b5-32cf19a4ff32",
    "data": [
      {
        "text": "google asistan",
        "userDefined": false
      }
    ],
    "isTemplate": false,
    "count": 0
  },
  {
    "id": "868c68d2-09dc-4330-8bbf-7a22f37e8af7",
    "data": [
      {
        "text": "hayır yeter",
        "userDefined": false
      }
    ],
    "isTemplate": false,
    "count": 0
  },
  {
    "id": "cf698499-b467-4d14-be00-05f14e308e18",
    "data": [
      {
        "text": "güler güle",
        "userDefined": false
      }
    ],
    "isTemplate": false,
    "count": 0
  },
  {
    "id": "3bb7a985-b827-4caf-ae74-31d4140fa9b5",
    "data": [
      {
        "text": "hayır işim bitti",
        "userDefined": false
      }
    ],
    "isTemplate": false,
    "count": 0
  },
  {
    "id": "9111681a-0519-4287-a993-c460c32c8250",
    "data": [
      {
        "text": "yeter",
        "userDefined": false
      }
    ],
    "isTemplate": false,
    "count": 0
  },
  {
    "id": "efd47a61-b062-45a0-97f0-408c0ddfc89f",
    "data": [
      {
        "text": "çık",
        "userDefined": false
      }
    ],
    "isTemplate": false,
    "count": 0
  },
  {
    "id": "a26ada9f-fd79-4e27-a227-3c0a531cd844",
    "data": [
      {
        "text": "görüşürüz",
        "userDefined": false
      }
    ],
    "isTemplate": false,
    "count": 0
  },
  {
    "id": "513112cd-2daf-4ac7-80e6-f3d108b20cbd",
    "data": [
      {
        "text": "google asistanı ver",
        "userDefined": false
      }
    ],
    "isTemplate": false,
    "count": 0
  },
  {
    "id": "76bc8918-2dbc-4227-8e20-6a2f906c2894",
    "data": [
      {
        "text": "işim bitti",
        "userDefined": false
      }
    ],
    "isTemplate": false,
    "count": 0
  },
  {
    "id": "d0b3f532-80e4-4d7c-835b-c888a000c486",
    "data": [
      {
        "text": "hoşça kal",
        "userDefined": false
      }
    ],
    "isTemplate": false,
    "count": 0
  }
]