[
  {
    "id": "a7877a35-ef57-4207-891d-51cb520fd0eb",
    "data": [
      {
        "text": "no",
        "userDefined": false
      }
    ],
    "isTemplate": false,
    "count": 0
  },
  {
    "id": "21fb450d-813e-46e2-9898-3f5b85cbb723",
    "data": [
      {
        "text": "stop",
        "userDefined": false
      }
    ],
    "isTemplate": false,
    "count": 0,
    "updated": 1533834388
  },
  {
    "id": "69773dc3-dda9-4294-9c23-1e1fc08a6d60",
    "data": [
      {
        "text": "Give me Google Assistant",
        "userDefined": false
      }
    ],
    "isTemplate": false,
    "count": 1,
    "updated": 1533834388
  },
  {
    "id": "c7ae71e5-ea96-431e-9988-8892953fbeb5",
    "data": [
      {
        "text": "done",
        "userDefined": false
      }
    ],
    "isTemplate": false,
    "count": 0,
    "updated": 1533834388
  },
  {
    "id": "689781e2-1973-4d01-ba9e-534ff7ec4cb1",
    "data": [
      {
        "text": "no I\u0027m done",
        "userDefined": false
      }
    ],
    "isTemplate": false,
    "count": 0,
    "updated": 1533834388
  },
  {
    "id": "d683088d-143b-4d95-be65-4bb4fea4c19f",
    "data": [
      {
        "text": "Google Assistant",
        "userDefined": false
      }
    ],
    "isTemplate": false,
    "count": 2,
    "updated": 1533834388
  },
  {
    "id": "75b2c6c8-039d-4b96-bd26-1df76cf84a82",
    "data": [
      {
        "text": "I\u0027m done",
        "userDefined": false
      }
    ],
    "isTemplate": false,
    "count": 0,
    "updated": 1533834388
  },
  {
    "id": "faceab6a-ee25-4c9e-a782-ff2ced34aa1c",
    "data": [
      {
        "text": "No that\u0027s it",
        "userDefined": false
      }
    ],
    "isTemplate": false,
    "count": 1,
    "updated": 1533834388
  },
  {
    "id": "92c25d97-a800-42fb-b98f-a0a6dcd8bd2a",
    "data": [
      {
        "text": "Bye",
        "userDefined": false
      }
    ],
    "isTemplate": false,
    "count": 0,
    "updated": 1533834388
  },
  {
    "id": "f73d3fe4-f30e-46de-895c-1633cb82fc37",
    "data": [
      {
        "text": "Good bye",
        "userDefined": false
      }
    ],
    "isTemplate": false,
    "count": 1,
    "updated": 1533834388
  },
  {
    "id": "db7afd2c-db83-4884-813f-d183ef5f12fc",
    "data": [
      {
        "text": "no thanks",
        "userDefined": false
      }
    ],
    "isTemplate": false,
    "count": 0
  },
  {
    "id": "8b3f732d-8c32-4d65-9704-765b01cc163f",
    "data": [
      {
        "text": "I want to talk to Google",
        "userDefined": false
      }
    ],
    "isTemplate": false,
    "count": 0,
    "updated": 1533834388
  },
  {
    "id": "458f9b2f-f6bb-4b86-93df-96bc48efa8af",
    "data": [
      {
        "text": "I\u0027m finished",
        "userDefined": false
      }
    ],
    "isTemplate": false,
    "count": 0,
    "updated": 1533834388
  },
  {
    "id": "48192b09-2d5b-4ea0-9ae3-90b262c74aa3",
    "data": [
      {
        "text": "Exit",
        "userDefined": false
      }
    ],
    "isTemplate": false,
    "count": 4,
    "updated": 1533834388
  },
  {
    "id": "de9df466-19ce-41af-967a-d35a6c703eff",
    "data": [
      {
        "text": "ciao",
        "userDefined": false
      }
    ],
    "isTemplate": false,
    "count": 0,
    "updated": 1533834388
  },
  {
    "id": "0ed893c5-a3b1-4bdf-ad75-b38df64f342b",
    "data": [
      {
        "text": "Goodbye",
        "userDefined": false
      }
    ],
    "isTemplate": false,
    "count": 1,
    "updated": 1533834388
  },
  {
    "id": "4ad7ef25-9a09-4401-871b-b74c89408fec",
    "data": [
      {
        "text": "End",
        "userDefined": false
      }
    ],
    "isTemplate": false,
    "count": 0,
    "updated": 1533834388
  }
]