[
  {
    "id": "33bcf713-5c53-4eb9-a0dd-0263ca2b194e",
    "data": [
      {
        "text": "ciao",
        "userDefined": false
      }
    ],
    "isTemplate": false,
    "count": 0,
    "updated": 1536873908
  },
  {
    "id": "637d91ab-4043-4fd1-bee8-5222fdad014f",
    "data": [
      {
        "text": "no",
        "userDefined": false
      }
    ],
    "isTemplate": false,
    "count": 0
  },
  {
    "id": "dcf62607-5502-4fae-b805-c37e12978764",
    "data": [
      {
        "text": "finito",
        "userDefined": false
      }
    ],
    "isTemplate": false,
    "count": 0,
    "updated": 1536873908
  },
  {
    "id": "904bbc8c-5c58-4761-9b69-87de3b5f0978",
    "data": [
      {
        "text": "Arrivederci",
        "userDefined": false
      }
    ],
    "isTemplate": false,
    "count": 0,
    "updated": 1536873908
  },
  {
    "id": "ed8e0004-12b7-4cf2-9af9-85f6263a4d14",
    "data": [
      {
        "text": "Ho finito",
        "userDefined": false
      }
    ],
    "isTemplate": false,
    "count": 0,
    "updated": 1536873908
  },
  {
    "id": "56119e0c-290d-41ca-aab0-e58ed2202a75",
    "data": [
      {
        "text": "No grazie",
        "userDefined": false
      }
    ],
    "isTemplate": false,
    "count": 0
  },
  {
    "id": "7f28c8f5-765d-4af0-bed8-119a1ae6b3ce",
    "data": [
      {
        "text": "Voglio parlare con Google",
        "userDefined": false
      }
    ],
    "isTemplate": false,
    "count": 0,
    "updated": 1536873908
  },
  {
    "id": "9f5df772-1cfc-4f11-8688-e4a60ec20db4",
    "data": [
      {
        "text": "stop",
        "userDefined": false
      }
    ],
    "isTemplate": false,
    "count": 0,
    "updated": 1536873908
  },
  {
    "id": "d997cf8d-766a-4039-84cf-79eef1f6e890",
    "data": [
      {
        "text": "No fatto",
        "userDefined": false
      }
    ],
    "isTemplate": false,
    "count": 0,
    "updated": 1536873908
  },
  {
    "id": "0dc70f97-eb2d-4082-a7e9-58be674acc63",
    "data": [
      {
        "text": "Addio",
        "userDefined": false
      }
    ],
    "isTemplate": false,
    "count": 0,
    "updated": 1536873908
  },
  {
    "id": "79d3b45b-f554-4ad2-8e4d-1a78f59ce5fe",
    "data": [
      {
        "text": "Passami l\u0027Assistente Google",
        "userDefined": false
      }
    ],
    "isTemplate": false,
    "count": 1,
    "updated": 1536873908
  },
  {
    "id": "9572474b-2299-4234-b8c0-b81d4bda8a75",
    "data": [
      {
        "text": "Google",
        "userDefined": false
      }
    ],
    "isTemplate": false,
    "count": 0,
    "updated": 1536873908
  },
  {
    "id": "c5e63133-5c69-4877-8bd4-7236cd68ec41",
    "data": [
      {
        "text": "esci",
        "userDefined": false
      }
    ],
    "isTemplate": false,
    "count": 0,
    "updated": 1536873908
  },
  {
    "id": "5ce8b4f1-3e9f-4469-b662-56a6fa9ba5b5",
    "data": [
      {
        "text": "no ho finito",
        "userDefined": false
      }
    ],
    "isTemplate": false,
    "count": 0,
    "updated": 1536873908
  },
  {
    "id": "45959305-23cf-4506-848f-3e7da99c397b",
    "data": [
      {
        "text": "fine",
        "meta": "@sys.ignore",
        "userDefined": false
      }
    ],
    "isTemplate": false,
    "count": 0,
    "updated": 1536873908
  },
  {
    "id": "301745ec-ec84-4c41-b6cd-1805d5832f0f",
    "data": [
      {
        "text": "Assistente Google",
        "userDefined": false
      }
    ],
    "isTemplate": false,
    "count": 0,
    "updated": 1536873908
  }
]