[
  {
    "id": "dffc8443-c2c2-4e41-ab8f-5e7e4bae6db9",
    "data": [
      {
        "text": "etkinliklerinizden bahset",
        "userDefined": false
      }
    ],
    "isTemplate": false,
    "count": 0
  },
  {
    "id": "e6155147-b760-4e56-9e61-f762978ec2be",
    "data": [
      {
        "text": "toplantılar",
        "userDefined": false
      }
    ],
    "isTemplate": false,
    "count": 0
  },
  {
    "id": "5cbaa98e-9211-4585-91f4-cfa4b212ab98",
    "data": [
      {
        "text": "Etkinlikleri öğrenmek istiyorum",
        "userDefined": false
      }
    ],
    "isTemplate": false,
    "count": 1
  },
  {
    "id": "190cf5ab-5f9c-49f4-8ab4-3c1e70746c78",
    "data": [
      {
        "text": "buluşmalar",
        "userDefined": false
      }
    ],
    "isTemplate": false,
    "count": 0
  },
  {
    "id": "ac66b427-88b7-4865-a02c-a3fa3f18c5a2",
    "data": [
      {
        "text": "etkinliklerinizi söyle bakalım",
        "userDefined": false
      }
    ],
    "isTemplate": false,
    "count": 0
  },
  {
    "id": "e9d9339c-4a08-4390-b51a-b9d8c4b9e775",
    "data": [
      {
        "text": "grubun toplantıları",
        "userDefined": false
      }
    ],
    "isTemplate": false,
    "count": 0
  },
  {
    "id": "e169d926-0f46-44bb-99f3-58158559711d",
    "data": [
      {
        "text": "etkinlikler",
        "userDefined": false
      }
    ],
    "isTemplate": false,
    "count": 0
  },
  {
    "id": "715db963-6a67-4f25-9048-2d27f33b3dec",
    "data": [
      {
        "text": "Toplantıları öğrenmek istiyorum",
        "userDefined": false
      }
    ],
    "isTemplate": false,
    "count": 0
  }
]