[
  {
    "id": "71423cc7-bca6-4083-846e-9c6bd8c32322",
    "data": [
      {
        "text": "Erzähl mir",
        "userDefined": false
      }
    ],
    "isTemplate": false,
    "count": 0,
    "updated": 1538195376
  },
  {
    "id": "360c1ab0-aa29-4ea0-a67d-d5ef38227731",
    "data": [
      {
        "text": "Lass uns",
        "userDefined": false
      }
    ],
    "isTemplate": false,
    "count": 0,
    "updated": 1538195376
  },
  {
    "id": "9bf974e5-5d73-4e06-9b67-3f720e42096b",
    "data": [
      {
        "text": "Die Treffen",
        "userDefined": false
      }
    ],
    "isTemplate": false,
    "count": 0,
    "updated": 1538195376
  },
  {
    "id": "b067570f-e1dd-48d1-bdc4-5369b88177f4",
    "data": [
      {
        "text": "Die Meetups der Gruppe",
        "userDefined": false
      }
    ],
    "isTemplate": false,
    "count": 0,
    "updated": 1538195376
  },
  {
    "id": "a01ffe2e-a310-4830-8471-057f1b1fc54e",
    "data": [
      {
        "text": "Ich möchte etwas über die Events erfahren",
        "userDefined": false
      }
    ],
    "isTemplate": false,
    "count": 0,
    "updated": 1538195376
  },
  {
    "id": "b57d1633-a502-440b-9439-415b4989089b",
    "data": [
      {
        "text": "Event",
        "userDefined": false
      }
    ],
    "isTemplate": false,
    "count": 0,
    "updated": 1538195376
  },
  {
    "id": "806f84f7-d1ab-4bdd-bda4-6048e199247b",
    "data": [
      {
        "text": "Treffen",
        "userDefined": false
      }
    ],
    "isTemplate": false,
    "count": 0,
    "updated": 1538195376
  },
  {
    "id": "67c49c87-ebef-445a-a2be-b80b12495002",
    "data": [
      {
        "text": "Ich möchte etwas über die Treffen erfahren",
        "userDefined": false
      }
    ],
    "isTemplate": false,
    "count": 0,
    "updated": 1538195376
  }
]