[
  {
    "id": "07ba61d9-d67a-40c3-8c15-f94c91d65502",
    "data": [
      {
        "text": "cuéntame sobre los eventos",
        "userDefined": false
      }
    ],
    "isTemplate": false,
    "count": 0,
    "updated": 1536945102
  },
  {
    "id": "b5d084bb-35e2-4d3c-b6a4-1dbff720a292",
    "data": [
      {
        "text": "escuchemos sobre sus eventos",
        "userDefined": false
      }
    ],
    "isTemplate": false,
    "count": 0,
    "updated": 1536945102
  },
  {
    "id": "3de85819-dda1-491d-8768-7f093ad818be",
    "data": [
      {
        "text": "Las reuniones",
        "userDefined": false
      }
    ],
    "isTemplate": false,
    "count": 0,
    "updated": 1536945102
  },
  {
    "id": "2ee6f8ef-59a2-40ea-86af-618bead4b129",
    "data": [
      {
        "text": "la reunión del grupo",
        "userDefined": false
      }
    ],
    "isTemplate": false,
    "count": 0,
    "updated": 1536945102
  },
  {
    "id": "477ddd00-5207-4b17-98ee-d053a765cba5",
    "data": [
      {
        "text": "quiero saber sobre eventos",
        "userDefined": false
      }
    ],
    "isTemplate": false,
    "count": 0,
    "updated": 1536945102
  },
  {
    "id": "fb138742-9d55-40d2-883d-be86d23ef993",
    "data": [
      {
        "text": "eventos",
        "userDefined": false
      }
    ],
    "isTemplate": false,
    "count": 0,
    "updated": 1536945102
  },
  {
    "id": "41059ac4-fd39-4f6a-92b1-6507163b34cb",
    "data": [
      {
        "text": "reuniónes",
        "userDefined": false
      }
    ],
    "isTemplate": false,
    "count": 0,
    "updated": 1536945102
  },
  {
    "id": "71636790-d1b7-4aa7-922d-9505ca45d12b",
    "data": [
      {
        "text": "quiero escuchar sobre la reunion",
        "userDefined": false
      }
    ],
    "isTemplate": false,
    "count": 0,
    "updated": 1536945102
  },
  {
    "id": "c7eda906-4044-48b4-9132-bb48a96995c4",
    "data": [
      {
        "text": "evento",
        "userDefined": false
      }
    ],
    "isTemplate": false,
    "count": 0,
    "updated": 1533922479
  }
]