[
  {
    "id": "8c89b442-f3af-4674-8aac-2e1929cd89c0",
    "data": [
      {
        "text": "cuéntame sobre los eventos",
        "userDefined": false
      }
    ],
    "isTemplate": false,
    "count": 0,
    "updated": 1536945102
  },
  {
    "id": "38d69f1f-e9d4-4fd1-8b30-0a329af952a2",
    "data": [
      {
        "text": "escuchemos sobre sus eventos",
        "userDefined": false
      }
    ],
    "isTemplate": false,
    "count": 0,
    "updated": 1536945102
  },
  {
    "id": "bbff324e-bbf1-493e-b53e-86ce269cc809",
    "data": [
      {
        "text": "Las reuniones",
        "userDefined": false
      }
    ],
    "isTemplate": false,
    "count": 0,
    "updated": 1536945102
  },
  {
    "id": "a609ee33-378e-4f5e-8da9-307394788642",
    "data": [
      {
        "text": "la reunión del grupo",
        "userDefined": false
      }
    ],
    "isTemplate": false,
    "count": 0,
    "updated": 1536945102
  },
  {
    "id": "553822db-5ebd-49ab-a9bb-e4369fece9bf",
    "data": [
      {
        "text": "quiero saber sobre eventos",
        "userDefined": false
      }
    ],
    "isTemplate": false,
    "count": 0,
    "updated": 1536945102
  },
  {
    "id": "a8f1d714-b4e4-428b-aadb-a6a9932c9f3d",
    "data": [
      {
        "text": "eventos",
        "userDefined": false
      }
    ],
    "isTemplate": false,
    "count": 0,
    "updated": 1536945102
  },
  {
    "id": "3cbfe5e1-187c-48b7-aa0c-1aa36dc3569a",
    "data": [
      {
        "text": "reuniónes",
        "userDefined": false
      }
    ],
    "isTemplate": false,
    "count": 0,
    "updated": 1536945102
  },
  {
    "id": "50c59e21-7c90-4406-97c2-f0bc87e11b28",
    "data": [
      {
        "text": "quiero escuchar sobre la reunion",
        "userDefined": false
      }
    ],
    "isTemplate": false,
    "count": 0,
    "updated": 1536945102
  },
  {
    "id": "26dc182a-0ca5-49c0-9821-2ad1183128dd",
    "data": [
      {
        "text": "evento",
        "userDefined": false
      }
    ],
    "isTemplate": false,
    "count": 0,
    "updated": 1533922479
  }
]