[
  {
    "id": "5615b5cd-3a85-4f9c-a3e0-42000ff2ac13",
    "data": [
      {
        "text": "Me fale sobre eventos",
        "userDefined": false
      }
    ],
    "isTemplate": false,
    "count": 0
  },
  {
    "id": "42876023-5608-42f9-a523-2e82ac94f29a",
    "data": [
      {
        "text": "Vamos ouvir sobre os seus eventos",
        "userDefined": false
      }
    ],
    "isTemplate": false,
    "count": 0
  },
  {
    "id": "5f35b149-3a5b-491a-b28f-6680e94209e3",
    "data": [
      {
        "text": "os encontros",
        "userDefined": false
      }
    ],
    "isTemplate": false,
    "count": 0
  },
  {
    "id": "94faddb6-96a7-41e1-bc96-5655c5b9575e",
    "data": [
      {
        "text": "O meetup do grupo",
        "userDefined": false
      }
    ],
    "isTemplate": false,
    "count": 0
  },
  {
    "id": "2974682d-dbf2-47cc-9ea0-77ce031e8dc2",
    "data": [
      {
        "text": "Eu quero saber sobre eventos",
        "userDefined": false
      }
    ],
    "isTemplate": false,
    "count": 0
  },
  {
    "id": "7303c377-276b-426a-aafa-3ffca4d0c5a3",
    "data": [
      {
        "text": "hangout",
        "userDefined": false
      }
    ],
    "isTemplate": false,
    "count": 0
  },
  {
    "id": "0198bee0-3163-4717-b4d5-3fec646ac42d",
    "data": [
      {
        "text": "eventos",
        "userDefined": false
      }
    ],
    "isTemplate": false,
    "count": 0
  },
  {
    "id": "a0e1a50d-bdc1-4f7b-a337-2924611bc7d9",
    "data": [
      {
        "text": "encontros",
        "userDefined": false
      }
    ],
    "isTemplate": false,
    "count": 0
  },
  {
    "id": "ab032936-1976-4839-899a-2cbe42b56581",
    "data": [
      {
        "text": "Eu gostaria de saber sobre os encontros",
        "userDefined": false
      }
    ],
    "isTemplate": false,
    "count": 0
  }
]