[
  {
    "id": "9dd4ce8a-1788-4a92-9ee9-eb4bb78acb73",
    "data": [
      {
        "text": "イベントについて教えて。",
        "userDefined": false
      }
    ],
    "isTemplate": false,
    "count": 0,
    "updated": 1538583931
  },
  {
    "id": "e76fd35c-705c-454e-85bc-a7d1b6193520",
    "data": [
      {
        "text": "イベントについて聞かせてください。",
        "userDefined": false
      }
    ],
    "isTemplate": false,
    "count": 0,
    "updated": 1538583931
  },
  {
    "id": "f20a2c9e-4d91-4316-8bdc-bb96de2e664d",
    "data": [
      {
        "text": "この勉強会",
        "userDefined": false
      }
    ],
    "isTemplate": false,
    "count": 0,
    "updated": 1538583931
  },
  {
    "id": "fd753912-1992-4411-a90e-c615fecec7ec",
    "data": [
      {
        "text": "グループのミートアップ",
        "userDefined": false
      }
    ],
    "isTemplate": false,
    "count": 0,
    "updated": 1538583931
  },
  {
    "id": "49bf76d0-3f63-44c0-a18e-7d87a5fecc76",
    "data": [
      {
        "text": "イベントについて知りたい。",
        "userDefined": false
      }
    ],
    "isTemplate": false,
    "count": 0,
    "updated": 1538583931
  },
  {
    "id": "ae818603-a152-4848-9df7-55afb46a123a",
    "data": [
      {
        "text": "ハングアウト",
        "userDefined": false
      }
    ],
    "isTemplate": false,
    "count": 0,
    "updated": 1538583931
  },
  {
    "id": "573b5851-e071-4c58-8f7d-d27f7a4be230",
    "data": [
      {
        "text": "イベント",
        "userDefined": false
      }
    ],
    "isTemplate": false,
    "count": 0,
    "updated": 1538583931
  },
  {
    "id": "ff756df0-c295-42ac-9140-d7a3bb3bcf33",
    "data": [
      {
        "text": "勉強会",
        "userDefined": false
      }
    ],
    "isTemplate": false,
    "count": 0,
    "updated": 1538583931
  },
  {
    "id": "9c49ad4d-5af9-4ad7-b729-02c5d5a38f66",
    "data": [
      {
        "text": "勉強会について聞きたい。",
        "userDefined": false
      }
    ],
    "isTemplate": false,
    "count": 0,
    "updated": 1538583931
  }
]