[
  {
    "id": "0aef422a-5ba1-4a95-8bed-e9a4596075bd",
    "data": [
      {
        "text": "Ich möchte etwas über die Treffen erfahren",
        "userDefined": false
      }
    ],
    "isTemplate": false,
    "count": 0,
    "updated": 1538195376
  },
  {
    "id": "66cdc66b-47ee-434f-9f06-eebd29a7ca29",
    "data": [
      {
        "text": "Die Meetups der Gruppe",
        "userDefined": false
      }
    ],
    "isTemplate": false,
    "count": 0,
    "updated": 1538195376
  },
  {
    "id": "59156d53-bc62-496e-a276-977642240256",
    "data": [
      {
        "text": "Die Treffen",
        "userDefined": false
      }
    ],
    "isTemplate": false,
    "count": 0,
    "updated": 1538195376
  },
  {
    "id": "842b3017-0105-4f15-9ad2-e723b3cd18af",
    "data": [
      {
        "text": "Ich möchte etwas über die Events erfahren",
        "userDefined": false
      }
    ],
    "isTemplate": false,
    "count": 0,
    "updated": 1538195376
  },
  {
    "id": "13b44261-b7fa-4582-b476-8c33199a77f5",
    "data": [
      {
        "text": "Event",
        "userDefined": false
      }
    ],
    "isTemplate": false,
    "count": 0,
    "updated": 1538195376
  },
  {
    "id": "685ed006-0bae-4fc7-b527-e4b32d727d3f",
    "data": [
      {
        "text": "Treffen",
        "userDefined": false
      }
    ],
    "isTemplate": false,
    "count": 0,
    "updated": 1538195376
  },
  {
    "id": "8abc888c-93f3-4820-a970-4ff92fe035bc",
    "data": [
      {
        "text": "Erzähl mir",
        "userDefined": false
      }
    ],
    "isTemplate": false,
    "count": 0,
    "updated": 1538195376
  },
  {
    "id": "1acf6500-7f04-4699-89d3-34bd6b9f7efd",
    "data": [
      {
        "text": "Lass uns",
        "userDefined": false
      }
    ],
    "isTemplate": false,
    "count": 0,
    "updated": 1538195376
  }
]