[
  {
    "id": "0ff93f60-37c4-4ebf-9635-28147d468b75",
    "data": [
      {
        "text": "Erzähl mir",
        "userDefined": false
      }
    ],
    "isTemplate": false,
    "count": 0,
    "updated": 1538195376
  },
  {
    "id": "9f163e9c-a484-4d7b-9ad0-2b815a1f6fba",
    "data": [
      {
        "text": "Lass uns",
        "userDefined": false
      }
    ],
    "isTemplate": false,
    "count": 0,
    "updated": 1538195376
  },
  {
    "id": "a8c06e85-46f6-4106-9a74-45c0191e64d9",
    "data": [
      {
        "text": "Die Treffen",
        "userDefined": false
      }
    ],
    "isTemplate": false,
    "count": 0,
    "updated": 1538195376
  },
  {
    "id": "6c5af3d1-9484-4fad-9931-fb5202d64fbc",
    "data": [
      {
        "text": "Die Meetups der Gruppe",
        "userDefined": false
      }
    ],
    "isTemplate": false,
    "count": 0,
    "updated": 1538195376
  },
  {
    "id": "f1879147-a385-4ee4-bbc5-69a974166596",
    "data": [
      {
        "text": "Ich möchte etwas über die Events erfahren",
        "userDefined": false
      }
    ],
    "isTemplate": false,
    "count": 0,
    "updated": 1538195376
  },
  {
    "id": "e34882a6-b0d3-4c23-92be-8d565e11c20b",
    "data": [
      {
        "text": "Event",
        "userDefined": false
      }
    ],
    "isTemplate": false,
    "count": 0,
    "updated": 1538195376
  },
  {
    "id": "750d1024-fec2-400a-b0ad-1f8993fea48c",
    "data": [
      {
        "text": "Treffen",
        "userDefined": false
      }
    ],
    "isTemplate": false,
    "count": 0,
    "updated": 1538195376
  },
  {
    "id": "cde71df9-e7c5-47d6-b310-c2ae22ae1c6e",
    "data": [
      {
        "text": "Ich möchte etwas über die Treffen erfahren",
        "userDefined": false
      }
    ],
    "isTemplate": false,
    "count": 0,
    "updated": 1538195376
  }
]