[
  {
    "id": "c56d6640-6536-445f-9b5c-69f8552afc14",
    "data": [
      {
        "text": "I want to hear about the meetings",
        "userDefined": false
      }
    ],
    "isTemplate": false,
    "count": 0,
    "updated": 1533834851
  },
  {
    "id": "52145953-d5cf-4445-93b5-d5f169a3acff",
    "data": [
      {
        "text": "meetings",
        "userDefined": false
      }
    ],
    "isTemplate": false,
    "count": 0,
    "updated": 1533834851
  },
  {
    "id": "cc60fda8-2fad-42bd-b47e-685eef3ab5fc",
    "data": [
      {
        "text": "Events",
        "userDefined": false
      }
    ],
    "isTemplate": false,
    "count": 0,
    "updated": 1529524447
  },
  {
    "id": "d27356a4-c09f-42ad-a4de-3a73acc892fd",
    "data": [
      {
        "text": "hangout",
        "userDefined": false
      }
    ],
    "isTemplate": false,
    "count": 0,
    "updated": 1533834851
  },
  {
    "id": "66bd668b-e9cc-4f03-bd77-75dbda3615b9",
    "data": [
      {
        "text": "I want to know about events",
        "userDefined": false
      }
    ],
    "isTemplate": false,
    "count": 0,
    "updated": 1529524447
  },
  {
    "id": "32f08993-cd0b-49df-92e1-8898d031df20",
    "data": [
      {
        "text": "The group\u0027s meetup",
        "userDefined": false
      }
    ],
    "isTemplate": false,
    "count": 0,
    "updated": 1533834851
  },
  {
    "id": "2fe26077-776b-4cee-b92e-39dca1ad1524",
    "data": [
      {
        "text": "The meetings",
        "userDefined": false
      }
    ],
    "isTemplate": false,
    "count": 0,
    "updated": 1533834851
  },
  {
    "id": "3a8ef509-8e9f-494c-97aa-3916ee24d72a",
    "data": [
      {
        "text": "Lets hear about your events",
        "userDefined": false
      }
    ],
    "isTemplate": false,
    "count": 0,
    "updated": 1533834851
  },
  {
    "id": "ce7be3c0-274b-4244-a990-c9980662287b",
    "data": [
      {
        "text": "Tell me about the events",
        "userDefined": false
      }
    ],
    "isTemplate": false,
    "count": 0,
    "updated": 1529524447
  }
]