[
  {
    "id": "094a81cb-e7ea-4803-ada2-868ba95d4b35",
    "data": [
      {
        "text": "Me fale sobre eventos",
        "userDefined": false
      }
    ],
    "isTemplate": false,
    "count": 0
  },
  {
    "id": "2ce0f4ec-5f6f-4038-8077-bf9c87211474",
    "data": [
      {
        "text": "Vamos ouvir sobre os seus eventos",
        "userDefined": false
      }
    ],
    "isTemplate": false,
    "count": 0
  },
  {
    "id": "f0193df8-0851-417c-a3df-db880618e479",
    "data": [
      {
        "text": "os encontros",
        "userDefined": false
      }
    ],
    "isTemplate": false,
    "count": 0
  },
  {
    "id": "1ac2fb20-ef81-463d-b0bf-6dd8b8027995",
    "data": [
      {
        "text": "O meetup do grupo",
        "userDefined": false
      }
    ],
    "isTemplate": false,
    "count": 0
  },
  {
    "id": "945aefbe-a022-4ed5-b422-b17439610880",
    "data": [
      {
        "text": "Eu quero saber sobre eventos",
        "userDefined": false
      }
    ],
    "isTemplate": false,
    "count": 0
  },
  {
    "id": "f337fbf1-fb23-4ff4-a564-be7eada86074",
    "data": [
      {
        "text": "hangout",
        "userDefined": false
      }
    ],
    "isTemplate": false,
    "count": 0
  },
  {
    "id": "6daa9ac1-f3db-4bf4-884d-ced71203fc18",
    "data": [
      {
        "text": "eventos",
        "userDefined": false
      }
    ],
    "isTemplate": false,
    "count": 0
  },
  {
    "id": "46b08bcd-cba0-488f-8e49-a0cc5d58c259",
    "data": [
      {
        "text": "encontros",
        "userDefined": false
      }
    ],
    "isTemplate": false,
    "count": 0
  },
  {
    "id": "de9b9f4c-ab09-4d4c-9e94-72134452b82b",
    "data": [
      {
        "text": "Eu gostaria de saber sobre os encontros",
        "userDefined": false
      }
    ],
    "isTemplate": false,
    "count": 0
  }
]