[
  {
    "id": "c0e47351-12bd-4a83-8b81-c557f252c1c5",
    "data": [
      {
        "text": "Erzähl mir",
        "userDefined": false
      }
    ],
    "isTemplate": false,
    "count": 0,
    "updated": 1538195376
  },
  {
    "id": "3c273a0a-b71e-457a-8538-023112bd3116",
    "data": [
      {
        "text": "Lass uns",
        "userDefined": false
      }
    ],
    "isTemplate": false,
    "count": 0,
    "updated": 1538195376
  },
  {
    "id": "ab0c2ab3-8c86-4a00-a715-15239d8b7cbd",
    "data": [
      {
        "text": "Die Treffen",
        "userDefined": false
      }
    ],
    "isTemplate": false,
    "count": 0,
    "updated": 1538195376
  },
  {
    "id": "3ff9b3e8-3810-45bc-8253-f339fdacc878",
    "data": [
      {
        "text": "Die Meetups der Gruppe",
        "userDefined": false
      }
    ],
    "isTemplate": false,
    "count": 0,
    "updated": 1538195376
  },
  {
    "id": "34783e88-0b64-4a98-ab00-14faae05de87",
    "data": [
      {
        "text": "Ich möchte etwas über die Events erfahren",
        "userDefined": false
      }
    ],
    "isTemplate": false,
    "count": 0,
    "updated": 1538195376
  },
  {
    "id": "d16da2b8-cd36-45ad-8580-39edc800e55c",
    "data": [
      {
        "text": "Event",
        "userDefined": false
      }
    ],
    "isTemplate": false,
    "count": 0,
    "updated": 1538195376
  },
  {
    "id": "2ac4de27-b4c7-4466-b5ac-752c3d9b61b9",
    "data": [
      {
        "text": "Treffen",
        "userDefined": false
      }
    ],
    "isTemplate": false,
    "count": 0,
    "updated": 1538195376
  },
  {
    "id": "768e06f3-4b28-4f8d-84ec-409ef142de8c",
    "data": [
      {
        "text": "Ich möchte etwas über die Treffen erfahren",
        "userDefined": false
      }
    ],
    "isTemplate": false,
    "count": 0,
    "updated": 1538195376
  }
]