[
  {
    "id": "3944a334-3129-4e0c-9e53-bbe45cee3504",
    "data": [
      {
        "text": "dimmi degli eventi",
        "userDefined": false
      }
    ],
    "isTemplate": false,
    "count": 0,
    "updated": 1536875900
  },
  {
    "id": "deb562d5-cb04-4f3c-a192-4209dbf2eaf6",
    "data": [
      {
        "text": "sentiamo gli eventi",
        "userDefined": false
      }
    ],
    "isTemplate": false,
    "count": 0,
    "updated": 1536875900
  },
  {
    "id": "11db0f22-a743-419d-be8f-e1e3aaa7cb73",
    "data": [
      {
        "text": "gli eventi",
        "userDefined": false
      }
    ],
    "isTemplate": false,
    "count": 0,
    "updated": 1536875900
  },
  {
    "id": "65f9036b-e920-42a8-a910-afc116eb64fc",
    "data": [
      {
        "text": "il meetup del gruppo",
        "userDefined": false
      }
    ],
    "isTemplate": false,
    "count": 0,
    "updated": 1536875900
  },
  {
    "id": "dafbeb02-84ac-46f3-8b4e-099342849499",
    "data": [
      {
        "text": "voglio sapere degli eventi",
        "userDefined": false
      }
    ],
    "isTemplate": false,
    "count": 0,
    "updated": 1536875900
  },
  {
    "id": "6dda61ea-fa88-4418-a294-006bfc5f2065",
    "data": [
      {
        "text": "hangout",
        "userDefined": false
      }
    ],
    "isTemplate": false,
    "count": 0,
    "updated": 1536875900
  },
  {
    "id": "e13257b5-003f-48e5-93f0-b16e787d223d",
    "data": [
      {
        "text": "enventi",
        "userDefined": false
      }
    ],
    "isTemplate": false,
    "count": 0,
    "updated": 1536875900
  },
  {
    "id": "af2d7b63-23c7-45ac-8d66-ffcb396f2c09",
    "data": [
      {
        "text": "meeting",
        "userDefined": false
      }
    ],
    "isTemplate": false,
    "count": 0,
    "updated": 1536875900
  },
  {
    "id": "7a8f969d-587d-4d7c-86ed-a819c34b74b4",
    "data": [
      {
        "text": "parlami degli eventi",
        "userDefined": false
      }
    ],
    "isTemplate": false,
    "count": 0,
    "updated": 1536875900
  },
  {
    "id": "846d72fa-a516-4340-a4e4-ff020f678441",
    "data": [
      {
        "text": "evento",
        "userDefined": false
      }
    ],
    "isTemplate": false,
    "count": 0,
    "updated": 1533922613
  }
]