[
  {
    "id": "e5db89f0-c8b4-4e15-84fb-974b7ee6ab6d",
    "data": [
      {
        "text": "イベントについて教えて。",
        "userDefined": false
      }
    ],
    "isTemplate": false,
    "count": 0,
    "updated": 1538583931
  },
  {
    "id": "5743289b-fa0e-4ac1-baa2-5ce98f77ad12",
    "data": [
      {
        "text": "イベントについて聞かせてください。",
        "userDefined": false
      }
    ],
    "isTemplate": false,
    "count": 0,
    "updated": 1538583931
  },
  {
    "id": "06cb5996-4a78-4d45-b05a-5a10a78a85a9",
    "data": [
      {
        "text": "この勉強会",
        "userDefined": false
      }
    ],
    "isTemplate": false,
    "count": 0,
    "updated": 1538583931
  },
  {
    "id": "3b55846e-9c49-40d4-9f17-c9b714f24724",
    "data": [
      {
        "text": "グループのミートアップ",
        "userDefined": false
      }
    ],
    "isTemplate": false,
    "count": 0,
    "updated": 1538583931
  },
  {
    "id": "70d8126a-4a3a-44f4-bbd5-da729dd4b3b9",
    "data": [
      {
        "text": "イベントについて知りたい。",
        "userDefined": false
      }
    ],
    "isTemplate": false,
    "count": 0,
    "updated": 1538583931
  },
  {
    "id": "581ee769-6572-4b18-b993-1dbc8181d10f",
    "data": [
      {
        "text": "ハングアウト",
        "userDefined": false
      }
    ],
    "isTemplate": false,
    "count": 0,
    "updated": 1538583931
  },
  {
    "id": "993de419-32e0-494a-a55d-a529841f0b2e",
    "data": [
      {
        "text": "イベント",
        "userDefined": false
      }
    ],
    "isTemplate": false,
    "count": 0,
    "updated": 1538583931
  },
  {
    "id": "4cc6095d-5cf7-435d-b529-27770538ab61",
    "data": [
      {
        "text": "勉強会",
        "userDefined": false
      }
    ],
    "isTemplate": false,
    "count": 0,
    "updated": 1538583931
  },
  {
    "id": "f1522168-4752-4555-b62e-35f63419bf58",
    "data": [
      {
        "text": "勉強会について聞きたい。",
        "userDefined": false
      }
    ],
    "isTemplate": false,
    "count": 0,
    "updated": 1538583931
  }
]