[
  {
    "id": "989aec53-b358-4448-892e-ed254a3277ae",
    "data": [
      {
        "text": "I want to hear about the meetings",
        "userDefined": false
      }
    ],
    "isTemplate": false,
    "count": 0,
    "updated": 1533834851
  },
  {
    "id": "627e8637-0816-47fb-af8c-46ed4aa4f0fa",
    "data": [
      {
        "text": "meetings",
        "userDefined": false
      }
    ],
    "isTemplate": false,
    "count": 0,
    "updated": 1533834851
  },
  {
    "id": "5e30c97c-0a11-497c-9e63-eab17843b9af",
    "data": [
      {
        "text": "Events",
        "userDefined": false
      }
    ],
    "isTemplate": false,
    "count": 0,
    "updated": 1529524447
  },
  {
    "id": "e845cf53-bcb0-4e53-8468-89eca770a538",
    "data": [
      {
        "text": "hangout",
        "userDefined": false
      }
    ],
    "isTemplate": false,
    "count": 0,
    "updated": 1533834851
  },
  {
    "id": "22e52728-ce3c-451f-8524-c8015a047f63",
    "data": [
      {
        "text": "I want to know about events",
        "userDefined": false
      }
    ],
    "isTemplate": false,
    "count": 0,
    "updated": 1529524447
  },
  {
    "id": "5859ac9d-99e2-4e40-b33f-a00b7109a6bc",
    "data": [
      {
        "text": "The group\u0027s meetup",
        "userDefined": false
      }
    ],
    "isTemplate": false,
    "count": 0,
    "updated": 1533834851
  },
  {
    "id": "8ca9c915-4820-4366-ac18-4dab5282972d",
    "data": [
      {
        "text": "The meetings",
        "userDefined": false
      }
    ],
    "isTemplate": false,
    "count": 0,
    "updated": 1533834851
  },
  {
    "id": "75813ec0-a7e0-45c7-8e37-bd27ed1682bd",
    "data": [
      {
        "text": "Lets hear about your events",
        "userDefined": false
      }
    ],
    "isTemplate": false,
    "count": 0,
    "updated": 1533834851
  },
  {
    "id": "4e89c86c-f08f-4ea9-966d-93ae12fcc63b",
    "data": [
      {
        "text": "Tell me about the events",
        "userDefined": false
      }
    ],
    "isTemplate": false,
    "count": 0,
    "updated": 1529524447
  }
]