[
  {
    "id": "81b18fba-cb1d-421e-a1d3-2711b58b82c2",
    "data": [
      {
        "text": "quiero saber sobre eventos",
        "userDefined": false
      }
    ],
    "isTemplate": false,
    "count": 0,
    "updated": 1536945102
  },
  {
    "id": "cea67f46-95d0-4796-9752-714facf56c98",
    "data": [
      {
        "text": "escuchemos sobre sus eventos",
        "userDefined": false
      }
    ],
    "isTemplate": false,
    "count": 0,
    "updated": 1536945102
  },
  {
    "id": "37a07ea2-e325-4fad-8374-76edeadea66a",
    "data": [
      {
        "text": "evento",
        "userDefined": false
      }
    ],
    "isTemplate": false,
    "count": 0,
    "updated": 1533922479
  },
  {
    "id": "147b4194-42e7-4986-8fc8-84ca7e7c3be4",
    "data": [
      {
        "text": "la reunión del grupo",
        "userDefined": false
      }
    ],
    "isTemplate": false,
    "count": 0,
    "updated": 1536945102
  },
  {
    "id": "5fc59ce8-8676-43f4-a067-c11e51fd4417",
    "data": [
      {
        "text": "Las reuniones",
        "userDefined": false
      }
    ],
    "isTemplate": false,
    "count": 0,
    "updated": 1536945102
  },
  {
    "id": "1a5b5252-bc9b-4251-b019-7b0a7bc59846",
    "data": [
      {
        "text": "cuéntame sobre los eventos",
        "userDefined": false
      }
    ],
    "isTemplate": false,
    "count": 0,
    "updated": 1536945102
  },
  {
    "id": "52099cf4-d025-4af2-baa9-0e41b862bb97",
    "data": [
      {
        "text": "eventos",
        "userDefined": false
      }
    ],
    "isTemplate": false,
    "count": 0,
    "updated": 1536945102
  },
  {
    "id": "9f3ff04b-1149-414e-b241-cb036ebbc413",
    "data": [
      {
        "text": "reuniónes",
        "userDefined": false
      }
    ],
    "isTemplate": false,
    "count": 0,
    "updated": 1536945102
  },
  {
    "id": "b48da553-732e-4532-b1c3-c113c2943816",
    "data": [
      {
        "text": "quiero escuchar sobre la reunion",
        "userDefined": false
      }
    ],
    "isTemplate": false,
    "count": 0,
    "updated": 1536945102
  }
]