[
  {
    "id": "8d01c764-3c52-456a-a6b8-2433454eb7cd",
    "data": [
      {
        "text": "dimmi degli eventi",
        "userDefined": false
      }
    ],
    "isTemplate": false,
    "count": 0,
    "updated": 1536875900
  },
  {
    "id": "a878940e-91fc-4b77-9427-f65caba3b83a",
    "data": [
      {
        "text": "sentiamo gli eventi",
        "userDefined": false
      }
    ],
    "isTemplate": false,
    "count": 0,
    "updated": 1536875900
  },
  {
    "id": "bdad7dec-43b4-4e7b-9e03-b5fdbe13b02c",
    "data": [
      {
        "text": "gli eventi",
        "userDefined": false
      }
    ],
    "isTemplate": false,
    "count": 0,
    "updated": 1536875900
  },
  {
    "id": "96c35d23-f3dd-49bf-9e95-0877f0438a40",
    "data": [
      {
        "text": "il meetup del gruppo",
        "userDefined": false
      }
    ],
    "isTemplate": false,
    "count": 0,
    "updated": 1536875900
  },
  {
    "id": "fcbc278c-b610-4a24-9947-295010f202c0",
    "data": [
      {
        "text": "voglio sapere degli eventi",
        "userDefined": false
      }
    ],
    "isTemplate": false,
    "count": 0,
    "updated": 1536875900
  },
  {
    "id": "e22ac645-f2a1-44d8-bf3a-f0abc302e718",
    "data": [
      {
        "text": "hangout",
        "userDefined": false
      }
    ],
    "isTemplate": false,
    "count": 0,
    "updated": 1536875900
  },
  {
    "id": "1c6c4635-5289-4041-addb-2dd9e81c01ae",
    "data": [
      {
        "text": "enventi",
        "userDefined": false
      }
    ],
    "isTemplate": false,
    "count": 0,
    "updated": 1536875900
  },
  {
    "id": "6ca31841-62d5-4205-a909-d689a09731d2",
    "data": [
      {
        "text": "meeting",
        "userDefined": false
      }
    ],
    "isTemplate": false,
    "count": 0,
    "updated": 1536875900
  },
  {
    "id": "1ce6f777-2dab-42d6-bac1-b399d47c636c",
    "data": [
      {
        "text": "parlami degli eventi",
        "userDefined": false
      }
    ],
    "isTemplate": false,
    "count": 0,
    "updated": 1536875900
  },
  {
    "id": "6d56d670-b047-4d56-a0b1-d9dfce926f26",
    "data": [
      {
        "text": "evento",
        "userDefined": false
      }
    ],
    "isTemplate": false,
    "count": 0,
    "updated": 1533922613
  }
]