[
  {
    "id": "a9875182-2e08-4dc0-a996-dbfa4d66dcb4",
    "data": [
      {
        "text": "etkinliklerinizden bahset",
        "userDefined": false
      }
    ],
    "isTemplate": false,
    "count": 0
  },
  {
    "id": "fbab8704-8aee-4756-8d90-168d1498e26c",
    "data": [
      {
        "text": "etkinliklerinizi söyle bakalım",
        "userDefined": false
      }
    ],
    "isTemplate": false,
    "count": 0
  },
  {
    "id": "e3c2ac7b-5c96-4f26-aeae-3e3cf119637b",
    "data": [
      {
        "text": "toplantılar",
        "userDefined": false
      }
    ],
    "isTemplate": false,
    "count": 0
  },
  {
    "id": "750872f6-9ca7-4806-9e9e-866ddfeeff4e",
    "data": [
      {
        "text": "grubun toplantıları",
        "userDefined": false
      }
    ],
    "isTemplate": false,
    "count": 0
  },
  {
    "id": "bc1b6612-26b8-41b4-9096-3d775fe40f04",
    "data": [
      {
        "text": "Etkinlikleri öğrenmek istiyorum",
        "userDefined": false
      }
    ],
    "isTemplate": false,
    "count": 1
  },
  {
    "id": "5655c23b-5a03-43da-b465-62af9374582a",
    "data": [
      {
        "text": "etkinlikler",
        "userDefined": false
      }
    ],
    "isTemplate": false,
    "count": 0
  },
  {
    "id": "87915250-e634-49c4-9278-2442d73f64eb",
    "data": [
      {
        "text": "buluşmalar",
        "userDefined": false
      }
    ],
    "isTemplate": false,
    "count": 0
  },
  {
    "id": "fe60826f-1681-4b31-a2b3-dd51e3c99cc4",
    "data": [
      {
        "text": "Toplantıları öğrenmek istiyorum",
        "userDefined": false
      }
    ],
    "isTemplate": false,
    "count": 0
  }
]