[
  {
    "id": "8432aa7f-9964-4134-9cbf-cf7ba47f84b8",
    "data": [
      {
        "text": "dimmi degli eventi",
        "userDefined": false
      }
    ],
    "isTemplate": false,
    "count": 0,
    "updated": 1536875900
  },
  {
    "id": "122d7cd3-24c2-4d82-b9dc-06238cf263f0",
    "data": [
      {
        "text": "sentiamo gli eventi",
        "userDefined": false
      }
    ],
    "isTemplate": false,
    "count": 0,
    "updated": 1536875900
  },
  {
    "id": "54c7a401-0d8c-4cb2-b9e6-2fa38d72daca",
    "data": [
      {
        "text": "gli eventi",
        "userDefined": false
      }
    ],
    "isTemplate": false,
    "count": 0,
    "updated": 1536875900
  },
  {
    "id": "d9ad1451-a80d-41ae-be60-209ab040b6cf",
    "data": [
      {
        "text": "il meetup del gruppo",
        "userDefined": false
      }
    ],
    "isTemplate": false,
    "count": 0,
    "updated": 1536875900
  },
  {
    "id": "72daddb7-cc11-446f-86d3-0e68bcfdfe41",
    "data": [
      {
        "text": "voglio sapere degli eventi",
        "userDefined": false
      }
    ],
    "isTemplate": false,
    "count": 0,
    "updated": 1536875900
  },
  {
    "id": "30ec518a-f120-4ded-b78a-7df5be45bdda",
    "data": [
      {
        "text": "hangout",
        "userDefined": false
      }
    ],
    "isTemplate": false,
    "count": 0,
    "updated": 1536875900
  },
  {
    "id": "bc78a5d4-0862-45b6-97f2-2dcba4471a76",
    "data": [
      {
        "text": "enventi",
        "userDefined": false
      }
    ],
    "isTemplate": false,
    "count": 0,
    "updated": 1536875900
  },
  {
    "id": "4dd7c35c-babd-4344-8900-dd0c669fbb3f",
    "data": [
      {
        "text": "meeting",
        "userDefined": false
      }
    ],
    "isTemplate": false,
    "count": 0,
    "updated": 1536875900
  },
  {
    "id": "e313fadb-7a9d-401c-869a-a3a575fe5492",
    "data": [
      {
        "text": "parlami degli eventi",
        "userDefined": false
      }
    ],
    "isTemplate": false,
    "count": 0,
    "updated": 1536875900
  },
  {
    "id": "4238bc91-9c42-4e62-b3af-829eee4eb69c",
    "data": [
      {
        "text": "evento",
        "userDefined": false
      }
    ],
    "isTemplate": false,
    "count": 0,
    "updated": 1533922613
  }
]