[
  {
    "id": "0cb17c37-21af-4873-b2b6-2c39e5d79cd9",
    "data": [
      {
        "text": "cuéntame sobre los eventos",
        "userDefined": false
      }
    ],
    "isTemplate": false,
    "count": 0,
    "updated": 1536945102
  },
  {
    "id": "6eee63dc-b0d4-48df-92f8-c16adc5fc6a1",
    "data": [
      {
        "text": "escuchemos sobre sus eventos",
        "userDefined": false
      }
    ],
    "isTemplate": false,
    "count": 0,
    "updated": 1536945102
  },
  {
    "id": "6a7fd16e-5665-4157-9e99-8eb3e901cfde",
    "data": [
      {
        "text": "Las reuniones",
        "userDefined": false
      }
    ],
    "isTemplate": false,
    "count": 0,
    "updated": 1536945102
  },
  {
    "id": "42e22c1d-c6e7-41fa-8660-b43f5f542f94",
    "data": [
      {
        "text": "la reunión del grupo",
        "userDefined": false
      }
    ],
    "isTemplate": false,
    "count": 0,
    "updated": 1536945102
  },
  {
    "id": "da4d6c9e-1702-4053-beef-8331c90b9cc1",
    "data": [
      {
        "text": "quiero saber sobre eventos",
        "userDefined": false
      }
    ],
    "isTemplate": false,
    "count": 0,
    "updated": 1536945102
  },
  {
    "id": "044f19d7-72ad-4450-9f14-d5d43a3e450e",
    "data": [
      {
        "text": "eventos",
        "userDefined": false
      }
    ],
    "isTemplate": false,
    "count": 0,
    "updated": 1536945102
  },
  {
    "id": "86d57245-7050-4840-8658-61b5e8fa96de",
    "data": [
      {
        "text": "reuniónes",
        "userDefined": false
      }
    ],
    "isTemplate": false,
    "count": 0,
    "updated": 1536945102
  },
  {
    "id": "e61490aa-477c-4872-b5d1-a1ae7000b0ef",
    "data": [
      {
        "text": "quiero escuchar sobre la reunion",
        "userDefined": false
      }
    ],
    "isTemplate": false,
    "count": 0,
    "updated": 1536945102
  },
  {
    "id": "e5411652-b88b-42bd-84db-5926493ce02a",
    "data": [
      {
        "text": "evento",
        "userDefined": false
      }
    ],
    "isTemplate": false,
    "count": 0,
    "updated": 1533922479
  }
]