[
  {
    "id": "908cbd17-4d7e-4a9a-ab23-4ab6af4ccc2e",
    "data": [
      {
        "text": "イベントについて教えて。",
        "userDefined": false
      }
    ],
    "isTemplate": false,
    "count": 0,
    "updated": 1538583931
  },
  {
    "id": "f576d576-9add-4180-ba88-4fa3104c0e39",
    "data": [
      {
        "text": "イベントについて聞かせてください。",
        "userDefined": false
      }
    ],
    "isTemplate": false,
    "count": 0,
    "updated": 1538583931
  },
  {
    "id": "eb7d1e3b-d415-458c-a10e-7a34e0fc66f7",
    "data": [
      {
        "text": "この勉強会",
        "userDefined": false
      }
    ],
    "isTemplate": false,
    "count": 0,
    "updated": 1538583931
  },
  {
    "id": "4a6233d1-5bd3-4af8-8e4f-05e5e7f53082",
    "data": [
      {
        "text": "グループのミートアップ",
        "userDefined": false
      }
    ],
    "isTemplate": false,
    "count": 0,
    "updated": 1538583931
  },
  {
    "id": "0bde86b3-9c3d-4364-a945-84c6de980943",
    "data": [
      {
        "text": "イベントについて知りたい。",
        "userDefined": false
      }
    ],
    "isTemplate": false,
    "count": 0,
    "updated": 1538583931
  },
  {
    "id": "0ae44e45-1ca9-45f6-a40f-7424168e1b00",
    "data": [
      {
        "text": "ハングアウト",
        "userDefined": false
      }
    ],
    "isTemplate": false,
    "count": 0,
    "updated": 1538583931
  },
  {
    "id": "dbeb0a06-085d-4019-af9f-f208030f8089",
    "data": [
      {
        "text": "イベント",
        "userDefined": false
      }
    ],
    "isTemplate": false,
    "count": 0,
    "updated": 1538583931
  },
  {
    "id": "3fbb8161-bc9a-4977-a63d-4afaea5953ab",
    "data": [
      {
        "text": "勉強会",
        "userDefined": false
      }
    ],
    "isTemplate": false,
    "count": 0,
    "updated": 1538583931
  },
  {
    "id": "9f768b9c-e5be-432c-a458-2fcb36ffdf55",
    "data": [
      {
        "text": "勉強会について聞きたい。",
        "userDefined": false
      }
    ],
    "isTemplate": false,
    "count": 0,
    "updated": 1538583931
  }
]