[
  {
    "id": "42ef4151-5f7a-48ea-aec5-a7fb5124218d",
    "data": [
      {
        "text": "Events",
        "userDefined": false
      }
    ],
    "isTemplate": false,
    "count": 0,
    "updated": 1529524447
  },
  {
    "id": "eb684ccc-52e8-4a00-b360-efd5eff55023",
    "data": [
      {
        "text": "hangout",
        "userDefined": false
      }
    ],
    "isTemplate": false,
    "count": 0,
    "updated": 1533834851
  },
  {
    "id": "929bb993-c6c7-4700-9dd2-77e3a1f36e13",
    "data": [
      {
        "text": "I want to know about events",
        "userDefined": false
      }
    ],
    "isTemplate": false,
    "count": 0,
    "updated": 1529524447
  },
  {
    "id": "0401ed6a-91b1-47ad-88c6-5adc75d6ef1e",
    "data": [
      {
        "text": "Lets hear about your events",
        "userDefined": false
      }
    ],
    "isTemplate": false,
    "count": 0,
    "updated": 1533834851
  },
  {
    "id": "ae7d890a-3443-420b-969c-f8631b18376a",
    "data": [
      {
        "text": "I want to hear about the meetings",
        "userDefined": false
      }
    ],
    "isTemplate": false,
    "count": 0,
    "updated": 1533834851
  },
  {
    "id": "92dfe3df-6467-47fc-a232-c533a368c78b",
    "data": [
      {
        "text": "The group\u0027s meetup",
        "userDefined": false
      }
    ],
    "isTemplate": false,
    "count": 0,
    "updated": 1533834851
  },
  {
    "id": "a15820a4-8c11-4888-abce-7095ec3f2182",
    "data": [
      {
        "text": "Tell me about the events",
        "userDefined": false
      }
    ],
    "isTemplate": false,
    "count": 0,
    "updated": 1529524447
  },
  {
    "id": "27280472-4151-4b92-91dc-8ca06d36fec2",
    "data": [
      {
        "text": "The meetings",
        "userDefined": false
      }
    ],
    "isTemplate": false,
    "count": 0,
    "updated": 1533834851
  },
  {
    "id": "ad8a928f-7980-4307-b245-7132737132c6",
    "data": [
      {
        "text": "meetings",
        "userDefined": false
      }
    ],
    "isTemplate": false,
    "count": 0,
    "updated": 1533834851
  }
]