[
  {
    "id": "d9eab055-e413-45c8-bb96-dc5b73980e46",
    "data": [
      {
        "text": "Eu quero saber sobre eventos",
        "userDefined": false
      }
    ],
    "isTemplate": false,
    "count": 0
  },
  {
    "id": "a2cc5afe-4bba-4f92-a6e4-39969f416e2c",
    "data": [
      {
        "text": "encontros",
        "userDefined": false
      }
    ],
    "isTemplate": false,
    "count": 0
  },
  {
    "id": "f061ca4c-4972-4298-a75d-c66a303a23b7",
    "data": [
      {
        "text": "Vamos ouvir sobre os seus eventos",
        "userDefined": false
      }
    ],
    "isTemplate": false,
    "count": 0
  },
  {
    "id": "ea9ab979-8409-4f5c-9481-94162c35ec55",
    "data": [
      {
        "text": "os encontros",
        "userDefined": false
      }
    ],
    "isTemplate": false,
    "count": 0
  },
  {
    "id": "ebcab8eb-337d-4d2e-9fc5-36b2b6ed8ea4",
    "data": [
      {
        "text": "Eu gostaria de saber sobre os encontros",
        "userDefined": false
      }
    ],
    "isTemplate": false,
    "count": 0
  },
  {
    "id": "3ae01814-2278-4a40-adc5-a911531aa7e0",
    "data": [
      {
        "text": "eventos",
        "userDefined": false
      }
    ],
    "isTemplate": false,
    "count": 0
  },
  {
    "id": "37862a13-d6f9-4dae-9103-0412c90ddb95",
    "data": [
      {
        "text": "Me fale sobre eventos",
        "userDefined": false
      }
    ],
    "isTemplate": false,
    "count": 0
  },
  {
    "id": "0f10bc82-0641-4986-9cf5-aa16874fab86",
    "data": [
      {
        "text": "O meetup do grupo",
        "userDefined": false
      }
    ],
    "isTemplate": false,
    "count": 0
  },
  {
    "id": "b2a68984-c6ff-4d28-9c2d-f2bd1d45e53d",
    "data": [
      {
        "text": "hangout",
        "userDefined": false
      }
    ],
    "isTemplate": false,
    "count": 0
  }
]