[
  {
    "id": "f430b8c3-5dfd-474b-9006-93c84d5eccdc",
    "data": [
      {
        "text": "Qué es este gdg",
        "userDefined": false
      }
    ],
    "isTemplate": false,
    "count": 0,
    "updated": 1536945243
  },
  {
    "id": "970554ca-2035-432e-8b15-4c9b609c781a",
    "data": [
      {
        "text": "información sobre la organización",
        "userDefined": false
      }
    ],
    "isTemplate": false,
    "count": 1,
    "updated": 1536945243
  },
  {
    "id": "378f40be-69d2-4948-abf7-54a0de0279a3",
    "data": [
      {
        "text": "información sobre el gdg",
        "userDefined": false
      }
    ],
    "isTemplate": false,
    "count": 0,
    "updated": 1536945243
  },
  {
    "id": "85e00b5b-3a87-4f82-91fd-4275f4d3cfe9",
    "data": [
      {
        "text": "Quiero saber sobre el grupo",
        "userDefined": false
      }
    ],
    "isTemplate": false,
    "count": 0,
    "updated": 1536945243
  },
  {
    "id": "059d911c-13c4-4ec3-97ec-047c5b608293",
    "data": [
      {
        "text": "Dime de la organización",
        "userDefined": false
      }
    ],
    "isTemplate": false,
    "count": 0,
    "updated": 1536945243
  },
  {
    "id": "3f318ec5-ad82-4082-a24f-0487efbed5b6",
    "data": [
      {
        "text": "deme de la organizacion",
        "userDefined": false
      }
    ],
    "isTemplate": false,
    "count": 0,
    "updated": 1536945243
  },
  {
    "id": "1ab43452-3ac6-4c82-bf64-96b383eb9f09",
    "data": [
      {
        "text": "esta organizacion",
        "userDefined": false
      }
    ],
    "isTemplate": false,
    "count": 0,
    "updated": 1536945243
  },
  {
    "id": "27f0d8b7-4c80-4aca-ae8d-c14950cd3584",
    "data": [
      {
        "text": "este gdg",
        "userDefined": false
      }
    ],
    "isTemplate": false,
    "count": 0,
    "updated": 1536945243
  },
  {
    "id": "322b2373-3d9a-4da4-807a-34d23c9a07c0",
    "data": [
      {
        "text": "cuentame sobre el grupo",
        "userDefined": false
      }
    ],
    "isTemplate": false,
    "count": 0,
    "updated": 1536945243
  },
  {
    "id": "6b5d70a0-0e28-4bc7-8ca2-7d8f0d72c974",
    "data": [
      {
        "text": "organizacion",
        "userDefined": false
      }
    ],
    "isTemplate": false,
    "count": 0,
    "updated": 1536945243
  },
  {
    "id": "5a990acd-49a8-4135-a246-1261b7a09169",
    "data": [
      {
        "text": "reunion",
        "userDefined": false
      }
    ],
    "isTemplate": false,
    "count": 0,
    "updated": 1536945243
  },
  {
    "id": "d2527951-705c-4b12-b81e-a385126dfa6d",
    "data": [
      {
        "text": "quiero saber mas",
        "userDefined": false
      }
    ],
    "isTemplate": false,
    "count": 0,
    "updated": 1536945243
  },
  {
    "id": "e7b17f21-582d-4cc8-82ac-04e318dbc7b8",
    "data": [
      {
        "text": "gdg",
        "userDefined": false
      }
    ],
    "isTemplate": false,
    "count": 0,
    "updated": 1536945243
  },
  {
    "id": "f46ca884-9eea-494d-a3bc-ee5607de766d",
    "data": [
      {
        "text": "Sobre GDG",
        "userDefined": false
      }
    ],
    "isTemplate": false,
    "count": 0,
    "updated": 1533922490
  },
  {
    "id": "54af16cb-cf64-422c-9d01-19438617729a",
    "data": [
      {
        "text": "quiero escuchar sobre este grupo",
        "userDefined": false
      }
    ],
    "isTemplate": false,
    "count": 0,
    "updated": 1536945243
  },
  {
    "id": "bf67c5ba-7b8e-4666-bfe0-3e90c6204e71",
    "data": [
      {
        "text": "quiero saber sobre el gdg",
        "userDefined": false
      }
    ],
    "isTemplate": false,
    "count": 0,
    "updated": 1536945243
  },
  {
    "id": "6161e3fd-4222-4aca-a4bc-698d8c662183",
    "data": [
      {
        "text": "cuéntame sobre el gdg",
        "userDefined": false
      }
    ],
    "isTemplate": false,
    "count": 0,
    "updated": 1536945243
  },
  {
    "id": "17367bbe-6a99-4970-a9fb-b8a7a2b49756",
    "data": [
      {
        "text": "este grupo",
        "userDefined": false
      }
    ],
    "isTemplate": false,
    "count": 0,
    "updated": 1536945243
  },
  {
    "id": "094c41bb-4ccf-47fa-8bc4-b58ef5d4890a",
    "data": [
      {
        "text": "groupo",
        "userDefined": false
      }
    ],
    "isTemplate": false,
    "count": 0,
    "updated": 1536945243
  },
  {
    "id": "41d7db32-eb9e-46b4-8009-5dbfb7ba72f3",
    "data": [
      {
        "text": "cuéntame sobre la reunión",
        "userDefined": false
      }
    ],
    "isTemplate": false,
    "count": 0,
    "updated": 1536945243
  },
  {
    "id": "1b31e21e-c617-44d8-8633-139585f0622f",
    "data": [
      {
        "text": "Quiero saber sobre la organización",
        "userDefined": false
      }
    ],
    "isTemplate": false,
    "count": 1,
    "updated": 1536945243
  }
]