[
  {
    "id": "375f44aa-1155-43b6-a8ee-8da015948bd4",
    "data": [
      {
        "text": "topluluk hakkında bilgi ver",
        "userDefined": false
      }
    ],
    "isTemplate": false,
    "count": 0
  },
  {
    "id": "5b33fbb1-e5f9-411c-b704-82e8f1e1e383",
    "data": [
      {
        "text": "grubu tanımak istiyorum",
        "userDefined": false
      }
    ],
    "isTemplate": false,
    "count": 0
  },
  {
    "id": "44a25856-c1be-402a-83fd-b34cd4522ff2",
    "data": [
      {
        "text": "gdg nedir",
        "userDefined": false
      }
    ],
    "isTemplate": false,
    "count": 0
  },
  {
    "id": "e00a9a44-8dc7-4a78-b8d5-08b5c3e9750b",
    "data": [
      {
        "text": "topluluk ile ilgili bilgi almak istiyorum",
        "userDefined": false
      }
    ],
    "isTemplate": false,
    "count": 0
  },
  {
    "id": "3a1660ec-47d8-4072-9cbd-9ff71b8a066c",
    "data": [
      {
        "text": "gdg hakkında bilgi ver",
        "userDefined": false
      }
    ],
    "isTemplate": false,
    "count": 0
  },
  {
    "id": "28c6d05b-ef61-4720-9898-3111226f4e7c",
    "data": [
      {
        "text": "bu topluluk",
        "userDefined": false
      }
    ],
    "isTemplate": false,
    "count": 0
  },
  {
    "id": "171d8be3-66c1-4a54-add9-23f867cf87cc",
    "data": [
      {
        "text": "toplantı",
        "userDefined": false
      }
    ],
    "isTemplate": false,
    "count": 0
  },
  {
    "id": "9ed5c31a-e73f-415b-9316-ed901c152149",
    "data": [
      {
        "text": "gdg den bahset",
        "userDefined": false
      }
    ],
    "isTemplate": false,
    "count": 1
  },
  {
    "id": "10fe0a34-e549-4f6e-b02f-acdba5744278",
    "data": [
      {
        "text": "bu grup",
        "userDefined": false
      }
    ],
    "isTemplate": false,
    "count": 0
  },
  {
    "id": "7343ca38-7b81-45a5-86ff-6313a0a11391",
    "data": [
      {
        "text": "toplulukla ilgili bilgi almak istiyorum",
        "userDefined": false
      }
    ],
    "isTemplate": false,
    "count": 0
  },
  {
    "id": "0b801783-e571-4ec3-a2ed-12df7dcbec7f",
    "data": [
      {
        "text": "grup",
        "userDefined": false
      }
    ],
    "isTemplate": false,
    "count": 0
  },
  {
    "id": "fd99c24d-48c0-4f98-818b-35837f40ab2e",
    "data": [
      {
        "text": "bu gdg",
        "userDefined": false
      }
    ],
    "isTemplate": false,
    "count": 0
  },
  {
    "id": "ed2d9205-2c9f-4db9-9299-4c03d8485855",
    "data": [
      {
        "text": "bana topluluktan bahset",
        "userDefined": false
      }
    ],
    "isTemplate": false,
    "count": 0
  },
  {
    "id": "5bdc35e0-6314-4fd7-8aa0-807c56bb156c",
    "data": [
      {
        "text": "bu grupla ilgili bilgi almak istiyorum",
        "userDefined": false
      }
    ],
    "isTemplate": false,
    "count": 0
  },
  {
    "id": "5152bb1e-016e-47c1-b281-d06443d069ba",
    "data": [
      {
        "text": "gdg",
        "userDefined": false
      }
    ],
    "isTemplate": false,
    "count": 0
  },
  {
    "id": "78487b6e-3460-45a1-8ee4-b104d8bfab86",
    "data": [
      {
        "text": "gdg hakkında",
        "userDefined": false
      }
    ],
    "isTemplate": false,
    "count": 0
  },
  {
    "id": "91673176-bf85-4e90-9029-5115cad568c1",
    "data": [
      {
        "text": "topluluk",
        "userDefined": false
      }
    ],
    "isTemplate": false,
    "count": 0
  },
  {
    "id": "1a595ade-c9af-40ba-a7f0-92f5549643bf",
    "data": [
      {
        "text": "gdg hakkında bilgi almak itiyorum",
        "userDefined": false
      }
    ],
    "isTemplate": false,
    "count": 0
  },
  {
    "id": "200c343d-f0c9-415b-9c3f-386573711e7f",
    "data": [
      {
        "text": "daha fazla bilmek istiyorum",
        "userDefined": false
      }
    ],
    "isTemplate": false,
    "count": 0
  }
]