[
  {
    "id": "dd4d8696-d225-4853-8c98-0b9e3767af7e",
    "data": [
      {
        "text": "GDGとは何ですか",
        "userDefined": false
      }
    ],
    "isTemplate": false,
    "count": 1,
    "updated": 1538584028
  },
  {
    "id": "b0ad81c5-4d8a-48ae-a2d2-68ae68d248d1",
    "data": [
      {
        "text": "このGDG",
        "userDefined": false
      }
    ],
    "isTemplate": false,
    "count": 1,
    "updated": 1538584028
  },
  {
    "id": "90d68388-1c08-443c-9c3e-dc8b2e45b4ea",
    "data": [
      {
        "text": "GDGについて知りたい。",
        "userDefined": false
      }
    ],
    "isTemplate": false,
    "count": 0,
    "updated": 1538584028
  },
  {
    "id": "b8c16d7c-130d-4f20-acfd-fb028ce2d86a",
    "data": [
      {
        "text": "GDG",
        "userDefined": false
      }
    ],
    "isTemplate": false,
    "count": 0,
    "updated": 1538584028
  },
  {
    "id": "389e05b0-c105-4865-8210-d87a1e7acdba",
    "data": [
      {
        "text": "コミュニティ",
        "userDefined": false
      }
    ],
    "isTemplate": false,
    "count": 1,
    "updated": 1538584028
  },
  {
    "id": "392aa660-0aef-46b1-aa7b-0e918bb0ba32",
    "data": [
      {
        "text": "ミートアップについて教えて。",
        "userDefined": false
      }
    ],
    "isTemplate": false,
    "count": 0,
    "updated": 1538584028
  },
  {
    "id": "03acbef4-61f4-4e04-a308-43a9be4a85e4",
    "data": [
      {
        "text": "このグループについて知りたい。",
        "userDefined": false
      }
    ],
    "isTemplate": false,
    "count": 0,
    "updated": 1538584028
  },
  {
    "id": "b304add0-e963-49ac-9576-fb1ea3a5a396",
    "data": [
      {
        "text": "コミュニティについての情報",
        "userDefined": false
      }
    ],
    "isTemplate": false,
    "count": 1,
    "updated": 1538584028
  },
  {
    "id": "759e90eb-e5ae-4015-b390-5e0cc8131c86",
    "data": [
      {
        "text": "コミュニティについて教えて。",
        "userDefined": false
      }
    ],
    "isTemplate": false,
    "count": 1,
    "updated": 1538584028
  },
  {
    "id": "a352f013-e805-4d45-af34-bd59f994829c",
    "data": [
      {
        "text": "グループ",
        "userDefined": false
      }
    ],
    "isTemplate": false,
    "count": 0,
    "updated": 1538584028
  },
  {
    "id": "26f85668-5df1-4840-81e4-fe89f17b0f5a",
    "data": [
      {
        "text": "このコミュニティ",
        "userDefined": false
      }
    ],
    "isTemplate": false,
    "count": 1,
    "updated": 1538584028
  },
  {
    "id": "714c849e-6366-440e-b005-5f977768ec00",
    "data": [
      {
        "text": "ミートアップ",
        "userDefined": false
      }
    ],
    "isTemplate": false,
    "count": 0,
    "updated": 1538584028
  },
  {
    "id": "c989bc02-c3b6-416d-b875-1302ad44d10c",
    "data": [
      {
        "text": "GDGについて",
        "userDefined": false
      }
    ],
    "isTemplate": false,
    "count": 1,
    "updated": 1538584028
  },
  {
    "id": "ca58a99b-6e93-43d8-bf70-bb2be4fff6a3",
    "data": [
      {
        "text": "グループについて知りたい。",
        "userDefined": false
      }
    ],
    "isTemplate": false,
    "count": 0,
    "updated": 1538584028
  },
  {
    "id": "8a2ffd19-515a-4b5f-920e-f9f8a5e9ecfa",
    "data": [
      {
        "text": "コミュニティについて知りたい。",
        "userDefined": false
      }
    ],
    "isTemplate": false,
    "count": 0,
    "updated": 1538584028
  },
  {
    "id": "ac791c46-c255-43c9-a27d-f74190b12544",
    "data": [
      {
        "text": "このグループ",
        "userDefined": false
      }
    ],
    "isTemplate": false,
    "count": 0,
    "updated": 1538584028
  },
  {
    "id": "52a1a7ca-8a36-412a-beb6-4397abd440fd",
    "data": [
      {
        "text": "グループについて教えて。",
        "userDefined": false
      }
    ],
    "isTemplate": false,
    "count": 0,
    "updated": 1538584028
  },
  {
    "id": "5e075ce1-5f49-42ca-93d5-ec442cd64880",
    "data": [
      {
        "text": "GDGについて教えて。",
        "userDefined": false
      }
    ],
    "isTemplate": false,
    "count": 0,
    "updated": 1538584028
  },
  {
    "id": "8bd038db-813c-49c0-af41-68f5d4031a67",
    "data": [
      {
        "text": "GDGの情報",
        "userDefined": false
      }
    ],
    "isTemplate": false,
    "count": 1,
    "updated": 1538584028
  },
  {
    "id": "c253e836-ea7b-4b55-a31d-e010bc1fcd1c",
    "data": [
      {
        "text": "もっと知りたい。",
        "userDefined": false
      }
    ],
    "isTemplate": false,
    "count": 0,
    "updated": 1538584028
  }
]