[
  {
    "id": "52d79da6-ba42-41e3-9a53-76558d9ac9df",
    "data": [
      {
        "text": "Qué es este gdg",
        "userDefined": false
      }
    ],
    "isTemplate": false,
    "count": 0,
    "updated": 1536945243
  },
  {
    "id": "2a9ff33b-1118-4418-895a-6d8e1be77e78",
    "data": [
      {
        "text": "información sobre la organización",
        "userDefined": false
      }
    ],
    "isTemplate": false,
    "count": 1,
    "updated": 1536945243
  },
  {
    "id": "36b70380-e98e-4356-ac5d-d807fb5589a7",
    "data": [
      {
        "text": "información sobre el gdg",
        "userDefined": false
      }
    ],
    "isTemplate": false,
    "count": 0,
    "updated": 1536945243
  },
  {
    "id": "77f88bed-2159-4874-8d2a-8ccc75ac2262",
    "data": [
      {
        "text": "Quiero saber sobre el grupo",
        "userDefined": false
      }
    ],
    "isTemplate": false,
    "count": 0,
    "updated": 1536945243
  },
  {
    "id": "bf920897-d304-4c4b-ae40-2bb6defdd076",
    "data": [
      {
        "text": "Dime de la organización",
        "userDefined": false
      }
    ],
    "isTemplate": false,
    "count": 0,
    "updated": 1536945243
  },
  {
    "id": "0aaf1204-7523-4688-896b-97f0e672f6b4",
    "data": [
      {
        "text": "deme de la organizacion",
        "userDefined": false
      }
    ],
    "isTemplate": false,
    "count": 0,
    "updated": 1536945243
  },
  {
    "id": "3600cc68-b92b-4f7b-940a-757f3b38daa5",
    "data": [
      {
        "text": "esta organizacion",
        "userDefined": false
      }
    ],
    "isTemplate": false,
    "count": 0,
    "updated": 1536945243
  },
  {
    "id": "aea3f738-cb7e-4c61-a155-f7ceb4b65046",
    "data": [
      {
        "text": "este gdg",
        "userDefined": false
      }
    ],
    "isTemplate": false,
    "count": 0,
    "updated": 1536945243
  },
  {
    "id": "533bd564-94dd-483c-a56d-a4b0c23ec963",
    "data": [
      {
        "text": "cuentame sobre el grupo",
        "userDefined": false
      }
    ],
    "isTemplate": false,
    "count": 0,
    "updated": 1536945243
  },
  {
    "id": "d7f2b9b9-da5e-472b-a0b1-534a960417dc",
    "data": [
      {
        "text": "organizacion",
        "userDefined": false
      }
    ],
    "isTemplate": false,
    "count": 0,
    "updated": 1536945243
  },
  {
    "id": "1ec3ef1d-a6a3-465a-8f40-dd949f4ecc52",
    "data": [
      {
        "text": "reunion",
        "userDefined": false
      }
    ],
    "isTemplate": false,
    "count": 0,
    "updated": 1536945243
  },
  {
    "id": "1f043da9-5683-4125-b5fc-66a29b987f9a",
    "data": [
      {
        "text": "quiero saber mas",
        "userDefined": false
      }
    ],
    "isTemplate": false,
    "count": 0,
    "updated": 1536945243
  },
  {
    "id": "d04063e7-16aa-48a0-a8ef-b73f5052ac93",
    "data": [
      {
        "text": "gdg",
        "userDefined": false
      }
    ],
    "isTemplate": false,
    "count": 0,
    "updated": 1536945243
  },
  {
    "id": "0831acbc-c14b-45e3-bd8e-ab6bee94ade3",
    "data": [
      {
        "text": "Sobre GDG",
        "userDefined": false
      }
    ],
    "isTemplate": false,
    "count": 0,
    "updated": 1533922490
  },
  {
    "id": "4fea7406-d0d6-4276-a45f-3fdb25ba0c72",
    "data": [
      {
        "text": "quiero escuchar sobre este grupo",
        "userDefined": false
      }
    ],
    "isTemplate": false,
    "count": 0,
    "updated": 1536945243
  },
  {
    "id": "f454d1f7-4766-4550-b24e-4355ae059288",
    "data": [
      {
        "text": "quiero saber sobre el gdg",
        "userDefined": false
      }
    ],
    "isTemplate": false,
    "count": 0,
    "updated": 1536945243
  },
  {
    "id": "197ba8d2-f982-4dee-9858-5e84e6c780a8",
    "data": [
      {
        "text": "cuéntame sobre el gdg",
        "userDefined": false
      }
    ],
    "isTemplate": false,
    "count": 0,
    "updated": 1536945243
  },
  {
    "id": "e153697f-62ba-4d5a-bb5b-fcb3354fb13d",
    "data": [
      {
        "text": "este grupo",
        "userDefined": false
      }
    ],
    "isTemplate": false,
    "count": 0,
    "updated": 1536945243
  },
  {
    "id": "31ecca54-480b-4bae-8134-d16961f81006",
    "data": [
      {
        "text": "groupo",
        "userDefined": false
      }
    ],
    "isTemplate": false,
    "count": 0,
    "updated": 1536945243
  },
  {
    "id": "4529fd7f-f5b0-4cdc-bbe7-b07fd13db564",
    "data": [
      {
        "text": "cuéntame sobre la reunión",
        "userDefined": false
      }
    ],
    "isTemplate": false,
    "count": 0,
    "updated": 1536945243
  },
  {
    "id": "50e571e1-2dcf-42b2-803a-94d9df0cb811",
    "data": [
      {
        "text": "Quiero saber sobre la organización",
        "userDefined": false
      }
    ],
    "isTemplate": false,
    "count": 1,
    "updated": 1536945243
  }
]