[
  {
    "id": "206c556f-1172-4729-b594-9bc2474ad6f2",
    "data": [
      {
        "text": "Was ist diese GDG",
        "userDefined": false
      }
    ],
    "isTemplate": false,
    "count": 0,
    "updated": 1538195513
  },
  {
    "id": "ce624d74-51a8-4119-9982-fbc314a42064",
    "data": [
      {
        "text": "Information zu der Organisation",
        "userDefined": false
      }
    ],
    "isTemplate": false,
    "count": 0,
    "updated": 1538195513
  },
  {
    "id": "18fe3fae-8850-4ca9-b121-57003501c781",
    "data": [
      {
        "text": "Info zu der GDG",
        "userDefined": false
      }
    ],
    "isTemplate": false,
    "count": 0,
    "updated": 1538195513
  },
  {
    "id": "5b212e9b-a1ff-4ce0-ab6f-396b5cb496e7",
    "data": [
      {
        "text": "Ich möchte mehr über die Gruppe erfahren",
        "userDefined": false
      }
    ],
    "isTemplate": false,
    "count": 0,
    "updated": 1538195513
  },
  {
    "id": "cfd181a1-f824-4209-a74f-d4ee53341c07",
    "data": [
      {
        "text": "Erzähl mir mehr über die Organisation",
        "userDefined": false
      }
    ],
    "isTemplate": false,
    "count": 0,
    "updated": 1538195513
  },
  {
    "id": "2cbbca9b-547a-4182-b4d3-7d3714a9412c",
    "data": [
      {
        "text": "Diese Organisation",
        "userDefined": false
      }
    ],
    "isTemplate": false,
    "count": 0,
    "updated": 1538195513
  },
  {
    "id": "33d7ecac-9548-46c8-a23c-6502ef17da13",
    "data": [
      {
        "text": "Diese GDG",
        "userDefined": false
      }
    ],
    "isTemplate": false,
    "count": 0,
    "updated": 1538195513
  },
  {
    "id": "b5d0b352-b998-4c05-8dcb-06955c94c5b3",
    "data": [
      {
        "text": "Erzähl mir mehr über die Gruppe",
        "userDefined": false
      }
    ],
    "isTemplate": false,
    "count": 0,
    "updated": 1538195513
  },
  {
    "id": "eeb753dd-77e8-43ee-bb86-8f4b76b2afbb",
    "data": [
      {
        "text": "Organisation",
        "userDefined": false
      }
    ],
    "isTemplate": false,
    "count": 0,
    "updated": 1538195513
  },
  {
    "id": "86bdd2da-fce3-4e99-aa6b-096558fb7093",
    "data": [
      {
        "text": "Meetup",
        "userDefined": false
      }
    ],
    "isTemplate": false,
    "count": 0,
    "updated": 1538195513
  },
  {
    "id": "8c17a083-a428-4f9f-9006-39a142ec72c1",
    "data": [
      {
        "text": "Ich möchte mehr ",
        "userDefined": false
      },
      {
        "text": "wissen",
        "meta": "@sys.ignore",
        "userDefined": false
      }
    ],
    "isTemplate": false,
    "count": 0,
    "updated": 1538195513
  },
  {
    "id": "37a2b081-d278-458c-a17e-d84ae03a6f21",
    "data": [
      {
        "text": "GDG",
        "userDefined": false
      }
    ],
    "isTemplate": false,
    "count": 0,
    "updated": 1538195513
  },
  {
    "id": "40afe374-b23c-4d38-af0a-42ed5a16f7a7",
    "data": [
      {
        "text": "Über die GDG",
        "userDefined": false
      }
    ],
    "isTemplate": false,
    "count": 0,
    "updated": 1538195513
  },
  {
    "id": "8293eff6-c6b3-4826-8022-72cfcbd232eb",
    "data": [
      {
        "text": "Ich möchte mehr über diese Gruppe hören",
        "userDefined": false
      }
    ],
    "isTemplate": false,
    "count": 0,
    "updated": 1538195513
  },
  {
    "id": "c896547c-77e8-4024-83a1-c15e3194a420",
    "data": [
      {
        "text": "Ich möchte mehr über die GDG erfahren",
        "userDefined": false
      }
    ],
    "isTemplate": false,
    "count": 0,
    "updated": 1538195513
  },
  {
    "id": "72573279-4600-4d97-874d-ad6b5846ab49",
    "data": [
      {
        "text": "Diese Gruppe",
        "userDefined": false
      }
    ],
    "isTemplate": false,
    "count": 0,
    "updated": 1538195513
  },
  {
    "id": "57813292-626a-483f-a4c9-ce3ffb69bb70",
    "data": [
      {
        "text": "Erzähl mir mehr über die GDG",
        "userDefined": false
      }
    ],
    "isTemplate": false,
    "count": 0,
    "updated": 1538195513
  },
  {
    "id": "2f0467a7-037e-4b11-9627-146380c3a74e",
    "data": [
      {
        "text": "Gruppe",
        "userDefined": false
      }
    ],
    "isTemplate": false,
    "count": 0,
    "updated": 1538195513
  },
  {
    "id": "4f4c9ddc-3445-42f5-b73e-09bb8e6f4df9",
    "data": [
      {
        "text": "Erzähl mir etwas über das Meetup",
        "userDefined": false
      }
    ],
    "isTemplate": false,
    "count": 1,
    "updated": 1538195513
  }
]