[
  {
    "id": "629cc198-2d0d-4d96-82c2-169d57a37bd3",
    "data": [
      {
        "text": "cos\u0027e\u0027 questo gdg",
        "userDefined": false
      }
    ],
    "isTemplate": false,
    "count": 0,
    "updated": 1536885946
  },
  {
    "id": "aa78f992-2051-4cd5-b0b5-26303ce61633",
    "data": [
      {
        "text": "informazioni sull\u0027organizzazione",
        "userDefined": false
      }
    ],
    "isTemplate": false,
    "count": 1,
    "updated": 1536885946
  },
  {
    "id": "e494abf2-eef4-46a0-b017-ab25f12c595c",
    "data": [
      {
        "text": "informazioni sul gdg",
        "userDefined": false
      }
    ],
    "isTemplate": false,
    "count": 0,
    "updated": 1525735583
  },
  {
    "id": "1f023ee9-fab3-4ffe-899d-d8fd0207bd7c",
    "data": [
      {
        "text": "voglio sapere tutto sul gruppo",
        "userDefined": false
      }
    ],
    "isTemplate": false,
    "count": 1,
    "updated": 1536885946
  },
  {
    "id": "0d944ee6-4281-4136-bf1b-4f3bd4ab5d30",
    "data": [
      {
        "text": "parlami dell\u0027organizzazione",
        "userDefined": false
      }
    ],
    "isTemplate": false,
    "count": 0,
    "updated": 1536885946
  },
  {
    "id": "b3f1fea5-864d-443f-9c4d-8446368bed00",
    "data": [
      {
        "text": "questa organizzazione",
        "userDefined": false
      }
    ],
    "isTemplate": false,
    "count": 0,
    "updated": 1536885946
  },
  {
    "id": "8ae7a15a-2035-4d78-9062-f66937539725",
    "data": [
      {
        "text": "questo gdg",
        "userDefined": false
      }
    ],
    "isTemplate": false,
    "count": 1,
    "updated": 1536885946
  },
  {
    "id": "7ba61d02-11db-433a-8379-961e4b5ca1ef",
    "data": [
      {
        "text": "parlami del gruppo",
        "userDefined": false
      }
    ],
    "isTemplate": false,
    "count": 0,
    "updated": 1536885946
  },
  {
    "id": "64cd6091-b2e6-478e-98e2-0235a0615fd9",
    "data": [
      {
        "text": "organizzazione",
        "userDefined": false
      }
    ],
    "isTemplate": false,
    "count": 1,
    "updated": 1536885946
  },
  {
    "id": "c0c82755-71ba-4cba-adf0-df4150846c40",
    "data": [
      {
        "text": "meetup",
        "userDefined": false
      }
    ],
    "isTemplate": false,
    "count": 0,
    "updated": 1536885946
  },
  {
    "id": "b808a0b3-3ba6-4f8e-bb58-a7036201fffc",
    "data": [
      {
        "text": "dimmi di piu\u0027",
        "userDefined": false
      }
    ],
    "isTemplate": false,
    "count": 0,
    "updated": 1536885946
  },
  {
    "id": "6391c4f3-9891-4578-9fe2-c507be5fe5e7",
    "data": [
      {
        "text": "gdg",
        "userDefined": false
      }
    ],
    "isTemplate": false,
    "count": 0,
    "updated": 1525735583
  },
  {
    "id": "0e446d64-6258-44ec-b0d7-28d98676ff01",
    "data": [
      {
        "text": "riguardo al gdg",
        "userDefined": false
      }
    ],
    "isTemplate": false,
    "count": 0,
    "updated": 1536885946
  },
  {
    "id": "555ea143-896d-42a3-b01c-fa8da399ddc7",
    "data": [
      {
        "text": "voglio sentire del gdg",
        "userDefined": false
      }
    ],
    "isTemplate": false,
    "count": 0,
    "updated": 1536885946
  },
  {
    "id": "78886b5e-3575-41a6-a47a-c6a90587f857",
    "data": [
      {
        "text": "voglio sapere del gdg",
        "userDefined": false
      }
    ],
    "isTemplate": false,
    "count": 0,
    "updated": 1536885946
  },
  {
    "id": "2133c308-09c5-4d1b-a463-53450da25980",
    "data": [
      {
        "text": "questo gruppo",
        "userDefined": false
      }
    ],
    "isTemplate": false,
    "count": 0,
    "updated": 1536885946
  },
  {
    "id": "32ebbb8c-204d-4a6f-9646-359343fa1fa1",
    "data": [
      {
        "text": "parlami del gdg",
        "userDefined": false
      }
    ],
    "isTemplate": false,
    "count": 0,
    "updated": 1525735583
  },
  {
    "id": "07a9d73b-f1c0-4c99-b57d-106f32bd8b07",
    "data": [
      {
        "text": "gruppo",
        "userDefined": false
      }
    ],
    "isTemplate": false,
    "count": 0,
    "updated": 1536885946
  },
  {
    "id": "a897b619-b21f-4088-8f27-590875e0f053",
    "data": [
      {
        "text": "dimmi di piu\u0027 sul meetup",
        "userDefined": false
      }
    ],
    "isTemplate": false,
    "count": 0,
    "updated": 1536885946
  },
  {
    "id": "a826dc6c-056b-4321-9e21-c18b66685f32",
    "data": [
      {
        "text": "voglio sapere dell\u0027organizzazione",
        "userDefined": false
      }
    ],
    "isTemplate": false,
    "count": 0,
    "updated": 1536885946
  },
  {
    "id": "281102be-dd78-4aee-99f6-af7d04ba99bf",
    "data": [
      {
        "text": "vorrei saperne di piu\u0027 sul gdg",
        "userDefined": false
      }
    ],
    "isTemplate": false,
    "count": 3,
    "updated": 1525735583
  }
]