[
  {
    "id": "71954808-9316-47dc-9a4f-f06d9e9f996b",
    "data": [
      {
        "text": "I want to know about the organization",
        "userDefined": false
      }
    ],
    "isTemplate": false,
    "count": 0,
    "updated": 1533834784
  },
  {
    "id": "b731483b-f5f0-45c4-88bb-1f8ed22f2300",
    "data": [
      {
        "text": "Tell me about the meetup",
        "userDefined": false
      }
    ],
    "isTemplate": false,
    "count": 0,
    "updated": 1533834784
  },
  {
    "id": "b36df638-1372-4698-8955-d5c13b1f65cf",
    "data": [
      {
        "text": "group",
        "userDefined": false
      }
    ],
    "isTemplate": false,
    "count": 0,
    "updated": 1533834784
  },
  {
    "id": "742cabc9-1172-4d9b-b18a-846e6e7c8bc8",
    "data": [
      {
        "text": "tell me about the gdg",
        "userDefined": false
      }
    ],
    "isTemplate": false,
    "count": 1,
    "updated": 1533752707
  },
  {
    "id": "c6073293-1e7a-4c5e-b00d-89e82ab2cc85",
    "data": [
      {
        "text": "this group",
        "userDefined": false
      }
    ],
    "isTemplate": false,
    "count": 0,
    "updated": 1533834784
  },
  {
    "id": "b523bf95-fb80-414a-87d7-38457d222d2c",
    "data": [
      {
        "text": "I want to know about the gdg",
        "userDefined": false
      }
    ],
    "isTemplate": false,
    "count": 1,
    "updated": 1533752707
  },
  {
    "id": "f97b8dde-9a9b-4758-a239-1d5fdbe29e20",
    "data": [
      {
        "text": "I want to hear about this group",
        "userDefined": false
      }
    ],
    "isTemplate": false,
    "count": 0,
    "updated": 1533834784
  },
  {
    "id": "212aef7c-5518-4859-a8d0-990421d20120",
    "data": [
      {
        "text": "About GDG",
        "userDefined": false
      }
    ],
    "isTemplate": false,
    "count": 0,
    "updated": 1530290187
  },
  {
    "id": "f663d865-bb69-4b8a-8a24-715f5de04517",
    "data": [
      {
        "text": "gdg",
        "userDefined": false
      }
    ],
    "isTemplate": false,
    "count": 0,
    "updated": 1533752707
  },
  {
    "id": "d8a55ffb-761e-4a48-b0a4-68e31e29868c",
    "data": [
      {
        "text": "I want to know more",
        "userDefined": false
      }
    ],
    "isTemplate": false,
    "count": 0,
    "updated": 1533834784
  },
  {
    "id": "027aa515-3641-44ca-b029-6f28a40e7cff",
    "data": [
      {
        "text": "meetup",
        "userDefined": false
      }
    ],
    "isTemplate": false,
    "count": 1,
    "updated": 1533834784
  },
  {
    "id": "48bb0d48-341e-4385-ac8d-b7b447b66f09",
    "data": [
      {
        "text": "organization",
        "userDefined": false
      }
    ],
    "isTemplate": false,
    "count": 1,
    "updated": 1533752707
  },
  {
    "id": "9a74e2df-ff0c-4957-b0dd-21b28fe63231",
    "data": [
      {
        "text": "tell me about the group",
        "userDefined": false
      }
    ],
    "isTemplate": false,
    "count": 0,
    "updated": 1533834870
  },
  {
    "id": "ad2854a0-6e3d-4a19-9c0e-af1c40493b14",
    "data": [
      {
        "text": "this gdg",
        "userDefined": false
      }
    ],
    "isTemplate": false,
    "count": 0,
    "updated": 1533834784
  },
  {
    "id": "08983669-9c3b-4715-b12f-6abe3f72d40f",
    "data": [
      {
        "text": "this organzation",
        "userDefined": false
      }
    ],
    "isTemplate": false,
    "count": 0,
    "updated": 1533834784
  },
  {
    "id": "d0f8cfa7-170f-4b79-ace5-d38d9bab9b96",
    "data": [
      {
        "text": "Tell me about the organization",
        "userDefined": false
      }
    ],
    "isTemplate": false,
    "count": 0,
    "updated": 1533752707
  },
  {
    "id": "a366174b-d7f9-4a38-bfd7-5aefd001d613",
    "data": [
      {
        "text": "this meetup",
        "userDefined": false
      }
    ],
    "isTemplate": false,
    "count": 0,
    "updated": 1533834784
  },
  {
    "id": "d909f47b-5f83-4176-9aa9-56852dcdf11c",
    "data": [
      {
        "text": "I want to know about the group",
        "userDefined": false
      }
    ],
    "isTemplate": false,
    "count": 0,
    "updated": 1533834784
  },
  {
    "id": "e5d71a88-22b9-4705-9684-1073e4e58ede",
    "data": [
      {
        "text": "info on the gdg",
        "userDefined": false
      }
    ],
    "isTemplate": false,
    "count": 0,
    "updated": 1533752707
  },
  {
    "id": "c1a48921-b9a8-4a45-b373-98bae5ebaf02",
    "data": [
      {
        "text": "information about the organzation",
        "userDefined": false
      }
    ],
    "isTemplate": false,
    "count": 0,
    "updated": 1533752707
  },
  {
    "id": "f1b0fe06-c944-40ce-aa7d-08d21786bd53",
    "data": [
      {
        "text": "what is this gdg",
        "userDefined": false
      }
    ],
    "isTemplate": false,
    "count": 0,
    "updated": 1533752707
  }
]