[
  {
    "id": "fb81a60a-a4b4-4c43-9d52-2a1a024a9050",
    "data": [
      {
        "text": "meetup",
        "userDefined": false
      }
    ],
    "isTemplate": false,
    "count": 0
  },
  {
    "id": "32290129-1228-477f-a4a2-18e6c0c8e480",
    "data": [
      {
        "text": "Me fale sobre o grupo",
        "userDefined": false
      }
    ],
    "isTemplate": false,
    "count": 0
  },
  {
    "id": "c0489c6b-e075-4bbb-a806-3338535ceadb",
    "data": [
      {
        "text": "informação sobre a organização",
        "userDefined": false
      }
    ],
    "isTemplate": false,
    "count": 0
  },
  {
    "id": "1f404922-cdf0-416b-98e7-af03925e1b80",
    "data": [
      {
        "text": "organização",
        "userDefined": false
      }
    ],
    "isTemplate": false,
    "count": 0
  },
  {
    "id": "ed4c28b7-f47c-4823-ad5d-24c4ec6e973a",
    "data": [
      {
        "text": "Eu quero saber mais",
        "userDefined": false
      }
    ],
    "isTemplate": false,
    "count": 0
  },
  {
    "id": "969ab558-ef28-4d8a-9bdf-d2375182c6e3",
    "data": [
      {
        "text": "Me fale sobre o meetup",
        "userDefined": false
      }
    ],
    "isTemplate": false,
    "count": 0
  },
  {
    "id": "660a22a4-8d6c-49d2-b00d-a34ed17022f4",
    "data": [
      {
        "text": "esse grupo",
        "userDefined": false
      }
    ],
    "isTemplate": false,
    "count": 0
  },
  {
    "id": "dc64c181-21e4-4724-9f95-2e54ea3d2560",
    "data": [
      {
        "text": "essa organização",
        "userDefined": false
      }
    ],
    "isTemplate": false,
    "count": 0
  },
  {
    "id": "e3beffa5-bd54-4b13-af13-467ddfb7affe",
    "data": [
      {
        "text": "Eu quero saber sobre a orgaização",
        "userDefined": false
      }
    ],
    "isTemplate": false,
    "count": 0
  },
  {
    "id": "f5828b35-7ae6-4007-9d98-646782324f7e",
    "data": [
      {
        "text": "informação sobre o gdg",
        "userDefined": false
      }
    ],
    "isTemplate": false,
    "count": 0
  },
  {
    "id": "7ef99366-dced-4f0f-9f20-022e2647a5f8",
    "data": [
      {
        "text": "grupo",
        "userDefined": false
      }
    ],
    "isTemplate": false,
    "count": 0
  },
  {
    "id": "ca24de73-c4ac-4301-9130-0da40187aa20",
    "data": [
      {
        "text": "eu quero escutar sobre esse grupo",
        "userDefined": false
      }
    ],
    "isTemplate": false,
    "count": 0
  },
  {
    "id": "a524d6c6-f937-4551-aa96-2397833c2c76",
    "data": [
      {
        "text": "Me fale sobre o GDG",
        "userDefined": false
      }
    ],
    "isTemplate": false,
    "count": 0
  },
  {
    "id": "75905138-b37a-46c3-b23a-a5713199be64",
    "data": [
      {
        "text": "me fale sobre a organização",
        "userDefined": false
      }
    ],
    "isTemplate": false,
    "count": 0
  },
  {
    "id": "9423010a-d66a-4b31-bffd-567065b44fac",
    "data": [
      {
        "text": "eu quero saber sobre o GDG",
        "userDefined": false
      }
    ],
    "isTemplate": false,
    "count": 0
  },
  {
    "id": "4f099f76-590f-4358-a58e-cdca03dfda51",
    "data": [
      {
        "text": "eu quero saber sobre o grupo",
        "userDefined": false
      }
    ],
    "isTemplate": false,
    "count": 0
  },
  {
    "id": "78c46882-6028-4956-a537-911fa2f4dc79",
    "data": [
      {
        "text": "esse gdg",
        "userDefined": false
      }
    ],
    "isTemplate": false,
    "count": 0
  },
  {
    "id": "ea459150-159a-4cff-ba3b-5126879f7195",
    "data": [
      {
        "text": "sobre o gdg",
        "userDefined": false
      }
    ],
    "isTemplate": false,
    "count": 0
  },
  {
    "id": "b7b75755-74d0-4615-b7a2-cec5f67a8de5",
    "data": [
      {
        "text": "o que é esse gdg",
        "userDefined": false
      }
    ],
    "isTemplate": false,
    "count": 0
  },
  {
    "id": "4391c986-ce65-4ebf-863e-6a41f703e4e1",
    "data": [
      {
        "text": "gdg",
        "userDefined": false
      }
    ],
    "isTemplate": false,
    "count": 0
  }
]