[
  {
    "id": "e048ee5d-7abd-40f4-8315-7c1874b29d99",
    "data": [
      {
        "text": "GDGとは何ですか",
        "userDefined": false
      }
    ],
    "isTemplate": false,
    "count": 1,
    "updated": 1538584028
  },
  {
    "id": "b1a2eded-2559-4314-b1ea-57106d209d89",
    "data": [
      {
        "text": "コミュニティについての情報",
        "userDefined": false
      }
    ],
    "isTemplate": false,
    "count": 1,
    "updated": 1538584028
  },
  {
    "id": "ab6f153b-c9d7-40a2-9803-40666dc7a7ff",
    "data": [
      {
        "text": "GDGの情報",
        "userDefined": false
      }
    ],
    "isTemplate": false,
    "count": 1,
    "updated": 1538584028
  },
  {
    "id": "19b499d0-de1e-45ad-8d33-b37f25824d02",
    "data": [
      {
        "text": "グループについて知りたい。",
        "userDefined": false
      }
    ],
    "isTemplate": false,
    "count": 0,
    "updated": 1538584028
  },
  {
    "id": "46c7aaa3-86d6-4c5e-881a-32f62cd8c70b",
    "data": [
      {
        "text": "コミュニティについて教えて。",
        "userDefined": false
      }
    ],
    "isTemplate": false,
    "count": 1,
    "updated": 1538584028
  },
  {
    "id": "7f218572-7e2b-413f-a36e-649d7649a538",
    "data": [
      {
        "text": "このコミュニティ",
        "userDefined": false
      }
    ],
    "isTemplate": false,
    "count": 1,
    "updated": 1538584028
  },
  {
    "id": "684e0627-ab18-42a9-9979-1293e1561fbe",
    "data": [
      {
        "text": "このGDG",
        "userDefined": false
      }
    ],
    "isTemplate": false,
    "count": 1,
    "updated": 1538584028
  },
  {
    "id": "cbc6369e-915e-427c-b646-3f65c62f24fd",
    "data": [
      {
        "text": "グループについて教えて。",
        "userDefined": false
      }
    ],
    "isTemplate": false,
    "count": 0,
    "updated": 1538584028
  },
  {
    "id": "07dc6f17-aaa7-4141-a885-2039662f5d90",
    "data": [
      {
        "text": "コミュニティ",
        "userDefined": false
      }
    ],
    "isTemplate": false,
    "count": 1,
    "updated": 1538584028
  },
  {
    "id": "a01a330c-f728-4bb3-9b06-68d723488f41",
    "data": [
      {
        "text": "ミートアップ",
        "userDefined": false
      }
    ],
    "isTemplate": false,
    "count": 0,
    "updated": 1538584028
  },
  {
    "id": "8622e528-0eeb-432b-b3cf-56f025040b90",
    "data": [
      {
        "text": "もっと知りたい。",
        "userDefined": false
      }
    ],
    "isTemplate": false,
    "count": 0,
    "updated": 1538584028
  },
  {
    "id": "ec0c34a3-1601-4f52-8674-e4cbcf1bfa72",
    "data": [
      {
        "text": "GDG",
        "userDefined": false
      }
    ],
    "isTemplate": false,
    "count": 0,
    "updated": 1538584028
  },
  {
    "id": "c489db10-1440-4900-9391-b0d5a216a5e0",
    "data": [
      {
        "text": "GDGについて",
        "userDefined": false
      }
    ],
    "isTemplate": false,
    "count": 1,
    "updated": 1538584028
  },
  {
    "id": "0ed2b877-8e5e-4f67-92c9-ee9a6a7bb7cb",
    "data": [
      {
        "text": "このグループについて知りたい。",
        "userDefined": false
      }
    ],
    "isTemplate": false,
    "count": 0,
    "updated": 1538584028
  },
  {
    "id": "9ac41766-1d54-49a2-896c-5ab0ec751bfc",
    "data": [
      {
        "text": "GDGについて知りたい。",
        "userDefined": false
      }
    ],
    "isTemplate": false,
    "count": 0,
    "updated": 1538584028
  },
  {
    "id": "8f66bb0c-5fb2-4a52-ba99-660da2b34474",
    "data": [
      {
        "text": "このグループ",
        "userDefined": false
      }
    ],
    "isTemplate": false,
    "count": 0,
    "updated": 1538584028
  },
  {
    "id": "c8de525f-4330-4e4e-ad7f-361939c0c485",
    "data": [
      {
        "text": "GDGについて教えて。",
        "userDefined": false
      }
    ],
    "isTemplate": false,
    "count": 0,
    "updated": 1538584028
  },
  {
    "id": "4a8d1141-4362-4bc2-ba42-e4a5771db218",
    "data": [
      {
        "text": "グループ",
        "userDefined": false
      }
    ],
    "isTemplate": false,
    "count": 0,
    "updated": 1538584028
  },
  {
    "id": "15f7bd7c-1065-4302-a18a-cf7b92e62f28",
    "data": [
      {
        "text": "ミートアップについて教えて。",
        "userDefined": false
      }
    ],
    "isTemplate": false,
    "count": 0,
    "updated": 1538584028
  },
  {
    "id": "f636e78a-e245-41ce-9638-cb143275ffca",
    "data": [
      {
        "text": "コミュニティについて知りたい。",
        "userDefined": false
      }
    ],
    "isTemplate": false,
    "count": 0,
    "updated": 1538584028
  }
]