[
  {
    "id": "ce824c48-d81a-4006-8e73-7b17a50e1077",
    "data": [
      {
        "text": "cos\u0027e\u0027 questo gdg",
        "userDefined": false
      }
    ],
    "isTemplate": false,
    "count": 0,
    "updated": 1536885946
  },
  {
    "id": "814bf273-bf45-407b-806c-8cd2475a8327",
    "data": [
      {
        "text": "informazioni sull\u0027organizzazione",
        "userDefined": false
      }
    ],
    "isTemplate": false,
    "count": 1,
    "updated": 1536885946
  },
  {
    "id": "345ad8b1-ecc5-4d93-a666-a29b31587e94",
    "data": [
      {
        "text": "informazioni sul gdg",
        "userDefined": false
      }
    ],
    "isTemplate": false,
    "count": 0,
    "updated": 1525735583
  },
  {
    "id": "3bcadd32-f9b8-4d66-967e-99847393a35d",
    "data": [
      {
        "text": "voglio sapere tutto sul gruppo",
        "userDefined": false
      }
    ],
    "isTemplate": false,
    "count": 1,
    "updated": 1536885946
  },
  {
    "id": "4bf1efff-c8d4-424b-8314-2f90755c79ed",
    "data": [
      {
        "text": "parlami dell\u0027organizzazione",
        "userDefined": false
      }
    ],
    "isTemplate": false,
    "count": 0,
    "updated": 1536885946
  },
  {
    "id": "ec957c5d-743c-4a14-8752-2b2336c817ff",
    "data": [
      {
        "text": "questa organizzazione",
        "userDefined": false
      }
    ],
    "isTemplate": false,
    "count": 0,
    "updated": 1536885946
  },
  {
    "id": "8aed43eb-70aa-4ba3-8747-2787a24932bc",
    "data": [
      {
        "text": "questo gdg",
        "userDefined": false
      }
    ],
    "isTemplate": false,
    "count": 1,
    "updated": 1536885946
  },
  {
    "id": "1261a46d-caa8-46a5-b782-e76953fe840e",
    "data": [
      {
        "text": "parlami del gruppo",
        "userDefined": false
      }
    ],
    "isTemplate": false,
    "count": 0,
    "updated": 1536885946
  },
  {
    "id": "6a696293-ca1f-4ab7-a756-e2743cf18d2d",
    "data": [
      {
        "text": "organizzazione",
        "userDefined": false
      }
    ],
    "isTemplate": false,
    "count": 1,
    "updated": 1536885946
  },
  {
    "id": "2721590e-6ff8-46f5-bb14-9c7b8c58b159",
    "data": [
      {
        "text": "meetup",
        "userDefined": false
      }
    ],
    "isTemplate": false,
    "count": 0,
    "updated": 1536885946
  },
  {
    "id": "3a167089-494e-4144-b723-20b3b5607fa8",
    "data": [
      {
        "text": "dimmi di piu\u0027",
        "userDefined": false
      }
    ],
    "isTemplate": false,
    "count": 0,
    "updated": 1536885946
  },
  {
    "id": "c6120197-230b-4f16-9e33-5d40daea7a12",
    "data": [
      {
        "text": "gdg",
        "userDefined": false
      }
    ],
    "isTemplate": false,
    "count": 0,
    "updated": 1525735583
  },
  {
    "id": "40283dca-a169-4a7b-98aa-70175dcba9c6",
    "data": [
      {
        "text": "riguardo al gdg",
        "userDefined": false
      }
    ],
    "isTemplate": false,
    "count": 0,
    "updated": 1536885946
  },
  {
    "id": "0e909e77-15e6-44a1-92a0-91924b3b12c3",
    "data": [
      {
        "text": "voglio sentire del gdg",
        "userDefined": false
      }
    ],
    "isTemplate": false,
    "count": 0,
    "updated": 1536885946
  },
  {
    "id": "c4da1302-79c2-43f4-86ca-d220652acaf2",
    "data": [
      {
        "text": "voglio sapere del gdg",
        "userDefined": false
      }
    ],
    "isTemplate": false,
    "count": 0,
    "updated": 1536885946
  },
  {
    "id": "fa502145-ef9b-415a-b1e5-81903a3c4794",
    "data": [
      {
        "text": "questo gruppo",
        "userDefined": false
      }
    ],
    "isTemplate": false,
    "count": 0,
    "updated": 1536885946
  },
  {
    "id": "5cdab2ae-0b73-4b11-99d4-4dc26813b2ef",
    "data": [
      {
        "text": "parlami del gdg",
        "userDefined": false
      }
    ],
    "isTemplate": false,
    "count": 0,
    "updated": 1525735583
  },
  {
    "id": "e53d0f0c-5d8d-4d39-9fe3-0eebe1cf8525",
    "data": [
      {
        "text": "gruppo",
        "userDefined": false
      }
    ],
    "isTemplate": false,
    "count": 0,
    "updated": 1536885946
  },
  {
    "id": "eb9cc71b-8385-4100-9b6e-0fe166557bc8",
    "data": [
      {
        "text": "dimmi di piu\u0027 sul meetup",
        "userDefined": false
      }
    ],
    "isTemplate": false,
    "count": 0,
    "updated": 1536885946
  },
  {
    "id": "fe54e506-6b84-4ad2-ad29-250bb074911d",
    "data": [
      {
        "text": "voglio sapere dell\u0027organizzazione",
        "userDefined": false
      }
    ],
    "isTemplate": false,
    "count": 0,
    "updated": 1536885946
  },
  {
    "id": "540caa9f-ed72-4690-bf85-2d1c7df5a364",
    "data": [
      {
        "text": "vorrei saperne di piu\u0027 sul gdg",
        "userDefined": false
      }
    ],
    "isTemplate": false,
    "count": 3,
    "updated": 1525735583
  }
]