[
  {
    "id": "e6d0a1e7-ba4d-4566-8305-fe44248a4c0e",
    "data": [
      {
        "text": "I want to hear about this group",
        "userDefined": false
      }
    ],
    "isTemplate": false,
    "count": 0,
    "updated": 1533834784
  },
  {
    "id": "05e39afe-1f1d-4d77-8792-dcf218885b80",
    "data": [
      {
        "text": "Tell me about the meetup",
        "userDefined": false
      }
    ],
    "isTemplate": false,
    "count": 0,
    "updated": 1533834784
  },
  {
    "id": "28a91fea-a966-489a-b0d9-efd4ac1e1c8d",
    "data": [
      {
        "text": "meetup",
        "userDefined": false
      }
    ],
    "isTemplate": false,
    "count": 1,
    "updated": 1533834784
  },
  {
    "id": "43cba1d4-50df-4888-8145-9947a64beff0",
    "data": [
      {
        "text": "group",
        "userDefined": false
      }
    ],
    "isTemplate": false,
    "count": 0,
    "updated": 1533834784
  },
  {
    "id": "7e47c81c-1285-413c-bea5-5c5fce9ff5c7",
    "data": [
      {
        "text": "tell me about the gdg",
        "userDefined": false
      }
    ],
    "isTemplate": false,
    "count": 1,
    "updated": 1533752707
  },
  {
    "id": "49be5b2f-ffa1-444a-ac5d-9b34e9c53141",
    "data": [
      {
        "text": "gdg",
        "userDefined": false
      }
    ],
    "isTemplate": false,
    "count": 0,
    "updated": 1533752707
  },
  {
    "id": "b53ff5cd-4e4c-4db8-a22d-e7569c0e6b41",
    "data": [
      {
        "text": "what is this gdg",
        "userDefined": false
      }
    ],
    "isTemplate": false,
    "count": 0,
    "updated": 1533752707
  },
  {
    "id": "63f77e0e-76af-4130-969f-375531a1292a",
    "data": [
      {
        "text": "this group",
        "userDefined": false
      }
    ],
    "isTemplate": false,
    "count": 0,
    "updated": 1533834784
  },
  {
    "id": "93cb2852-26cd-45a7-8997-06df7762d4af",
    "data": [
      {
        "text": "info on the gdg",
        "userDefined": false
      }
    ],
    "isTemplate": false,
    "count": 0,
    "updated": 1533752707
  },
  {
    "id": "5d597cc4-c270-4872-9f70-fd5190b64ee6",
    "data": [
      {
        "text": "tell me about the group",
        "userDefined": false
      }
    ],
    "isTemplate": false,
    "count": 0,
    "updated": 1533834870
  },
  {
    "id": "d6aa2e36-6db0-463b-91ef-e126a8ed5747",
    "data": [
      {
        "text": "Tell me about the organization",
        "userDefined": false
      }
    ],
    "isTemplate": false,
    "count": 0,
    "updated": 1533752707
  },
  {
    "id": "16bfd367-d529-41f0-9543-f44053e048c1",
    "data": [
      {
        "text": "I want to know about the gdg",
        "userDefined": false
      }
    ],
    "isTemplate": false,
    "count": 1,
    "updated": 1533752707
  },
  {
    "id": "aa2c943f-1beb-4058-b03a-98413bdef0f1",
    "data": [
      {
        "text": "organization",
        "userDefined": false
      }
    ],
    "isTemplate": false,
    "count": 1,
    "updated": 1533752707
  },
  {
    "id": "8aae1381-4a22-4302-83cf-8e78336a022d",
    "data": [
      {
        "text": "this gdg",
        "userDefined": false
      }
    ],
    "isTemplate": false,
    "count": 0,
    "updated": 1533834784
  },
  {
    "id": "0d52ef39-1174-4b1e-8d05-3bd829dd53a4",
    "data": [
      {
        "text": "this meetup",
        "userDefined": false
      }
    ],
    "isTemplate": false,
    "count": 0,
    "updated": 1533834784
  },
  {
    "id": "e1ce2489-b006-4213-a16e-601c73319721",
    "data": [
      {
        "text": "I want to know about the group",
        "userDefined": false
      }
    ],
    "isTemplate": false,
    "count": 0,
    "updated": 1533834784
  },
  {
    "id": "92ee6585-a159-4742-b292-9ebddb977177",
    "data": [
      {
        "text": "information about the organzation",
        "userDefined": false
      }
    ],
    "isTemplate": false,
    "count": 0,
    "updated": 1533752707
  },
  {
    "id": "fc3ec700-5921-4a40-839e-6301cf7b4e65",
    "data": [
      {
        "text": "I want to know more",
        "userDefined": false
      }
    ],
    "isTemplate": false,
    "count": 0,
    "updated": 1533834784
  },
  {
    "id": "4ecc70af-ac5c-499b-b8e8-fba90930088f",
    "data": [
      {
        "text": "I want to know about the organization",
        "userDefined": false
      }
    ],
    "isTemplate": false,
    "count": 0,
    "updated": 1533834784
  },
  {
    "id": "bd41c58b-2736-4ab6-be45-ace14698613d",
    "data": [
      {
        "text": "About GDG",
        "userDefined": false
      }
    ],
    "isTemplate": false,
    "count": 0,
    "updated": 1530290187
  },
  {
    "id": "d3394014-119f-4634-8f42-10f86180018f",
    "data": [
      {
        "text": "this organzation",
        "userDefined": false
      }
    ],
    "isTemplate": false,
    "count": 0,
    "updated": 1533834784
  }
]