[
  {
    "id": "bf4c45fd-368c-46dd-8380-d5fafbbdd336",
    "data": [
      {
        "text": "meetup",
        "userDefined": false
      }
    ],
    "isTemplate": false,
    "count": 0
  },
  {
    "id": "8a7af07d-5013-4d79-95b1-14dc8192b7fe",
    "data": [
      {
        "text": "Me fale sobre o grupo",
        "userDefined": false
      }
    ],
    "isTemplate": false,
    "count": 0
  },
  {
    "id": "6b74d094-0fd6-4d23-87d6-2a8fa172e6cc",
    "data": [
      {
        "text": "informação sobre a organização",
        "userDefined": false
      }
    ],
    "isTemplate": false,
    "count": 0
  },
  {
    "id": "0410a6c6-2288-47ac-86b0-b5d40225d185",
    "data": [
      {
        "text": "organização",
        "userDefined": false
      }
    ],
    "isTemplate": false,
    "count": 0
  },
  {
    "id": "1f7dd6cf-047b-4dcb-a000-fc4f2e2d1c48",
    "data": [
      {
        "text": "Eu quero saber mais",
        "userDefined": false
      }
    ],
    "isTemplate": false,
    "count": 0
  },
  {
    "id": "f65cb56c-61d9-443e-a694-b1efb8871c24",
    "data": [
      {
        "text": "Me fale sobre o meetup",
        "userDefined": false
      }
    ],
    "isTemplate": false,
    "count": 0
  },
  {
    "id": "f8bc7282-3c4e-4f1a-8eac-a301c5797d64",
    "data": [
      {
        "text": "esse grupo",
        "userDefined": false
      }
    ],
    "isTemplate": false,
    "count": 0
  },
  {
    "id": "d58abb06-3e18-4f1e-b71b-678bd28f7188",
    "data": [
      {
        "text": "essa organização",
        "userDefined": false
      }
    ],
    "isTemplate": false,
    "count": 0
  },
  {
    "id": "48762f51-ed22-4fff-99e9-62e7e885712a",
    "data": [
      {
        "text": "Eu quero saber sobre a orgaização",
        "userDefined": false
      }
    ],
    "isTemplate": false,
    "count": 0
  },
  {
    "id": "aba5b51a-5deb-4b60-8adc-159e0412eb9e",
    "data": [
      {
        "text": "informação sobre o gdg",
        "userDefined": false
      }
    ],
    "isTemplate": false,
    "count": 0
  },
  {
    "id": "57357ed3-49d2-4a3c-81af-32d17590c71b",
    "data": [
      {
        "text": "grupo",
        "userDefined": false
      }
    ],
    "isTemplate": false,
    "count": 0
  },
  {
    "id": "0fe7304d-183f-4188-be8c-4002e05d50db",
    "data": [
      {
        "text": "eu quero escutar sobre esse grupo",
        "userDefined": false
      }
    ],
    "isTemplate": false,
    "count": 0
  },
  {
    "id": "b6bad56a-cfe1-420b-9aef-59368570d7a9",
    "data": [
      {
        "text": "Me fale sobre o GDG",
        "userDefined": false
      }
    ],
    "isTemplate": false,
    "count": 0
  },
  {
    "id": "5733f9f6-8c2e-42bf-86dc-e79b8e980c80",
    "data": [
      {
        "text": "me fale sobre a organização",
        "userDefined": false
      }
    ],
    "isTemplate": false,
    "count": 0
  },
  {
    "id": "4c0e9a4e-875f-41e5-b733-db0783927c8f",
    "data": [
      {
        "text": "eu quero saber sobre o GDG",
        "userDefined": false
      }
    ],
    "isTemplate": false,
    "count": 0
  },
  {
    "id": "4cdd723b-fe61-44ce-bd79-8eeb27fb87ff",
    "data": [
      {
        "text": "eu quero saber sobre o grupo",
        "userDefined": false
      }
    ],
    "isTemplate": false,
    "count": 0
  },
  {
    "id": "05327552-f5ce-464d-a08f-0cea42b04c6f",
    "data": [
      {
        "text": "esse gdg",
        "userDefined": false
      }
    ],
    "isTemplate": false,
    "count": 0
  },
  {
    "id": "76764937-52ba-458e-a25b-589f83484290",
    "data": [
      {
        "text": "sobre o gdg",
        "userDefined": false
      }
    ],
    "isTemplate": false,
    "count": 0
  },
  {
    "id": "3f77189c-c981-4dda-9830-0d067b236503",
    "data": [
      {
        "text": "o que é esse gdg",
        "userDefined": false
      }
    ],
    "isTemplate": false,
    "count": 0
  },
  {
    "id": "dd6fea5c-436e-4fc6-869c-e0e306578278",
    "data": [
      {
        "text": "gdg",
        "userDefined": false
      }
    ],
    "isTemplate": false,
    "count": 0
  }
]