[
  {
    "id": "0efadb61-f38a-40f2-be9b-bfb0a4e42c9d",
    "data": [
      {
        "text": "GDGとは何ですか",
        "userDefined": false
      }
    ],
    "isTemplate": false,
    "count": 1,
    "updated": 1538584028
  },
  {
    "id": "6343f414-570e-492b-a97e-f34aa2bc8aae",
    "data": [
      {
        "text": "このGDG",
        "userDefined": false
      }
    ],
    "isTemplate": false,
    "count": 1,
    "updated": 1538584028
  },
  {
    "id": "e85d5af6-f3b5-4d34-ab0f-185071974919",
    "data": [
      {
        "text": "GDGについて知りたい。",
        "userDefined": false
      }
    ],
    "isTemplate": false,
    "count": 0,
    "updated": 1538584028
  },
  {
    "id": "2a237853-c07e-4a4e-be85-bd11a5458f89",
    "data": [
      {
        "text": "GDG",
        "userDefined": false
      }
    ],
    "isTemplate": false,
    "count": 0,
    "updated": 1538584028
  },
  {
    "id": "774e05cb-ca0e-4835-b28d-5433fbdc0063",
    "data": [
      {
        "text": "コミュニティ",
        "userDefined": false
      }
    ],
    "isTemplate": false,
    "count": 1,
    "updated": 1538584028
  },
  {
    "id": "ee7a8f35-4b6d-459e-84c8-983f4c7bfa48",
    "data": [
      {
        "text": "ミートアップについて教えて。",
        "userDefined": false
      }
    ],
    "isTemplate": false,
    "count": 0,
    "updated": 1538584028
  },
  {
    "id": "03d3768f-d15e-4bbb-b379-21313380d403",
    "data": [
      {
        "text": "このグループについて知りたい。",
        "userDefined": false
      }
    ],
    "isTemplate": false,
    "count": 0,
    "updated": 1538584028
  },
  {
    "id": "af988389-1f96-4b47-9403-10606befa7a7",
    "data": [
      {
        "text": "コミュニティについての情報",
        "userDefined": false
      }
    ],
    "isTemplate": false,
    "count": 1,
    "updated": 1538584028
  },
  {
    "id": "a8b1bf80-0043-4afd-8187-96a4b20e6680",
    "data": [
      {
        "text": "コミュニティについて教えて。",
        "userDefined": false
      }
    ],
    "isTemplate": false,
    "count": 1,
    "updated": 1538584028
  },
  {
    "id": "82e09414-6793-4fd8-a3d9-c63be0abfc59",
    "data": [
      {
        "text": "グループ",
        "userDefined": false
      }
    ],
    "isTemplate": false,
    "count": 0,
    "updated": 1538584028
  },
  {
    "id": "00701b43-b0aa-4468-a6e3-2d0cc2f02441",
    "data": [
      {
        "text": "このコミュニティ",
        "userDefined": false
      }
    ],
    "isTemplate": false,
    "count": 1,
    "updated": 1538584028
  },
  {
    "id": "be0b8703-3a6a-4d48-9f1d-c5a4466e0cec",
    "data": [
      {
        "text": "ミートアップ",
        "userDefined": false
      }
    ],
    "isTemplate": false,
    "count": 0,
    "updated": 1538584028
  },
  {
    "id": "0fcdc575-7919-4793-89ab-feb98d8cfc28",
    "data": [
      {
        "text": "GDGについて",
        "userDefined": false
      }
    ],
    "isTemplate": false,
    "count": 1,
    "updated": 1538584028
  },
  {
    "id": "68dccc75-8f6d-4c0b-88cc-0352ac943a72",
    "data": [
      {
        "text": "グループについて知りたい。",
        "userDefined": false
      }
    ],
    "isTemplate": false,
    "count": 0,
    "updated": 1538584028
  },
  {
    "id": "7394cce9-7542-4662-9e3a-ee15eb484585",
    "data": [
      {
        "text": "コミュニティについて知りたい。",
        "userDefined": false
      }
    ],
    "isTemplate": false,
    "count": 0,
    "updated": 1538584028
  },
  {
    "id": "9de3f865-3039-4f85-ab38-7d6c7c8c1845",
    "data": [
      {
        "text": "このグループ",
        "userDefined": false
      }
    ],
    "isTemplate": false,
    "count": 0,
    "updated": 1538584028
  },
  {
    "id": "b4c52631-dd05-4d89-af72-34a4d4607035",
    "data": [
      {
        "text": "グループについて教えて。",
        "userDefined": false
      }
    ],
    "isTemplate": false,
    "count": 0,
    "updated": 1538584028
  },
  {
    "id": "5973984f-2099-4f62-8ec2-7aa374eeb951",
    "data": [
      {
        "text": "GDGについて教えて。",
        "userDefined": false
      }
    ],
    "isTemplate": false,
    "count": 0,
    "updated": 1538584028
  },
  {
    "id": "2560d3f8-0fde-4185-b75e-f18d98e29019",
    "data": [
      {
        "text": "GDGの情報",
        "userDefined": false
      }
    ],
    "isTemplate": false,
    "count": 1,
    "updated": 1538584028
  },
  {
    "id": "4edc90b8-3a0b-4e07-b30e-4b1cdbe6fafa",
    "data": [
      {
        "text": "もっと知りたい。",
        "userDefined": false
      }
    ],
    "isTemplate": false,
    "count": 0,
    "updated": 1538584028
  }
]