[
  {
    "id": "7b4a5be1-39a0-4a24-b884-59c408125497",
    "data": [
      {
        "text": "cos\u0027e\u0027 questo gdg",
        "userDefined": false
      }
    ],
    "isTemplate": false,
    "count": 0,
    "updated": 1536885946
  },
  {
    "id": "6824579a-7049-44d6-b278-d6627ede1f7e",
    "data": [
      {
        "text": "informazioni sull\u0027organizzazione",
        "userDefined": false
      }
    ],
    "isTemplate": false,
    "count": 1,
    "updated": 1536885946
  },
  {
    "id": "54188424-74ad-4713-9e75-4da394c9172e",
    "data": [
      {
        "text": "informazioni sul gdg",
        "userDefined": false
      }
    ],
    "isTemplate": false,
    "count": 0,
    "updated": 1525735583
  },
  {
    "id": "fdc6f9a9-f046-46ba-9937-ed94ec5410f1",
    "data": [
      {
        "text": "voglio sapere tutto sul gruppo",
        "userDefined": false
      }
    ],
    "isTemplate": false,
    "count": 1,
    "updated": 1536885946
  },
  {
    "id": "99f7e2b1-f4a0-4aca-ad2e-4484ba58f6bd",
    "data": [
      {
        "text": "parlami dell\u0027organizzazione",
        "userDefined": false
      }
    ],
    "isTemplate": false,
    "count": 0,
    "updated": 1536885946
  },
  {
    "id": "390fbfc3-1a91-4271-a50f-99c50ae0a007",
    "data": [
      {
        "text": "questa organizzazione",
        "userDefined": false
      }
    ],
    "isTemplate": false,
    "count": 0,
    "updated": 1536885946
  },
  {
    "id": "2b87b328-e9dd-4629-bad3-7e72ae2bc678",
    "data": [
      {
        "text": "questo gdg",
        "userDefined": false
      }
    ],
    "isTemplate": false,
    "count": 1,
    "updated": 1536885946
  },
  {
    "id": "47b77b17-0b00-4cd9-ad1a-b78aaf540b87",
    "data": [
      {
        "text": "parlami del gruppo",
        "userDefined": false
      }
    ],
    "isTemplate": false,
    "count": 0,
    "updated": 1536885946
  },
  {
    "id": "28956cc6-6f61-4ee5-8ec2-8fbd44fdf4f1",
    "data": [
      {
        "text": "organizzazione",
        "userDefined": false
      }
    ],
    "isTemplate": false,
    "count": 1,
    "updated": 1536885946
  },
  {
    "id": "9db1f9e9-9ed6-4dd7-bcd8-d13e2e8149d5",
    "data": [
      {
        "text": "meetup",
        "userDefined": false
      }
    ],
    "isTemplate": false,
    "count": 0,
    "updated": 1536885946
  },
  {
    "id": "9a1494d3-b9cb-4ab4-84ad-c93d3fba2367",
    "data": [
      {
        "text": "dimmi di piu\u0027",
        "userDefined": false
      }
    ],
    "isTemplate": false,
    "count": 0,
    "updated": 1536885946
  },
  {
    "id": "0ba9adcd-8d3b-4c7a-b26a-28bead2f18d7",
    "data": [
      {
        "text": "gdg",
        "userDefined": false
      }
    ],
    "isTemplate": false,
    "count": 0,
    "updated": 1525735583
  },
  {
    "id": "a70794f5-4d35-422d-8c27-517d883f44d4",
    "data": [
      {
        "text": "riguardo al gdg",
        "userDefined": false
      }
    ],
    "isTemplate": false,
    "count": 0,
    "updated": 1536885946
  },
  {
    "id": "dd6640c7-db00-47be-8917-ffad5e48dd24",
    "data": [
      {
        "text": "voglio sentire del gdg",
        "userDefined": false
      }
    ],
    "isTemplate": false,
    "count": 0,
    "updated": 1536885946
  },
  {
    "id": "a00e762c-fef6-47d7-b755-d818ff6c2228",
    "data": [
      {
        "text": "voglio sapere del gdg",
        "userDefined": false
      }
    ],
    "isTemplate": false,
    "count": 0,
    "updated": 1536885946
  },
  {
    "id": "e25ce147-89ce-4c02-a2ed-59d708512ece",
    "data": [
      {
        "text": "questo gruppo",
        "userDefined": false
      }
    ],
    "isTemplate": false,
    "count": 0,
    "updated": 1536885946
  },
  {
    "id": "a950865d-ce00-44aa-aa0c-b4d645cfb19d",
    "data": [
      {
        "text": "parlami del gdg",
        "userDefined": false
      }
    ],
    "isTemplate": false,
    "count": 0,
    "updated": 1525735583
  },
  {
    "id": "a8ed21b4-5d1d-4721-bd7c-26796872b5d8",
    "data": [
      {
        "text": "gruppo",
        "userDefined": false
      }
    ],
    "isTemplate": false,
    "count": 0,
    "updated": 1536885946
  },
  {
    "id": "a36d49ce-2b45-4170-b19f-aa584b68d220",
    "data": [
      {
        "text": "dimmi di piu\u0027 sul meetup",
        "userDefined": false
      }
    ],
    "isTemplate": false,
    "count": 0,
    "updated": 1536885946
  },
  {
    "id": "2c21792f-ccf9-4fec-aefc-0878a724f868",
    "data": [
      {
        "text": "voglio sapere dell\u0027organizzazione",
        "userDefined": false
      }
    ],
    "isTemplate": false,
    "count": 0,
    "updated": 1536885946
  },
  {
    "id": "4cc36568-acc6-40e7-983c-e908fd945f89",
    "data": [
      {
        "text": "vorrei saperne di piu\u0027 sul gdg",
        "userDefined": false
      }
    ],
    "isTemplate": false,
    "count": 3,
    "updated": 1525735583
  }
]