[
  {
    "id": "47376643-8b12-4fd7-856e-9a827227a332",
    "data": [
      {
        "text": "o que é esse gdg",
        "userDefined": false
      }
    ],
    "isTemplate": false,
    "count": 0
  },
  {
    "id": "f063a7eb-73e9-48f8-a284-1df63353b253",
    "data": [
      {
        "text": "informação sobre a organização",
        "userDefined": false
      }
    ],
    "isTemplate": false,
    "count": 0
  },
  {
    "id": "632e5a79-d693-4440-8c24-be6d5f6f2a94",
    "data": [
      {
        "text": "informação sobre o gdg",
        "userDefined": false
      }
    ],
    "isTemplate": false,
    "count": 0
  },
  {
    "id": "56454ee2-0c2e-4185-aed4-f289d9552037",
    "data": [
      {
        "text": "eu quero saber sobre o grupo",
        "userDefined": false
      }
    ],
    "isTemplate": false,
    "count": 0
  },
  {
    "id": "4c5293db-be3d-4a9c-bc50-3752297ff491",
    "data": [
      {
        "text": "me fale sobre a organização",
        "userDefined": false
      }
    ],
    "isTemplate": false,
    "count": 0
  },
  {
    "id": "37e16fa3-b71b-43da-be46-81e1e0660e7d",
    "data": [
      {
        "text": "essa organização",
        "userDefined": false
      }
    ],
    "isTemplate": false,
    "count": 0
  },
  {
    "id": "5451f209-c7af-406d-a3b3-29d67f2376a5",
    "data": [
      {
        "text": "esse gdg",
        "userDefined": false
      }
    ],
    "isTemplate": false,
    "count": 0
  },
  {
    "id": "90ffaeb7-ad02-4904-a82d-f28127d18956",
    "data": [
      {
        "text": "Me fale sobre o grupo",
        "userDefined": false
      }
    ],
    "isTemplate": false,
    "count": 0
  },
  {
    "id": "6dc1f158-c5b4-4bec-86b7-627de00c6ce2",
    "data": [
      {
        "text": "organização",
        "userDefined": false
      }
    ],
    "isTemplate": false,
    "count": 0
  },
  {
    "id": "0dd9dfc5-0a9c-4b8c-bcb8-0323fe39763c",
    "data": [
      {
        "text": "meetup",
        "userDefined": false
      }
    ],
    "isTemplate": false,
    "count": 0
  },
  {
    "id": "5f6cd082-37f5-4027-b04c-4d09e830a405",
    "data": [
      {
        "text": "Eu quero saber mais",
        "userDefined": false
      }
    ],
    "isTemplate": false,
    "count": 0
  },
  {
    "id": "c213a5f9-2dbb-472d-92c7-73e2f75453a8",
    "data": [
      {
        "text": "gdg",
        "userDefined": false
      }
    ],
    "isTemplate": false,
    "count": 0
  },
  {
    "id": "47812a23-6aed-4318-a66c-f8110eae300c",
    "data": [
      {
        "text": "sobre o gdg",
        "userDefined": false
      }
    ],
    "isTemplate": false,
    "count": 0
  },
  {
    "id": "492df72d-26b8-4e4f-820c-17d9b703be64",
    "data": [
      {
        "text": "eu quero escutar sobre esse grupo",
        "userDefined": false
      }
    ],
    "isTemplate": false,
    "count": 0
  },
  {
    "id": "a1bae609-5e44-4b92-9626-e42d88ea8447",
    "data": [
      {
        "text": "eu quero saber sobre o GDG",
        "userDefined": false
      }
    ],
    "isTemplate": false,
    "count": 0
  },
  {
    "id": "1dc18e63-84ac-41df-8fd9-a9cba1a5967e",
    "data": [
      {
        "text": "esse grupo",
        "userDefined": false
      }
    ],
    "isTemplate": false,
    "count": 0
  },
  {
    "id": "bbc4689d-c569-418e-8541-4974b74fab55",
    "data": [
      {
        "text": "Me fale sobre o GDG",
        "userDefined": false
      }
    ],
    "isTemplate": false,
    "count": 0
  },
  {
    "id": "2f3c0780-f187-43f9-b812-28cf579220d5",
    "data": [
      {
        "text": "grupo",
        "userDefined": false
      }
    ],
    "isTemplate": false,
    "count": 0
  },
  {
    "id": "68b479c3-3ff4-43ff-a023-a16fc05d65a3",
    "data": [
      {
        "text": "Me fale sobre o meetup",
        "userDefined": false
      }
    ],
    "isTemplate": false,
    "count": 0
  },
  {
    "id": "1ab7258a-d9e2-4aaf-830f-ed928f01c1e3",
    "data": [
      {
        "text": "Eu quero saber sobre a orgaização",
        "userDefined": false
      }
    ],
    "isTemplate": false,
    "count": 0
  }
]