[
  {
    "id": "ab795d54-b91b-41a8-b873-c03e452fc91a",
    "data": [
      {
        "text": "gdg nedir",
        "userDefined": false
      }
    ],
    "isTemplate": false,
    "count": 0
  },
  {
    "id": "12796ddf-0ec5-48f5-9aec-0e155f312dcf",
    "data": [
      {
        "text": "topluluk hakkında bilgi ver",
        "userDefined": false
      }
    ],
    "isTemplate": false,
    "count": 0
  },
  {
    "id": "876f6121-5359-461d-b303-4dd68923de5c",
    "data": [
      {
        "text": "gdg hakkında bilgi ver",
        "userDefined": false
      }
    ],
    "isTemplate": false,
    "count": 0
  },
  {
    "id": "58837b81-10a5-4b97-8bfd-1162ef7c5f9e",
    "data": [
      {
        "text": "grubu tanımak istiyorum",
        "userDefined": false
      }
    ],
    "isTemplate": false,
    "count": 0
  },
  {
    "id": "de621c35-2e2a-41ac-bcf7-85d183812aae",
    "data": [
      {
        "text": "topluluk ile ilgili bilgi almak istiyorum",
        "userDefined": false
      }
    ],
    "isTemplate": false,
    "count": 0
  },
  {
    "id": "7aad5c17-0180-42c1-aae5-787bd664fe7e",
    "data": [
      {
        "text": "bu topluluk",
        "userDefined": false
      }
    ],
    "isTemplate": false,
    "count": 0
  },
  {
    "id": "319b06f1-30b3-4e24-b079-e8f5978ceb58",
    "data": [
      {
        "text": "bu gdg",
        "userDefined": false
      }
    ],
    "isTemplate": false,
    "count": 0
  },
  {
    "id": "29b34db0-19f0-4cee-84fd-dbbbf503dcfd",
    "data": [
      {
        "text": "grup",
        "userDefined": false
      }
    ],
    "isTemplate": false,
    "count": 0
  },
  {
    "id": "5fe1363a-f9fd-4545-8053-73e566f8d512",
    "data": [
      {
        "text": "topluluk",
        "userDefined": false
      }
    ],
    "isTemplate": false,
    "count": 0
  },
  {
    "id": "f154c592-c3ce-4ce7-bfce-c18b778f1cb8",
    "data": [
      {
        "text": "toplantı",
        "userDefined": false
      }
    ],
    "isTemplate": false,
    "count": 0
  },
  {
    "id": "5a68142b-6da0-4cc8-88a2-0416a701a78e",
    "data": [
      {
        "text": "daha fazla bilmek istiyorum",
        "userDefined": false
      }
    ],
    "isTemplate": false,
    "count": 0
  },
  {
    "id": "5b207c21-ac6e-4cab-99a3-228ef50f8637",
    "data": [
      {
        "text": "gdg",
        "userDefined": false
      }
    ],
    "isTemplate": false,
    "count": 0
  },
  {
    "id": "3ee93e9c-3f22-4187-9852-d4e1e244c915",
    "data": [
      {
        "text": "gdg hakkında",
        "userDefined": false
      }
    ],
    "isTemplate": false,
    "count": 0
  },
  {
    "id": "ded1b4f0-65a9-4d95-97c9-f8465df771b8",
    "data": [
      {
        "text": "bu grupla ilgili bilgi almak istiyorum",
        "userDefined": false
      }
    ],
    "isTemplate": false,
    "count": 0
  },
  {
    "id": "99dc2860-3eba-46f1-8836-18f91ff42a5b",
    "data": [
      {
        "text": "gdg hakkında bilgi almak itiyorum",
        "userDefined": false
      }
    ],
    "isTemplate": false,
    "count": 0
  },
  {
    "id": "fa440db6-9533-4ccc-a788-463b3f85b5ac",
    "data": [
      {
        "text": "bu grup",
        "userDefined": false
      }
    ],
    "isTemplate": false,
    "count": 0
  },
  {
    "id": "02bd1ebb-586e-4045-8e6a-bcfed696e97f",
    "data": [
      {
        "text": "gdg den bahset",
        "userDefined": false
      }
    ],
    "isTemplate": false,
    "count": 1
  },
  {
    "id": "7b0520d8-d71e-4f45-9a50-232e781a22d1",
    "data": [
      {
        "text": "bana topluluktan bahset",
        "userDefined": false
      }
    ],
    "isTemplate": false,
    "count": 0
  },
  {
    "id": "8e9b9566-8ec2-41d1-9408-b06373f2d1e5",
    "data": [
      {
        "text": "toplulukla ilgili bilgi almak istiyorum",
        "userDefined": false
      }
    ],
    "isTemplate": false,
    "count": 0
  }
]