[
  {
    "id": "a5bacaa8-c904-4f5d-a42c-28d764362556",
    "data": [
      {
        "text": "Was ist diese GDG",
        "userDefined": false
      }
    ],
    "isTemplate": false,
    "count": 0,
    "updated": 1538195513
  },
  {
    "id": "9b72c6c3-8a3c-42da-95f6-f2f6ec084189",
    "data": [
      {
        "text": "Information zu der Organisation",
        "userDefined": false
      }
    ],
    "isTemplate": false,
    "count": 0,
    "updated": 1538195513
  },
  {
    "id": "9e02b301-534a-424b-9d9d-464554a6b194",
    "data": [
      {
        "text": "Info zu der GDG",
        "userDefined": false
      }
    ],
    "isTemplate": false,
    "count": 0,
    "updated": 1538195513
  },
  {
    "id": "58f1a189-fb6d-4791-9175-903bb7c594df",
    "data": [
      {
        "text": "Ich möchte mehr über die Gruppe erfahren",
        "userDefined": false
      }
    ],
    "isTemplate": false,
    "count": 0,
    "updated": 1538195513
  },
  {
    "id": "cf087ebe-7a65-4d5e-adfc-e98c9160619f",
    "data": [
      {
        "text": "Erzähl mir mehr über die Organisation",
        "userDefined": false
      }
    ],
    "isTemplate": false,
    "count": 0,
    "updated": 1538195513
  },
  {
    "id": "4fc93686-f743-4f78-9f5a-bf1ae3452324",
    "data": [
      {
        "text": "Diese Organisation",
        "userDefined": false
      }
    ],
    "isTemplate": false,
    "count": 0,
    "updated": 1538195513
  },
  {
    "id": "d4460d29-074e-4f74-81cf-407004dd7037",
    "data": [
      {
        "text": "Diese GDG",
        "userDefined": false
      }
    ],
    "isTemplate": false,
    "count": 0,
    "updated": 1538195513
  },
  {
    "id": "ba4f04a1-f39a-4102-824d-f800293ef70f",
    "data": [
      {
        "text": "Erzähl mir mehr über die Gruppe",
        "userDefined": false
      }
    ],
    "isTemplate": false,
    "count": 0,
    "updated": 1538195513
  },
  {
    "id": "d0ceb8b4-35b5-444b-9a6c-cb979c950944",
    "data": [
      {
        "text": "Organisation",
        "userDefined": false
      }
    ],
    "isTemplate": false,
    "count": 0,
    "updated": 1538195513
  },
  {
    "id": "333a02cb-f43b-43f7-b710-5598e32ffd32",
    "data": [
      {
        "text": "Meetup",
        "userDefined": false
      }
    ],
    "isTemplate": false,
    "count": 0,
    "updated": 1538195513
  },
  {
    "id": "2e284710-9029-4d5a-bf0c-8e0ebe34222b",
    "data": [
      {
        "text": "Ich möchte mehr ",
        "userDefined": false
      },
      {
        "text": "wissen",
        "meta": "@sys.ignore",
        "userDefined": false
      }
    ],
    "isTemplate": false,
    "count": 0,
    "updated": 1538195513
  },
  {
    "id": "5cc41f01-d2af-4ca4-98dc-d2307294f856",
    "data": [
      {
        "text": "GDG",
        "userDefined": false
      }
    ],
    "isTemplate": false,
    "count": 0,
    "updated": 1538195513
  },
  {
    "id": "ee8d2cf5-a872-4ef7-b069-6661d71c73f7",
    "data": [
      {
        "text": "Über die GDG",
        "userDefined": false
      }
    ],
    "isTemplate": false,
    "count": 0,
    "updated": 1538195513
  },
  {
    "id": "f568690a-dc16-434a-b652-0870a5e807ab",
    "data": [
      {
        "text": "Ich möchte mehr über diese Gruppe hören",
        "userDefined": false
      }
    ],
    "isTemplate": false,
    "count": 0,
    "updated": 1538195513
  },
  {
    "id": "1c077c97-5f2f-4cce-8904-6fcde8040b3f",
    "data": [
      {
        "text": "Ich möchte mehr über die GDG erfahren",
        "userDefined": false
      }
    ],
    "isTemplate": false,
    "count": 0,
    "updated": 1538195513
  },
  {
    "id": "274765e4-13f4-4662-af19-d689da8aa897",
    "data": [
      {
        "text": "Diese Gruppe",
        "userDefined": false
      }
    ],
    "isTemplate": false,
    "count": 0,
    "updated": 1538195513
  },
  {
    "id": "77a775b3-2678-43f4-a6e4-62888436ce3a",
    "data": [
      {
        "text": "Erzähl mir mehr über die GDG",
        "userDefined": false
      }
    ],
    "isTemplate": false,
    "count": 0,
    "updated": 1538195513
  },
  {
    "id": "05afee6f-4439-44ce-b2c4-4888b5a1bfdc",
    "data": [
      {
        "text": "Gruppe",
        "userDefined": false
      }
    ],
    "isTemplate": false,
    "count": 0,
    "updated": 1538195513
  },
  {
    "id": "87385a75-a50d-4468-81d5-336bde5dd6f5",
    "data": [
      {
        "text": "Erzähl mir etwas über das Meetup",
        "userDefined": false
      }
    ],
    "isTemplate": false,
    "count": 1,
    "updated": 1538195513
  }
]