[
  {
    "id": "b4122cd7-2f9e-4539-a654-31dbcf369683",
    "data": [
      {
        "text": "Qué es este gdg",
        "userDefined": false
      }
    ],
    "isTemplate": false,
    "count": 0,
    "updated": 1536945243
  },
  {
    "id": "218d8e9b-5e90-4dc3-9f27-087d8ca8fae6",
    "data": [
      {
        "text": "información sobre la organización",
        "userDefined": false
      }
    ],
    "isTemplate": false,
    "count": 1,
    "updated": 1536945243
  },
  {
    "id": "fda18593-03e0-4fc0-9186-f831c4f3267f",
    "data": [
      {
        "text": "información sobre el gdg",
        "userDefined": false
      }
    ],
    "isTemplate": false,
    "count": 0,
    "updated": 1536945243
  },
  {
    "id": "a8b5c449-2be7-4835-9aba-e64a0488bd34",
    "data": [
      {
        "text": "Quiero saber sobre el grupo",
        "userDefined": false
      }
    ],
    "isTemplate": false,
    "count": 0,
    "updated": 1536945243
  },
  {
    "id": "064b129a-e50d-447b-8d3f-9baf6bbd6363",
    "data": [
      {
        "text": "Dime de la organización",
        "userDefined": false
      }
    ],
    "isTemplate": false,
    "count": 0,
    "updated": 1536945243
  },
  {
    "id": "5789d4e0-fc03-42fe-b245-330dcf52b96b",
    "data": [
      {
        "text": "deme de la organizacion",
        "userDefined": false
      }
    ],
    "isTemplate": false,
    "count": 0,
    "updated": 1536945243
  },
  {
    "id": "8242f7cb-def4-483d-9e5e-1b82853cce70",
    "data": [
      {
        "text": "esta organizacion",
        "userDefined": false
      }
    ],
    "isTemplate": false,
    "count": 0,
    "updated": 1536945243
  },
  {
    "id": "ccbef332-1096-4659-b077-ddc264d3cd04",
    "data": [
      {
        "text": "este gdg",
        "userDefined": false
      }
    ],
    "isTemplate": false,
    "count": 0,
    "updated": 1536945243
  },
  {
    "id": "42f65b68-59e7-4aab-9ad0-0599f140df2f",
    "data": [
      {
        "text": "cuentame sobre el grupo",
        "userDefined": false
      }
    ],
    "isTemplate": false,
    "count": 0,
    "updated": 1536945243
  },
  {
    "id": "1ab68f91-cd84-401c-9793-e6e33d58dd18",
    "data": [
      {
        "text": "organizacion",
        "userDefined": false
      }
    ],
    "isTemplate": false,
    "count": 0,
    "updated": 1536945243
  },
  {
    "id": "4201277f-ffa3-421c-a3c7-b6907bfea9ad",
    "data": [
      {
        "text": "reunion",
        "userDefined": false
      }
    ],
    "isTemplate": false,
    "count": 0,
    "updated": 1536945243
  },
  {
    "id": "46792fe5-3ccb-4416-9884-a99ef6853970",
    "data": [
      {
        "text": "quiero saber mas",
        "userDefined": false
      }
    ],
    "isTemplate": false,
    "count": 0,
    "updated": 1536945243
  },
  {
    "id": "6f5de2ec-3891-486e-b372-80ef540891dd",
    "data": [
      {
        "text": "gdg",
        "userDefined": false
      }
    ],
    "isTemplate": false,
    "count": 0,
    "updated": 1536945243
  },
  {
    "id": "d3c9bf5c-a3ce-4250-aa72-65ce07c47b9c",
    "data": [
      {
        "text": "Sobre GDG",
        "userDefined": false
      }
    ],
    "isTemplate": false,
    "count": 0,
    "updated": 1533922490
  },
  {
    "id": "76de2827-aaa8-44e7-bdf8-f9555f109465",
    "data": [
      {
        "text": "quiero escuchar sobre este grupo",
        "userDefined": false
      }
    ],
    "isTemplate": false,
    "count": 0,
    "updated": 1536945243
  },
  {
    "id": "a0026512-66aa-48cf-9ef9-db7dc7ebf9e6",
    "data": [
      {
        "text": "quiero saber sobre el gdg",
        "userDefined": false
      }
    ],
    "isTemplate": false,
    "count": 0,
    "updated": 1536945243
  },
  {
    "id": "cc459faa-72ce-4156-85e8-4ad6cebe7786",
    "data": [
      {
        "text": "cuéntame sobre el gdg",
        "userDefined": false
      }
    ],
    "isTemplate": false,
    "count": 0,
    "updated": 1536945243
  },
  {
    "id": "ecf9236c-aba0-48de-8edc-56048292d5c5",
    "data": [
      {
        "text": "este grupo",
        "userDefined": false
      }
    ],
    "isTemplate": false,
    "count": 0,
    "updated": 1536945243
  },
  {
    "id": "8f8b5286-f1fd-46bf-a8cd-b1886893551d",
    "data": [
      {
        "text": "groupo",
        "userDefined": false
      }
    ],
    "isTemplate": false,
    "count": 0,
    "updated": 1536945243
  },
  {
    "id": "b9ea1ef1-919c-459c-91d9-33f3193cb598",
    "data": [
      {
        "text": "cuéntame sobre la reunión",
        "userDefined": false
      }
    ],
    "isTemplate": false,
    "count": 0,
    "updated": 1536945243
  },
  {
    "id": "242e4408-f619-432d-b438-23d66bbbcce3",
    "data": [
      {
        "text": "Quiero saber sobre la organización",
        "userDefined": false
      }
    ],
    "isTemplate": false,
    "count": 1,
    "updated": 1536945243
  }
]