[
  {
    "id": "8d6dfa84-501c-4095-8aed-33cdb9ffd6e9",
    "data": [
      {
        "text": "Was ist diese GDG",
        "userDefined": false
      }
    ],
    "isTemplate": false,
    "count": 0,
    "updated": 1538195513
  },
  {
    "id": "36c01587-0cb1-4e0c-9887-9d8cabc77a8d",
    "data": [
      {
        "text": "Information zu der Organisation",
        "userDefined": false
      }
    ],
    "isTemplate": false,
    "count": 0,
    "updated": 1538195513
  },
  {
    "id": "a1496a55-36e8-415e-af0c-6fa0ba20b358",
    "data": [
      {
        "text": "Info zu der GDG",
        "userDefined": false
      }
    ],
    "isTemplate": false,
    "count": 0,
    "updated": 1538195513
  },
  {
    "id": "7bc34e71-60c2-403e-867a-2b98c991fc71",
    "data": [
      {
        "text": "Ich möchte mehr über die Gruppe erfahren",
        "userDefined": false
      }
    ],
    "isTemplate": false,
    "count": 0,
    "updated": 1538195513
  },
  {
    "id": "8d2fb1bc-a3fd-45df-ae11-a99b9f5aa8a3",
    "data": [
      {
        "text": "Erzähl mir mehr über die Organisation",
        "userDefined": false
      }
    ],
    "isTemplate": false,
    "count": 0,
    "updated": 1538195513
  },
  {
    "id": "d5ac6a02-07b4-480a-bdd9-e8ebb88763a2",
    "data": [
      {
        "text": "Diese Organisation",
        "userDefined": false
      }
    ],
    "isTemplate": false,
    "count": 0,
    "updated": 1538195513
  },
  {
    "id": "0b3d6e07-597f-4b1d-a20e-cf2f58043b72",
    "data": [
      {
        "text": "Diese GDG",
        "userDefined": false
      }
    ],
    "isTemplate": false,
    "count": 0,
    "updated": 1538195513
  },
  {
    "id": "61194bf5-809a-445a-8992-6e2b26734476",
    "data": [
      {
        "text": "Erzähl mir mehr über die Gruppe",
        "userDefined": false
      }
    ],
    "isTemplate": false,
    "count": 0,
    "updated": 1538195513
  },
  {
    "id": "89f57d99-72e2-488f-b9c6-4873c6a23d13",
    "data": [
      {
        "text": "Organisation",
        "userDefined": false
      }
    ],
    "isTemplate": false,
    "count": 0,
    "updated": 1538195513
  },
  {
    "id": "8efbea05-a0e1-46c0-888a-84c129a428c5",
    "data": [
      {
        "text": "Meetup",
        "userDefined": false
      }
    ],
    "isTemplate": false,
    "count": 0,
    "updated": 1538195513
  },
  {
    "id": "629fd800-b490-40ef-a1f3-c5712665489b",
    "data": [
      {
        "text": "Ich möchte mehr ",
        "userDefined": false
      },
      {
        "text": "wissen",
        "meta": "@sys.ignore",
        "userDefined": false
      }
    ],
    "isTemplate": false,
    "count": 0,
    "updated": 1538195513
  },
  {
    "id": "6d9e7b52-f3a5-41a1-bbac-007d9e5a09e7",
    "data": [
      {
        "text": "GDG",
        "userDefined": false
      }
    ],
    "isTemplate": false,
    "count": 0,
    "updated": 1538195513
  },
  {
    "id": "365c69cb-d52e-4902-9a6a-153670af31a6",
    "data": [
      {
        "text": "Über die GDG",
        "userDefined": false
      }
    ],
    "isTemplate": false,
    "count": 0,
    "updated": 1538195513
  },
  {
    "id": "ad7622a7-d9ed-4a7d-91bf-d94059764a45",
    "data": [
      {
        "text": "Ich möchte mehr über diese Gruppe hören",
        "userDefined": false
      }
    ],
    "isTemplate": false,
    "count": 0,
    "updated": 1538195513
  },
  {
    "id": "07ff1dd2-b20e-4913-b630-3f708e40a7be",
    "data": [
      {
        "text": "Ich möchte mehr über die GDG erfahren",
        "userDefined": false
      }
    ],
    "isTemplate": false,
    "count": 0,
    "updated": 1538195513
  },
  {
    "id": "3f26da0a-30fb-4552-80be-9b9400412dcf",
    "data": [
      {
        "text": "Diese Gruppe",
        "userDefined": false
      }
    ],
    "isTemplate": false,
    "count": 0,
    "updated": 1538195513
  },
  {
    "id": "da4fbfc6-f06f-4ddb-a620-e13d055be078",
    "data": [
      {
        "text": "Erzähl mir mehr über die GDG",
        "userDefined": false
      }
    ],
    "isTemplate": false,
    "count": 0,
    "updated": 1538195513
  },
  {
    "id": "6a8d42e4-81c8-48a9-99d1-acd3112fb2c4",
    "data": [
      {
        "text": "Gruppe",
        "userDefined": false
      }
    ],
    "isTemplate": false,
    "count": 0,
    "updated": 1538195513
  },
  {
    "id": "b7329332-b980-4bdc-a7b1-df50954cf404",
    "data": [
      {
        "text": "Erzähl mir etwas über das Meetup",
        "userDefined": false
      }
    ],
    "isTemplate": false,
    "count": 1,
    "updated": 1538195513
  }
]