[
  {
    "id": "7a774a29-7d3d-4684-b887-a04234230bc8",
    "data": [
      {
        "text": "informazioni sul gdg",
        "userDefined": false
      }
    ],
    "isTemplate": false,
    "count": 0,
    "updated": 1525735583
  },
  {
    "id": "eb4d15c3-c1a6-4fc3-97a2-e5ecbfd617f0",
    "data": [
      {
        "text": "gdg",
        "userDefined": false
      }
    ],
    "isTemplate": false,
    "count": 0,
    "updated": 1525735583
  },
  {
    "id": "d9c70013-c552-4e32-9823-2746574531f5",
    "data": [
      {
        "text": "parlami del gdg",
        "userDefined": false
      }
    ],
    "isTemplate": false,
    "count": 0,
    "updated": 1525735583
  },
  {
    "id": "7b05f154-bee0-4235-ae33-2d6ee4c10b9d",
    "data": [
      {
        "text": "voglio sentire del gdg",
        "userDefined": false
      }
    ],
    "isTemplate": false,
    "count": 0,
    "updated": 1536885946
  },
  {
    "id": "d6049822-d99a-48d7-a14c-9b0e2f2cc225",
    "data": [
      {
        "text": "cos\u0027e\u0027 questo gdg",
        "userDefined": false
      }
    ],
    "isTemplate": false,
    "count": 0,
    "updated": 1536885946
  },
  {
    "id": "1a620bc3-057b-4a46-8fe3-15f7f2e6e8e1",
    "data": [
      {
        "text": "informazioni sull\u0027organizzazione",
        "userDefined": false
      }
    ],
    "isTemplate": false,
    "count": 1,
    "updated": 1536885946
  },
  {
    "id": "d7e672a4-1041-4f47-84a4-fe82cd33b2ab",
    "data": [
      {
        "text": "questo gdg",
        "userDefined": false
      }
    ],
    "isTemplate": false,
    "count": 1,
    "updated": 1536885946
  },
  {
    "id": "98d8c7fb-de06-4932-9072-158bf4edfc6c",
    "data": [
      {
        "text": "organizzazione",
        "userDefined": false
      }
    ],
    "isTemplate": false,
    "count": 1,
    "updated": 1536885946
  },
  {
    "id": "6898895b-885a-452c-9227-e51f2d5dd23e",
    "data": [
      {
        "text": "questo gruppo",
        "userDefined": false
      }
    ],
    "isTemplate": false,
    "count": 0,
    "updated": 1536885946
  },
  {
    "id": "ab8eb110-1c9a-447c-87ae-0adf81b788f6",
    "data": [
      {
        "text": "vorrei saperne di piu\u0027 sul gdg",
        "userDefined": false
      }
    ],
    "isTemplate": false,
    "count": 3,
    "updated": 1525735583
  },
  {
    "id": "178afb51-4703-498b-9dec-62c4f31ecfec",
    "data": [
      {
        "text": "voglio sapere tutto sul gruppo",
        "userDefined": false
      }
    ],
    "isTemplate": false,
    "count": 1,
    "updated": 1536885946
  },
  {
    "id": "8596edcc-3540-44af-a5b7-7b4c2f603528",
    "data": [
      {
        "text": "dimmi di piu\u0027",
        "userDefined": false
      }
    ],
    "isTemplate": false,
    "count": 0,
    "updated": 1536885946
  },
  {
    "id": "02487217-8bae-46a0-867e-a73054d9435e",
    "data": [
      {
        "text": "meetup",
        "userDefined": false
      }
    ],
    "isTemplate": false,
    "count": 0,
    "updated": 1536885946
  },
  {
    "id": "659d896a-ec97-4c79-9b0f-a77c08fa1d9c",
    "data": [
      {
        "text": "parlami del gruppo",
        "userDefined": false
      }
    ],
    "isTemplate": false,
    "count": 0,
    "updated": 1536885946
  },
  {
    "id": "517313bd-c078-4bea-85a4-8db2c564af6f",
    "data": [
      {
        "text": "voglio sapere dell\u0027organizzazione",
        "userDefined": false
      }
    ],
    "isTemplate": false,
    "count": 0,
    "updated": 1536885946
  },
  {
    "id": "3f77e1f9-5806-4db3-b66b-09f81ad829d7",
    "data": [
      {
        "text": "parlami dell\u0027organizzazione",
        "userDefined": false
      }
    ],
    "isTemplate": false,
    "count": 0,
    "updated": 1536885946
  },
  {
    "id": "d3243b24-142c-472d-baac-f9d0f8c98661",
    "data": [
      {
        "text": "questa organizzazione",
        "userDefined": false
      }
    ],
    "isTemplate": false,
    "count": 0,
    "updated": 1536885946
  },
  {
    "id": "439151fd-24cc-4b5f-b14a-1035105271b1",
    "data": [
      {
        "text": "riguardo al gdg",
        "userDefined": false
      }
    ],
    "isTemplate": false,
    "count": 0,
    "updated": 1536885946
  },
  {
    "id": "329317c7-1410-4465-804a-001f38d0050a",
    "data": [
      {
        "text": "voglio sapere del gdg",
        "userDefined": false
      }
    ],
    "isTemplate": false,
    "count": 0,
    "updated": 1536885946
  },
  {
    "id": "de601a2b-b1b6-4048-b028-3b424ef37d54",
    "data": [
      {
        "text": "dimmi di piu\u0027 sul meetup",
        "userDefined": false
      }
    ],
    "isTemplate": false,
    "count": 0,
    "updated": 1536885946
  },
  {
    "id": "d61d64c0-965e-44b2-9478-6787da0fa0df",
    "data": [
      {
        "text": "gruppo",
        "userDefined": false
      }
    ],
    "isTemplate": false,
    "count": 0,
    "updated": 1536885946
  }
]