[
  {
    "id": "30922980-2538-4c39-8c8e-15233450d7fc",
    "data": [
      {
        "text": "I want to know about the organization",
        "userDefined": false
      }
    ],
    "isTemplate": false,
    "count": 0,
    "updated": 1533834784
  },
  {
    "id": "acf99b30-e857-4614-9b3c-859c72b21fd7",
    "data": [
      {
        "text": "Tell me about the meetup",
        "userDefined": false
      }
    ],
    "isTemplate": false,
    "count": 0,
    "updated": 1533834784
  },
  {
    "id": "0215fddd-6595-43b6-9d5b-8b713af25373",
    "data": [
      {
        "text": "group",
        "userDefined": false
      }
    ],
    "isTemplate": false,
    "count": 0,
    "updated": 1533834784
  },
  {
    "id": "3ffdeb36-7ec7-4ccf-b8af-5937dddac604",
    "data": [
      {
        "text": "tell me about the gdg",
        "userDefined": false
      }
    ],
    "isTemplate": false,
    "count": 1,
    "updated": 1533752707
  },
  {
    "id": "9e70fe10-0cfb-40b3-90b8-11c8b5e623fa",
    "data": [
      {
        "text": "this group",
        "userDefined": false
      }
    ],
    "isTemplate": false,
    "count": 0,
    "updated": 1533834784
  },
  {
    "id": "dde7e27f-cd61-4549-ad61-8252dceb3222",
    "data": [
      {
        "text": "I want to know about the gdg",
        "userDefined": false
      }
    ],
    "isTemplate": false,
    "count": 1,
    "updated": 1533752707
  },
  {
    "id": "06cafd1f-d356-4207-bda6-c495bfd0c9ab",
    "data": [
      {
        "text": "I want to hear about this group",
        "userDefined": false
      }
    ],
    "isTemplate": false,
    "count": 0,
    "updated": 1533834784
  },
  {
    "id": "ffc4cd88-bda4-4808-9428-2c2061b84022",
    "data": [
      {
        "text": "About GDG",
        "userDefined": false
      }
    ],
    "isTemplate": false,
    "count": 0,
    "updated": 1530290187
  },
  {
    "id": "24200491-d47d-4b0f-8549-5c5a3cc0a738",
    "data": [
      {
        "text": "gdg",
        "userDefined": false
      }
    ],
    "isTemplate": false,
    "count": 0,
    "updated": 1533752707
  },
  {
    "id": "6f36f9f8-acb3-46fc-bc3d-f724aeb9c983",
    "data": [
      {
        "text": "I want to know more",
        "userDefined": false
      }
    ],
    "isTemplate": false,
    "count": 0,
    "updated": 1533834784
  },
  {
    "id": "78969542-4813-4ce3-ad32-51b854f2bd47",
    "data": [
      {
        "text": "meetup",
        "userDefined": false
      }
    ],
    "isTemplate": false,
    "count": 1,
    "updated": 1533834784
  },
  {
    "id": "de06bd20-55db-4384-94d0-9754327a58dc",
    "data": [
      {
        "text": "organization",
        "userDefined": false
      }
    ],
    "isTemplate": false,
    "count": 1,
    "updated": 1533752707
  },
  {
    "id": "6113628f-81b6-4828-a4aa-58a62a40cece",
    "data": [
      {
        "text": "tell me about the group",
        "userDefined": false
      }
    ],
    "isTemplate": false,
    "count": 0,
    "updated": 1533834870
  },
  {
    "id": "11a61026-f154-4a56-966c-2304ee1a6988",
    "data": [
      {
        "text": "this gdg",
        "userDefined": false
      }
    ],
    "isTemplate": false,
    "count": 0,
    "updated": 1533834784
  },
  {
    "id": "a73a2123-eca8-40c5-a1e6-b8363f189a5b",
    "data": [
      {
        "text": "this organzation",
        "userDefined": false
      }
    ],
    "isTemplate": false,
    "count": 0,
    "updated": 1533834784
  },
  {
    "id": "dedb56c4-367a-4245-a2ae-27767489b1b3",
    "data": [
      {
        "text": "Tell me about the organization",
        "userDefined": false
      }
    ],
    "isTemplate": false,
    "count": 0,
    "updated": 1533752707
  },
  {
    "id": "c4111240-a701-42ca-862f-fa384c90ce9f",
    "data": [
      {
        "text": "this meetup",
        "userDefined": false
      }
    ],
    "isTemplate": false,
    "count": 0,
    "updated": 1533834784
  },
  {
    "id": "f0cf9528-e824-42f0-9926-ee1d7102e950",
    "data": [
      {
        "text": "I want to know about the group",
        "userDefined": false
      }
    ],
    "isTemplate": false,
    "count": 0,
    "updated": 1533834784
  },
  {
    "id": "2a9f73dd-c8a8-4e39-8b64-df044e118179",
    "data": [
      {
        "text": "info on the gdg",
        "userDefined": false
      }
    ],
    "isTemplate": false,
    "count": 0,
    "updated": 1533752707
  },
  {
    "id": "3d010ae2-7937-46da-bf7f-6c9f3026b18c",
    "data": [
      {
        "text": "information about the organzation",
        "userDefined": false
      }
    ],
    "isTemplate": false,
    "count": 0,
    "updated": 1533752707
  },
  {
    "id": "b2abf5a3-9fe8-4dc5-97b7-560a1a9fb0da",
    "data": [
      {
        "text": "what is this gdg",
        "userDefined": false
      }
    ],
    "isTemplate": false,
    "count": 0,
    "updated": 1533752707
  }
]