[
  {
    "id": "b0f05fe9-8a76-44b4-ba74-9342a7c8b4d4",
    "data": [
      {
        "text": "o que é esse gdg",
        "userDefined": false
      }
    ],
    "isTemplate": false,
    "count": 0
  },
  {
    "id": "4958385a-3050-4c56-964a-7bcb07370cb3",
    "data": [
      {
        "text": "informação sobre a organização",
        "userDefined": false
      }
    ],
    "isTemplate": false,
    "count": 0
  },
  {
    "id": "d92e7d53-7317-48e5-bd57-9f988db3d8cb",
    "data": [
      {
        "text": "informação sobre o gdg",
        "userDefined": false
      }
    ],
    "isTemplate": false,
    "count": 0
  },
  {
    "id": "e2d3eb2c-00b4-4ca1-8318-f8510b648a32",
    "data": [
      {
        "text": "eu quero saber sobre o grupo",
        "userDefined": false
      }
    ],
    "isTemplate": false,
    "count": 0
  },
  {
    "id": "77340069-e1e8-465d-ae2b-de353f272fe3",
    "data": [
      {
        "text": "me fale sobre a organização",
        "userDefined": false
      }
    ],
    "isTemplate": false,
    "count": 0
  },
  {
    "id": "690ec147-e130-4417-a7b3-d94c900a04cb",
    "data": [
      {
        "text": "essa organização",
        "userDefined": false
      }
    ],
    "isTemplate": false,
    "count": 0
  },
  {
    "id": "3410620c-4e12-4459-ba51-b4ae549b3d91",
    "data": [
      {
        "text": "esse gdg",
        "userDefined": false
      }
    ],
    "isTemplate": false,
    "count": 0
  },
  {
    "id": "fc9ccd16-e792-4fee-bd52-a56cf882a69d",
    "data": [
      {
        "text": "Me fale sobre o grupo",
        "userDefined": false
      }
    ],
    "isTemplate": false,
    "count": 0
  },
  {
    "id": "bbf4a646-8067-4c6d-a260-631e2588cf06",
    "data": [
      {
        "text": "organização",
        "userDefined": false
      }
    ],
    "isTemplate": false,
    "count": 0
  },
  {
    "id": "01635776-636f-4068-b606-d283698836ff",
    "data": [
      {
        "text": "meetup",
        "userDefined": false
      }
    ],
    "isTemplate": false,
    "count": 0
  },
  {
    "id": "a1a2d02e-2ac4-4acf-a0e2-84b861bfa6ad",
    "data": [
      {
        "text": "Eu quero saber mais",
        "userDefined": false
      }
    ],
    "isTemplate": false,
    "count": 0
  },
  {
    "id": "5ccbce50-86e5-40ae-a7c8-06d5562dae07",
    "data": [
      {
        "text": "gdg",
        "userDefined": false
      }
    ],
    "isTemplate": false,
    "count": 0
  },
  {
    "id": "e636abf2-cec5-4437-8ac5-adb6da87cbc7",
    "data": [
      {
        "text": "sobre o gdg",
        "userDefined": false
      }
    ],
    "isTemplate": false,
    "count": 0
  },
  {
    "id": "83d7e554-c72a-4786-a1a3-c57a996fc7c6",
    "data": [
      {
        "text": "eu quero escutar sobre esse grupo",
        "userDefined": false
      }
    ],
    "isTemplate": false,
    "count": 0
  },
  {
    "id": "047acf9d-7029-40f8-87fe-825094226e48",
    "data": [
      {
        "text": "eu quero saber sobre o GDG",
        "userDefined": false
      }
    ],
    "isTemplate": false,
    "count": 0
  },
  {
    "id": "44c2cbd9-887e-456c-99b2-0e4d4c62630f",
    "data": [
      {
        "text": "esse grupo",
        "userDefined": false
      }
    ],
    "isTemplate": false,
    "count": 0
  },
  {
    "id": "9100a621-c90a-41ff-88df-73828a922d4d",
    "data": [
      {
        "text": "Me fale sobre o GDG",
        "userDefined": false
      }
    ],
    "isTemplate": false,
    "count": 0
  },
  {
    "id": "c8d7e953-864d-4ef6-8f53-2ab71ec7a3bb",
    "data": [
      {
        "text": "grupo",
        "userDefined": false
      }
    ],
    "isTemplate": false,
    "count": 0
  },
  {
    "id": "0636c8fc-b1ad-47b7-9937-c8757cebf7f5",
    "data": [
      {
        "text": "Me fale sobre o meetup",
        "userDefined": false
      }
    ],
    "isTemplate": false,
    "count": 0
  },
  {
    "id": "e4e6ab95-290f-4065-8ae9-9e576cf41620",
    "data": [
      {
        "text": "Eu quero saber sobre a orgaização",
        "userDefined": false
      }
    ],
    "isTemplate": false,
    "count": 0
  }
]