[
  {
    "id": "9a7b35b4-b0fe-4eae-85f8-ae5d812c95af",
    "data": [
      {
        "text": "I want to know about the organization",
        "userDefined": false
      }
    ],
    "isTemplate": false,
    "count": 0,
    "updated": 1533834784
  },
  {
    "id": "d28929dc-eef8-45f5-8d61-b0d0e23a42fd",
    "data": [
      {
        "text": "Tell me about the meetup",
        "userDefined": false
      }
    ],
    "isTemplate": false,
    "count": 0,
    "updated": 1533834784
  },
  {
    "id": "c7d6808d-2fcc-4eb6-bbe5-ca58a8809f4c",
    "data": [
      {
        "text": "group",
        "userDefined": false
      }
    ],
    "isTemplate": false,
    "count": 0,
    "updated": 1533834784
  },
  {
    "id": "a1fc9a56-c3e9-4d87-acdc-e23d0a3cf8dd",
    "data": [
      {
        "text": "tell me about the gdg",
        "userDefined": false
      }
    ],
    "isTemplate": false,
    "count": 1,
    "updated": 1533752707
  },
  {
    "id": "779a8365-7df0-474f-a465-45c311769ad0",
    "data": [
      {
        "text": "this group",
        "userDefined": false
      }
    ],
    "isTemplate": false,
    "count": 0,
    "updated": 1533834784
  },
  {
    "id": "6daa702b-d576-477a-93b5-168900081408",
    "data": [
      {
        "text": "I want to know about the gdg",
        "userDefined": false
      }
    ],
    "isTemplate": false,
    "count": 1,
    "updated": 1533752707
  },
  {
    "id": "30697a39-94c4-4ef3-a7c8-38116dd103c2",
    "data": [
      {
        "text": "I want to hear about this group",
        "userDefined": false
      }
    ],
    "isTemplate": false,
    "count": 0,
    "updated": 1533834784
  },
  {
    "id": "cea00e6e-7b90-4138-be2f-e7168755f6a8",
    "data": [
      {
        "text": "About GDG",
        "userDefined": false
      }
    ],
    "isTemplate": false,
    "count": 0,
    "updated": 1530290187
  },
  {
    "id": "976335fb-070f-41b0-96cf-945f9f669f7a",
    "data": [
      {
        "text": "gdg",
        "userDefined": false
      }
    ],
    "isTemplate": false,
    "count": 0,
    "updated": 1533752707
  },
  {
    "id": "fa9a2b64-9cf4-4218-8e07-3f0a1206e034",
    "data": [
      {
        "text": "I want to know more",
        "userDefined": false
      }
    ],
    "isTemplate": false,
    "count": 0,
    "updated": 1533834784
  },
  {
    "id": "3c50deb7-651f-452b-bce0-c6815b750077",
    "data": [
      {
        "text": "meetup",
        "userDefined": false
      }
    ],
    "isTemplate": false,
    "count": 1,
    "updated": 1533834784
  },
  {
    "id": "38814777-f06d-4235-9601-3677f4012446",
    "data": [
      {
        "text": "organization",
        "userDefined": false
      }
    ],
    "isTemplate": false,
    "count": 1,
    "updated": 1533752707
  },
  {
    "id": "fd8a1a3c-5388-4343-bbf6-92f802a213d0",
    "data": [
      {
        "text": "tell me about the group",
        "userDefined": false
      }
    ],
    "isTemplate": false,
    "count": 0,
    "updated": 1533834870
  },
  {
    "id": "45894656-a3e0-4bbf-9aec-979d81d1b5d8",
    "data": [
      {
        "text": "this gdg",
        "userDefined": false
      }
    ],
    "isTemplate": false,
    "count": 0,
    "updated": 1533834784
  },
  {
    "id": "f3f75633-3514-47ff-880c-ae206cf8f26d",
    "data": [
      {
        "text": "this organzation",
        "userDefined": false
      }
    ],
    "isTemplate": false,
    "count": 0,
    "updated": 1533834784
  },
  {
    "id": "6abac835-a814-4239-aec2-36031067c851",
    "data": [
      {
        "text": "Tell me about the organization",
        "userDefined": false
      }
    ],
    "isTemplate": false,
    "count": 0,
    "updated": 1533752707
  },
  {
    "id": "f00d6ba0-e456-4071-9458-05b8f9f9b6c4",
    "data": [
      {
        "text": "this meetup",
        "userDefined": false
      }
    ],
    "isTemplate": false,
    "count": 0,
    "updated": 1533834784
  },
  {
    "id": "76ac750e-d195-4248-bd57-67d892fafd10",
    "data": [
      {
        "text": "I want to know about the group",
        "userDefined": false
      }
    ],
    "isTemplate": false,
    "count": 0,
    "updated": 1533834784
  },
  {
    "id": "7320411e-b07d-4c31-8ec6-3c193133e110",
    "data": [
      {
        "text": "info on the gdg",
        "userDefined": false
      }
    ],
    "isTemplate": false,
    "count": 0,
    "updated": 1533752707
  },
  {
    "id": "306c433a-4732-4a1f-9a0d-81fe932ec362",
    "data": [
      {
        "text": "information about the organzation",
        "userDefined": false
      }
    ],
    "isTemplate": false,
    "count": 0,
    "updated": 1533752707
  },
  {
    "id": "1278e138-8a02-4fcf-9029-a698ebd68cc4",
    "data": [
      {
        "text": "what is this gdg",
        "userDefined": false
      }
    ],
    "isTemplate": false,
    "count": 0,
    "updated": 1533752707
  }
]