[
  {
    "id": "013b0ccf-7ab6-4582-989e-e18d8a3a267f",
    "data": [
      {
        "text": "GDGとは何ですか",
        "userDefined": false
      }
    ],
    "isTemplate": false,
    "count": 1,
    "updated": 1538584028
  },
  {
    "id": "ee01365b-f043-4e75-8e3f-434bdf87de27",
    "data": [
      {
        "text": "コミュニティについての情報",
        "userDefined": false
      }
    ],
    "isTemplate": false,
    "count": 1,
    "updated": 1538584028
  },
  {
    "id": "b9ab4917-eff0-4874-889e-675f9f00b61a",
    "data": [
      {
        "text": "GDGの情報",
        "userDefined": false
      }
    ],
    "isTemplate": false,
    "count": 1,
    "updated": 1538584028
  },
  {
    "id": "13fc367d-2bcc-41d6-89a2-05a05dacdf9e",
    "data": [
      {
        "text": "グループについて知りたい。",
        "userDefined": false
      }
    ],
    "isTemplate": false,
    "count": 0,
    "updated": 1538584028
  },
  {
    "id": "c355d73b-ec36-457e-b9e7-a76185b4108f",
    "data": [
      {
        "text": "コミュニティについて教えて。",
        "userDefined": false
      }
    ],
    "isTemplate": false,
    "count": 1,
    "updated": 1538584028
  },
  {
    "id": "152fd257-fa65-4acc-a811-6c10574bdd70",
    "data": [
      {
        "text": "このコミュニティ",
        "userDefined": false
      }
    ],
    "isTemplate": false,
    "count": 1,
    "updated": 1538584028
  },
  {
    "id": "9590a722-4d4e-4d15-b549-e9fb946a1736",
    "data": [
      {
        "text": "このGDG",
        "userDefined": false
      }
    ],
    "isTemplate": false,
    "count": 1,
    "updated": 1538584028
  },
  {
    "id": "de609049-ae8a-4c11-aab2-a0a529cf389c",
    "data": [
      {
        "text": "グループについて教えて。",
        "userDefined": false
      }
    ],
    "isTemplate": false,
    "count": 0,
    "updated": 1538584028
  },
  {
    "id": "9d5f12a8-fb2a-44f9-8051-f1b7b101192e",
    "data": [
      {
        "text": "コミュニティ",
        "userDefined": false
      }
    ],
    "isTemplate": false,
    "count": 1,
    "updated": 1538584028
  },
  {
    "id": "b6275bdf-50a2-4c9b-aaf6-63d15613ca97",
    "data": [
      {
        "text": "ミートアップ",
        "userDefined": false
      }
    ],
    "isTemplate": false,
    "count": 0,
    "updated": 1538584028
  },
  {
    "id": "0a161b24-1dc6-40fd-b74f-64cced69f742",
    "data": [
      {
        "text": "もっと知りたい。",
        "userDefined": false
      }
    ],
    "isTemplate": false,
    "count": 0,
    "updated": 1538584028
  },
  {
    "id": "da78362d-840a-447a-ae45-4176e1cb2d4d",
    "data": [
      {
        "text": "GDG",
        "userDefined": false
      }
    ],
    "isTemplate": false,
    "count": 0,
    "updated": 1538584028
  },
  {
    "id": "355085d3-4569-4e7d-9fea-a0a716a88f40",
    "data": [
      {
        "text": "GDGについて",
        "userDefined": false
      }
    ],
    "isTemplate": false,
    "count": 1,
    "updated": 1538584028
  },
  {
    "id": "a78d89c0-3f46-4eeb-811b-d9acbe10852b",
    "data": [
      {
        "text": "このグループについて知りたい。",
        "userDefined": false
      }
    ],
    "isTemplate": false,
    "count": 0,
    "updated": 1538584028
  },
  {
    "id": "eae8028b-d1c7-456c-a57a-2ff808739f3f",
    "data": [
      {
        "text": "GDGについて知りたい。",
        "userDefined": false
      }
    ],
    "isTemplate": false,
    "count": 0,
    "updated": 1538584028
  },
  {
    "id": "7b618b2b-c1d0-49f1-a02c-6c557c81bada",
    "data": [
      {
        "text": "このグループ",
        "userDefined": false
      }
    ],
    "isTemplate": false,
    "count": 0,
    "updated": 1538584028
  },
  {
    "id": "ae15d144-f4f3-4d41-8dfd-bacf9fb462a0",
    "data": [
      {
        "text": "GDGについて教えて。",
        "userDefined": false
      }
    ],
    "isTemplate": false,
    "count": 0,
    "updated": 1538584028
  },
  {
    "id": "578b2d7e-d3db-4dde-95b1-a948ea107bc8",
    "data": [
      {
        "text": "グループ",
        "userDefined": false
      }
    ],
    "isTemplate": false,
    "count": 0,
    "updated": 1538584028
  },
  {
    "id": "7584dd23-a5e0-4bcc-8832-24189b5c29c6",
    "data": [
      {
        "text": "ミートアップについて教えて。",
        "userDefined": false
      }
    ],
    "isTemplate": false,
    "count": 0,
    "updated": 1538584028
  },
  {
    "id": "1ce37b94-e3c6-4ab6-b081-dd3ceb7061ba",
    "data": [
      {
        "text": "コミュニティについて知りたい。",
        "userDefined": false
      }
    ],
    "isTemplate": false,
    "count": 0,
    "updated": 1538584028
  }
]