[
  {
    "id": "2166f98a-d3f7-47dc-a68e-3880eee2d229",
    "data": [
      {
        "text": "aiuto",
        "userDefined": false
      }
    ],
    "isTemplate": false,
    "count": 0,
    "updated": 1536886057
  },
  {
    "id": "13237708-f347-49ed-9678-72e4feb85f1b",
    "data": [
      {
        "text": "cosa posso fare?",
        "userDefined": false
      }
    ],
    "isTemplate": false,
    "count": 0,
    "updated": 1536886057
  },
  {
    "id": "2d51b56d-0145-49f0-904e-b9fd036500a6",
    "data": [
      {
        "text": "non lo so",
        "userDefined": false
      }
    ],
    "isTemplate": false,
    "count": 0,
    "updated": 1536886057
  },
  {
    "id": "44e88ea6-4615-40d6-8a0e-ff308510be31",
    "data": [
      {
        "text": "non so cosa fare",
        "userDefined": false
      }
    ],
    "isTemplate": false,
    "count": 0,
    "updated": 1536886057
  },
  {
    "id": "42aa5d01-e81c-4b27-a910-ca1266cc2bc6",
    "data": [
      {
        "text": "dimmi cosa sai fare",
        "userDefined": false
      }
    ],
    "isTemplate": false,
    "count": 0,
    "updated": 1536886057
  },
  {
    "id": "8be43fbd-bf10-4359-9ea9-26704135998c",
    "data": [
      {
        "text": "quali sono le mie opzioni?",
        "userDefined": false
      }
    ],
    "isTemplate": false,
    "count": 0,
    "updated": 1536886057
  },
  {
    "id": "7bacaa63-07c8-4bf5-9978-8f99882ba05f",
    "data": [
      {
        "text": "dimmi cosa ",
        "userDefined": false
      },
      {
        "text": "devo",
        "meta": "@sys.ignore",
        "userDefined": false
      },
      {
        "text": " fare",
        "userDefined": false
      }
    ],
    "isTemplate": false,
    "count": 0,
    "updated": 1536886057
  },
  {
    "id": "64de2c8a-6fff-41eb-b3a5-25c1bc1e9925",
    "data": [
      {
        "text": "aiutami",
        "userDefined": false
      }
    ],
    "isTemplate": false,
    "count": 0,
    "updated": 1536886057
  }
]