[
  {
    "id": "74f1fe80-b73e-4895-9a7a-d156b825e92c",
    "data": [
      {
        "text": "tell me what to do",
        "userDefined": false
      }
    ],
    "isTemplate": false,
    "count": 0,
    "updated": 1533834896
  },
  {
    "id": "e1d9b58b-ebd3-4028-841b-fbd85b5db4ff",
    "data": [
      {
        "text": "help",
        "userDefined": false
      }
    ],
    "isTemplate": false,
    "count": 0,
    "updated": 1529531417
  },
  {
    "id": "b139f815-3b10-4478-941e-0a510a69fcac",
    "data": [
      {
        "text": "What are my options?",
        "userDefined": false
      }
    ],
    "isTemplate": false,
    "count": 0,
    "updated": 1529531417
  },
  {
    "id": "dcfb5787-53f7-4dab-8625-b0e7fe47c194",
    "data": [
      {
        "text": "What can you do?",
        "userDefined": false
      }
    ],
    "isTemplate": false,
    "count": 0,
    "updated": 1529531417
  },
  {
    "id": "400579d4-ed6d-4c7e-a2e4-66c242e0f835",
    "data": [
      {
        "text": "What can I do?",
        "userDefined": false
      }
    ],
    "isTemplate": false,
    "count": 0,
    "updated": 1529531417
  },
  {
    "id": "19a6f37b-cee4-4f21-9d25-453968b380c0",
    "data": [
      {
        "text": "help me",
        "userDefined": false
      }
    ],
    "isTemplate": false,
    "count": 0,
    "updated": 1533834896
  },
  {
    "id": "588841a1-0add-45e1-8cf6-15abdd51fc7a",
    "data": [
      {
        "text": "I don\u0027t know",
        "userDefined": false
      }
    ],
    "isTemplate": false,
    "count": 0,
    "updated": 1533834896
  },
  {
    "id": "98b11ca6-91db-47e9-b70a-608c93774e22",
    "data": [
      {
        "text": "tell me what you can do",
        "userDefined": false
      }
    ],
    "isTemplate": false,
    "count": 0,
    "updated": 1533834896
  },
  {
    "id": "c67d93fd-3b3f-4e60-9c4c-e665a4db9188",
    "data": [
      {
        "text": "I don\u0027t know what to do",
        "userDefined": false
      }
    ],
    "isTemplate": false,
    "count": 0,
    "updated": 1529531417
  }
]