[
  {
    "id": "0d51552f-2f24-4425-94b5-f0ebcc4df560",
    "data": [
      {
        "text": "aiuto",
        "userDefined": false
      }
    ],
    "isTemplate": false,
    "count": 0,
    "updated": 1536886057
  },
  {
    "id": "1379f9ff-6e71-4977-a740-50044fc800d6",
    "data": [
      {
        "text": "cosa posso fare?",
        "userDefined": false
      }
    ],
    "isTemplate": false,
    "count": 0,
    "updated": 1536886057
  },
  {
    "id": "90921737-a437-4006-b9c7-f2a2538c790a",
    "data": [
      {
        "text": "non lo so",
        "userDefined": false
      }
    ],
    "isTemplate": false,
    "count": 0,
    "updated": 1536886057
  },
  {
    "id": "2be89ac1-1a6a-4080-a5c1-2f0518a8b8d2",
    "data": [
      {
        "text": "non so cosa fare",
        "userDefined": false
      }
    ],
    "isTemplate": false,
    "count": 0,
    "updated": 1536886057
  },
  {
    "id": "e798ef3e-6582-418e-b541-a5f1035f26a5",
    "data": [
      {
        "text": "dimmi cosa sai fare",
        "userDefined": false
      }
    ],
    "isTemplate": false,
    "count": 0,
    "updated": 1536886057
  },
  {
    "id": "9aa057e6-246d-4214-b46c-c70766d8cc63",
    "data": [
      {
        "text": "quali sono le mie opzioni?",
        "userDefined": false
      }
    ],
    "isTemplate": false,
    "count": 0,
    "updated": 1536886057
  },
  {
    "id": "24f03fc6-4011-48b0-bfcc-3e222109e06b",
    "data": [
      {
        "text": "dimmi cosa ",
        "userDefined": false
      },
      {
        "text": "devo",
        "meta": "@sys.ignore",
        "userDefined": false
      },
      {
        "text": " fare",
        "userDefined": false
      }
    ],
    "isTemplate": false,
    "count": 0,
    "updated": 1536886057
  },
  {
    "id": "b26c5138-af7f-4f30-bb79-66010b98707a",
    "data": [
      {
        "text": "aiutami",
        "userDefined": false
      }
    ],
    "isTemplate": false,
    "count": 0,
    "updated": 1536886057
  }
]