[
  {
    "id": "f4a8c08f-3ed8-4d78-88b0-87cebbe833f0",
    "data": [
      {
        "text": "yardım",
        "userDefined": false
      }
    ],
    "isTemplate": false,
    "count": 0
  },
  {
    "id": "f01ceed9-047c-4c6b-926c-53d2fb1e77f5",
    "data": [
      {
        "text": "neler yapabilirim",
        "userDefined": false
      }
    ],
    "isTemplate": false,
    "count": 0
  },
  {
    "id": "8d950562-cbaa-41d3-b60b-21ad8cc86834",
    "data": [
      {
        "text": "bilmiyorum",
        "userDefined": false
      }
    ],
    "isTemplate": false,
    "count": 0
  },
  {
    "id": "95871c22-a5d2-4835-afc4-d9c09feabd67",
    "data": [
      {
        "text": "ne yapacağımı bilmiyorum",
        "userDefined": false
      }
    ],
    "isTemplate": false,
    "count": 0
  },
  {
    "id": "470acbcb-a4ed-4f61-b3a3-fd97c41d2e09",
    "data": [
      {
        "text": "neler yapabilirsin",
        "userDefined": false
      }
    ],
    "isTemplate": false,
    "count": 0
  },
  {
    "id": "089df194-36c6-4d63-ae3f-cf6945763461",
    "data": [
      {
        "text": "ne yapacağımı söyle",
        "userDefined": false
      }
    ],
    "isTemplate": false,
    "count": 0
  },
  {
    "id": "2a5712c0-d9ee-41b5-9023-5ce7815f0644",
    "data": [
      {
        "text": "seçeneklerim neler",
        "userDefined": false
      }
    ],
    "isTemplate": false,
    "count": 0
  },
  {
    "id": "aff96fca-5ffd-4ca2-a8ea-87a2f4d5ff27",
    "data": [
      {
        "text": "yardım et",
        "userDefined": false
      }
    ],
    "isTemplate": false,
    "count": 0
  }
]