[
  {
    "id": "5c141570-89e0-4a8d-88aa-e88668ea9f9c",
    "data": [
      {
        "text": "Ajuda",
        "meta": "@sys.ignore",
        "userDefined": false
      }
    ],
    "isTemplate": false,
    "count": 0
  },
  {
    "id": "5190a99d-89a8-41f3-81e3-f9036db47b10",
    "data": [
      {
        "text": "O que posso fazer?",
        "userDefined": false
      }
    ],
    "isTemplate": false,
    "count": 0
  },
  {
    "id": "551bee8a-141c-49fc-9d3f-eb64c04b6e4a",
    "data": [
      {
        "text": "Eu não sei",
        "userDefined": false
      }
    ],
    "isTemplate": false,
    "count": 0
  },
  {
    "id": "89bc0900-178e-4ce1-824e-643a40b2052c",
    "data": [
      {
        "text": "Eu não sei o que fazer",
        "userDefined": false
      }
    ],
    "isTemplate": false,
    "count": 0
  },
  {
    "id": "71e17d73-bdfb-4661-ae72-59196906e218",
    "data": [
      {
        "text": "me diga o que você pode fazer",
        "userDefined": false
      }
    ],
    "isTemplate": false,
    "count": 0
  },
  {
    "id": "e281c13b-5901-43c9-a347-f2b660448e40",
    "data": [
      {
        "text": "quais são as opções?",
        "userDefined": false
      }
    ],
    "isTemplate": false,
    "count": 0
  },
  {
    "id": "e2574157-ad2c-4efe-8e88-85dfb803ee77",
    "data": [
      {
        "text": "me fale o que posso fazer",
        "userDefined": false
      }
    ],
    "isTemplate": false,
    "count": 0
  },
  {
    "id": "81353e3a-4cf0-4ef0-a80d-743c616509b5",
    "data": [
      {
        "text": "me ajude",
        "userDefined": false
      }
    ],
    "isTemplate": false,
    "count": 0
  }
]