[
  {
    "id": "55377290-a61d-4ed6-bf57-ab01d0f06f6b",
    "data": [
      {
        "text": "ヘルプ",
        "userDefined": false
      }
    ],
    "isTemplate": false,
    "count": 0,
    "updated": 1538584067
  },
  {
    "id": "b49e7806-7ca3-453f-aa7e-b45d2db63633",
    "data": [
      {
        "text": "何をすれば良いの？",
        "userDefined": false
      }
    ],
    "isTemplate": false,
    "count": 0,
    "updated": 1538584067
  },
  {
    "id": "e2938edd-4365-4fbc-ab0c-9199e29388fe",
    "data": [
      {
        "text": "知りません。",
        "userDefined": false
      }
    ],
    "isTemplate": false,
    "count": 0,
    "updated": 1538584067
  },
  {
    "id": "4f414ff3-2046-42d0-a0d2-0f3bbb47da12",
    "data": [
      {
        "text": "何をすれば良いかわかりません。",
        "userDefined": false
      }
    ],
    "isTemplate": false,
    "count": 0,
    "updated": 1538584067
  },
  {
    "id": "de996a23-db0c-4517-a362-f1ed5e1a394b",
    "data": [
      {
        "text": "できることを教えて。",
        "userDefined": false
      }
    ],
    "isTemplate": false,
    "count": 0,
    "updated": 1538584067
  },
  {
    "id": "cfe79e6c-1195-42fc-83f5-0446ce94e989",
    "data": [
      {
        "text": "何ができますか？",
        "userDefined": false
      }
    ],
    "isTemplate": false,
    "count": 0,
    "updated": 1538584067
  },
  {
    "id": "39914547-4d6b-498c-8488-7247c4205f19",
    "data": [
      {
        "text": "何をすれば良いか教えて。",
        "userDefined": false
      }
    ],
    "isTemplate": false,
    "count": 0,
    "updated": 1538584067
  },
  {
    "id": "e80e15d5-dd7c-4a8b-b4ae-29f73869dde2",
    "data": [
      {
        "text": "助けてください。",
        "userDefined": false
      }
    ],
    "isTemplate": false,
    "count": 0,
    "updated": 1538584067
  }
]