[
  {
    "id": "40c6f96f-9d50-4893-8d17-cfee962326b0",
    "data": [
      {
        "text": "Hilfe",
        "userDefined": false
      }
    ],
    "isTemplate": false,
    "count": 0,
    "updated": 1538195571
  },
  {
    "id": "14c401b7-e68d-4d15-bd78-f0c9bebe93d1",
    "data": [
      {
        "text": "Sag mir, was ich machen soll",
        "userDefined": false
      }
    ],
    "isTemplate": false,
    "count": 0,
    "updated": 1538195571
  },
  {
    "id": "203be68e-6b05-4f05-9fab-365c6bf7834e",
    "data": [
      {
        "text": "Sag mir, was du machen kannst",
        "userDefined": false
      }
    ],
    "isTemplate": false,
    "count": 0,
    "updated": 1538195571
  },
  {
    "id": "298f9e78-fa7e-49ad-8204-549de3c67873",
    "data": [
      {
        "text": "Ich weiß nicht, was ich machen soll",
        "userDefined": false
      }
    ],
    "isTemplate": false,
    "count": 0,
    "updated": 1538195571
  },
  {
    "id": "39e314f6-c8c8-4c24-9684-e8331f184953",
    "data": [
      {
        "text": "Ich weiß nicht",
        "userDefined": false
      }
    ],
    "isTemplate": false,
    "count": 0,
    "updated": 1538195571
  },
  {
    "id": "c6822205-bb56-4f56-bdd9-6552f534cb1d",
    "data": [
      {
        "text": "Was sind meine Optionen",
        "userDefined": false
      }
    ],
    "isTemplate": false,
    "count": 0,
    "updated": 1538195571
  },
  {
    "id": "1ece151f-6f67-4b0a-9fa1-8091fc100bfc",
    "data": [
      {
        "text": "Was kann ich machen",
        "userDefined": false
      }
    ],
    "isTemplate": false,
    "count": 0,
    "updated": 1538195571
  },
  {
    "id": "646a71b6-e4a6-4e09-8e14-c7267b86a396",
    "data": [
      {
        "text": "Hilf mir",
        "userDefined": false
      }
    ],
    "isTemplate": false,
    "count": 0,
    "updated": 1538195571
  }
]