[
  {
    "id": "5ac0b161-4014-4ab7-87b6-9497ad660a9b",
    "data": [
      {
        "text": "ヘルプ",
        "userDefined": false
      }
    ],
    "isTemplate": false,
    "count": 0,
    "updated": 1538584067
  },
  {
    "id": "35bbd3f1-03a5-45b7-bc50-fe2ab09da614",
    "data": [
      {
        "text": "何をすれば良いの？",
        "userDefined": false
      }
    ],
    "isTemplate": false,
    "count": 0,
    "updated": 1538584067
  },
  {
    "id": "16310048-9d41-40b9-8a07-7822fd7a48bc",
    "data": [
      {
        "text": "知りません。",
        "userDefined": false
      }
    ],
    "isTemplate": false,
    "count": 0,
    "updated": 1538584067
  },
  {
    "id": "505e2156-6aed-424f-a510-84cf8a190b79",
    "data": [
      {
        "text": "何をすれば良いかわかりません。",
        "userDefined": false
      }
    ],
    "isTemplate": false,
    "count": 0,
    "updated": 1538584067
  },
  {
    "id": "a216bb9c-69c8-4d31-a1db-17f4e6ef4dc1",
    "data": [
      {
        "text": "できることを教えて。",
        "userDefined": false
      }
    ],
    "isTemplate": false,
    "count": 0,
    "updated": 1538584067
  },
  {
    "id": "73502e3b-e8d8-4ba4-b286-194a253dacf7",
    "data": [
      {
        "text": "何ができますか？",
        "userDefined": false
      }
    ],
    "isTemplate": false,
    "count": 0,
    "updated": 1538584067
  },
  {
    "id": "697f69b1-ef7d-40ec-8387-f2b45e0dbc75",
    "data": [
      {
        "text": "何をすれば良いか教えて。",
        "userDefined": false
      }
    ],
    "isTemplate": false,
    "count": 0,
    "updated": 1538584067
  },
  {
    "id": "f648a604-574a-478b-af40-aa955d558e07",
    "data": [
      {
        "text": "助けてください。",
        "userDefined": false
      }
    ],
    "isTemplate": false,
    "count": 0,
    "updated": 1538584067
  }
]