[
  {
    "id": "f708d3ec-44eb-4ca9-a7fd-c3f4df70b0e0",
    "data": [
      {
        "text": "help me",
        "userDefined": false
      }
    ],
    "isTemplate": false,
    "count": 0,
    "updated": 1533834896
  },
  {
    "id": "066d1da7-10b5-4734-a816-a7c8b4f97623",
    "data": [
      {
        "text": "tell me what to do",
        "userDefined": false
      }
    ],
    "isTemplate": false,
    "count": 0,
    "updated": 1533834896
  },
  {
    "id": "3b4d1b71-8dc6-49f8-a85a-d9dd435cee14",
    "data": [
      {
        "text": "What are my options?",
        "userDefined": false
      }
    ],
    "isTemplate": false,
    "count": 0,
    "updated": 1529531417
  },
  {
    "id": "fb24bf75-1522-4bb3-8935-d2dfb2ecda40",
    "data": [
      {
        "text": "tell me what you can do",
        "userDefined": false
      }
    ],
    "isTemplate": false,
    "count": 0,
    "updated": 1533834896
  },
  {
    "id": "a726cf95-3378-49a8-8671-4bb54dcfcf6b",
    "data": [
      {
        "text": "I don\u0027t know what to do",
        "userDefined": false
      }
    ],
    "isTemplate": false,
    "count": 0,
    "updated": 1529531417
  },
  {
    "id": "3bad2cfc-25e0-4e42-a7f7-1bca606cff73",
    "data": [
      {
        "text": "What can you do?",
        "userDefined": false
      }
    ],
    "isTemplate": false,
    "count": 0,
    "updated": 1529531417
  },
  {
    "id": "a636c1f5-2786-46e8-baf7-ffbefa9f5dd2",
    "data": [
      {
        "text": "I don\u0027t know",
        "userDefined": false
      }
    ],
    "isTemplate": false,
    "count": 0,
    "updated": 1533834896
  },
  {
    "id": "994d7bdf-ecda-4d8e-9034-05b99aa675a5",
    "data": [
      {
        "text": "What can I do?",
        "userDefined": false
      }
    ],
    "isTemplate": false,
    "count": 0,
    "updated": 1529531417
  },
  {
    "id": "f81a5e63-bc62-450d-b380-1893419e7588",
    "data": [
      {
        "text": "help",
        "userDefined": false
      }
    ],
    "isTemplate": false,
    "count": 0,
    "updated": 1529531417
  }
]