[
  {
    "id": "8e556b10-bb8b-4ace-82bd-4d652f80c3a2",
    "data": [
      {
        "text": "ayuda",
        "userDefined": false
      }
    ],
    "isTemplate": false,
    "count": 0,
    "updated": 1533922510
  },
  {
    "id": "4097ee5a-39fc-43b9-a96a-94e73b29520d",
    "data": [
      {
        "text": "¿que puedo hacer?",
        "userDefined": false
      }
    ],
    "isTemplate": false,
    "count": 0,
    "updated": 1536945290
  },
  {
    "id": "30865ad8-135f-404f-91dc-48d996c41982",
    "data": [
      {
        "text": "No lo sé",
        "userDefined": false
      }
    ],
    "isTemplate": false,
    "count": 0,
    "updated": 1536945290
  },
  {
    "id": "72fb2b0c-53d5-44be-acda-f2dd6dee0fb8",
    "data": [
      {
        "text": "No sé que hacer",
        "userDefined": false
      }
    ],
    "isTemplate": false,
    "count": 0,
    "updated": 1536945290
  },
  {
    "id": "d4cd770e-ab9e-4175-afee-5472acd7d74d",
    "data": [
      {
        "text": "dime que puedes hacer",
        "userDefined": false
      }
    ],
    "isTemplate": false,
    "count": 0,
    "updated": 1536945290
  },
  {
    "id": "eb56c542-91ed-4151-b2ee-3a6efe1bc857",
    "data": [
      {
        "text": "¿Cuáles son mis opciones?",
        "userDefined": false
      }
    ],
    "isTemplate": false,
    "count": 0,
    "updated": 1536945290
  },
  {
    "id": "748ae90b-5c72-4b47-a561-527754cf0262",
    "data": [
      {
        "text": "Dime que hacer",
        "userDefined": false
      }
    ],
    "isTemplate": false,
    "count": 0,
    "updated": 1536945290
  },
  {
    "id": "a1171b6b-d036-4578-a4e9-c8582e4804d1",
    "data": [
      {
        "text": "ayuadame",
        "userDefined": false
      }
    ],
    "isTemplate": false,
    "count": 1,
    "updated": 1536945290
  }
]