[
  {
    "id": "75917bd3-bfee-493a-813d-5fba7498fd5b",
    "data": [
      {
        "text": "aiutami",
        "userDefined": false
      }
    ],
    "isTemplate": false,
    "count": 0,
    "updated": 1536886057
  },
  {
    "id": "a936c873-51fb-4695-a95e-a94d18114e7c",
    "data": [
      {
        "text": "aiuto",
        "userDefined": false
      }
    ],
    "isTemplate": false,
    "count": 0,
    "updated": 1536886057
  },
  {
    "id": "3d318c01-1d79-4cdf-85ae-3f736e8a61f9",
    "data": [
      {
        "text": "cosa posso fare?",
        "userDefined": false
      }
    ],
    "isTemplate": false,
    "count": 0,
    "updated": 1536886057
  },
  {
    "id": "56271d52-abf7-447e-886b-4dbb90e1e636",
    "data": [
      {
        "text": "quali sono le mie opzioni?",
        "userDefined": false
      }
    ],
    "isTemplate": false,
    "count": 0,
    "updated": 1536886057
  },
  {
    "id": "61879fd9-e700-4353-bba9-973acc4f91ed",
    "data": [
      {
        "text": "non lo so",
        "userDefined": false
      }
    ],
    "isTemplate": false,
    "count": 0,
    "updated": 1536886057
  },
  {
    "id": "795b22bd-965f-4c87-9d2c-f62c450a68ec",
    "data": [
      {
        "text": "dimmi cosa ",
        "userDefined": false
      },
      {
        "text": "devo",
        "meta": "@sys.ignore",
        "userDefined": false
      },
      {
        "text": " fare",
        "userDefined": false
      }
    ],
    "isTemplate": false,
    "count": 0,
    "updated": 1536886057
  },
  {
    "id": "f41c1cbf-5ba3-4bca-aab2-3d0685878563",
    "data": [
      {
        "text": "non so cosa fare",
        "userDefined": false
      }
    ],
    "isTemplate": false,
    "count": 0,
    "updated": 1536886057
  },
  {
    "id": "2d24b1f6-4c88-4b21-872f-a7aee9f48498",
    "data": [
      {
        "text": "dimmi cosa sai fare",
        "userDefined": false
      }
    ],
    "isTemplate": false,
    "count": 0,
    "updated": 1536886057
  }
]