[
  {
    "id": "29468f34-723e-4c24-9bff-f810c97e7b07",
    "data": [
      {
        "text": "help me",
        "userDefined": false
      }
    ],
    "isTemplate": false,
    "count": 0,
    "updated": 1533834896
  },
  {
    "id": "70fcd305-759d-4435-ae1e-064ad3d9106f",
    "data": [
      {
        "text": "tell me what to do",
        "userDefined": false
      }
    ],
    "isTemplate": false,
    "count": 0,
    "updated": 1533834896
  },
  {
    "id": "a07c37f1-17ee-466b-b78c-09a0e699a1c2",
    "data": [
      {
        "text": "What are my options?",
        "userDefined": false
      }
    ],
    "isTemplate": false,
    "count": 0,
    "updated": 1529531417
  },
  {
    "id": "f63012d6-fc4e-4998-ba3f-412a24a9d003",
    "data": [
      {
        "text": "tell me what you can do",
        "userDefined": false
      }
    ],
    "isTemplate": false,
    "count": 0,
    "updated": 1533834896
  },
  {
    "id": "2b9394ea-7f6d-462d-9eae-732580d101d7",
    "data": [
      {
        "text": "I don\u0027t know what to do",
        "userDefined": false
      }
    ],
    "isTemplate": false,
    "count": 0,
    "updated": 1529531417
  },
  {
    "id": "a2e22363-b62d-4627-8857-ce6cae31aa6b",
    "data": [
      {
        "text": "What can you do?",
        "userDefined": false
      }
    ],
    "isTemplate": false,
    "count": 0,
    "updated": 1529531417
  },
  {
    "id": "229a9d04-f9d5-46f4-993b-03d9c885f5ca",
    "data": [
      {
        "text": "I don\u0027t know",
        "userDefined": false
      }
    ],
    "isTemplate": false,
    "count": 0,
    "updated": 1533834896
  },
  {
    "id": "052c162e-7095-4525-8c74-48572c976ee0",
    "data": [
      {
        "text": "What can I do?",
        "userDefined": false
      }
    ],
    "isTemplate": false,
    "count": 0,
    "updated": 1529531417
  },
  {
    "id": "6f97cbf1-ed7b-4a83-8410-28eaa777ecd1",
    "data": [
      {
        "text": "help",
        "userDefined": false
      }
    ],
    "isTemplate": false,
    "count": 0,
    "updated": 1529531417
  }
]