[
  {
    "id": "f94e176c-98f7-4dc2-a9f2-b451207912f2",
    "data": [
      {
        "text": "何ができますか？",
        "userDefined": false
      }
    ],
    "isTemplate": false,
    "count": 0,
    "updated": 1538584067
  },
  {
    "id": "34e7d3bb-d7a2-4420-b8a3-21e4290dc183",
    "data": [
      {
        "text": "ヘルプ",
        "userDefined": false
      }
    ],
    "isTemplate": false,
    "count": 0,
    "updated": 1538584067
  },
  {
    "id": "e507f79e-8f2a-4baa-8a76-fbf8ca234a48",
    "data": [
      {
        "text": "何をすれば良いの？",
        "userDefined": false
      }
    ],
    "isTemplate": false,
    "count": 0,
    "updated": 1538584067
  },
  {
    "id": "cd1c0114-d036-4f20-a7b3-c8c4bfcc8e48",
    "data": [
      {
        "text": "何をすれば良いか教えて。",
        "userDefined": false
      }
    ],
    "isTemplate": false,
    "count": 0,
    "updated": 1538584067
  },
  {
    "id": "56d4daf4-217e-4649-a503-38d52f06e2c4",
    "data": [
      {
        "text": "助けてください。",
        "userDefined": false
      }
    ],
    "isTemplate": false,
    "count": 0,
    "updated": 1538584067
  },
  {
    "id": "7639db9a-218b-46b6-8649-f06c318caf11",
    "data": [
      {
        "text": "できることを教えて。",
        "userDefined": false
      }
    ],
    "isTemplate": false,
    "count": 0,
    "updated": 1538584067
  },
  {
    "id": "713e546b-d768-4e44-bcaf-275aae3400b9",
    "data": [
      {
        "text": "知りません。",
        "userDefined": false
      }
    ],
    "isTemplate": false,
    "count": 0,
    "updated": 1538584067
  },
  {
    "id": "bc22ded6-114b-4b69-ba53-e0b376ae5e54",
    "data": [
      {
        "text": "何をすれば良いかわかりません。",
        "userDefined": false
      }
    ],
    "isTemplate": false,
    "count": 0,
    "updated": 1538584067
  }
]