[
  {
    "id": "a1a53c67-dc4a-44fc-80f4-61f8d4e28b45",
    "data": [
      {
        "text": "Hilfe",
        "userDefined": false
      }
    ],
    "isTemplate": false,
    "count": 0,
    "updated": 1538195571
  },
  {
    "id": "bdaafe9a-a773-4732-9414-11abc4d51e49",
    "data": [
      {
        "text": "Was kann ich machen",
        "userDefined": false
      }
    ],
    "isTemplate": false,
    "count": 0,
    "updated": 1538195571
  },
  {
    "id": "69f79a07-75fe-4995-acc3-3a81a1cbe8ee",
    "data": [
      {
        "text": "Ich weiß nicht",
        "userDefined": false
      }
    ],
    "isTemplate": false,
    "count": 0,
    "updated": 1538195571
  },
  {
    "id": "e4d5f6bc-5d80-4b5a-b173-7417076fca1c",
    "data": [
      {
        "text": "Ich weiß nicht, was ich machen soll",
        "userDefined": false
      }
    ],
    "isTemplate": false,
    "count": 0,
    "updated": 1538195571
  },
  {
    "id": "00c6a8e1-69b3-4bce-8f20-de5196986500",
    "data": [
      {
        "text": "Sag mir, was du machen kannst",
        "userDefined": false
      }
    ],
    "isTemplate": false,
    "count": 0,
    "updated": 1538195571
  },
  {
    "id": "63c167f5-6a91-498e-b819-d721305a5dec",
    "data": [
      {
        "text": "Was sind meine Optionen",
        "userDefined": false
      }
    ],
    "isTemplate": false,
    "count": 0,
    "updated": 1538195571
  },
  {
    "id": "2f2c31d4-12ab-46fd-8d81-6488e6ced925",
    "data": [
      {
        "text": "Sag mir, was ich machen soll",
        "userDefined": false
      }
    ],
    "isTemplate": false,
    "count": 0,
    "updated": 1538195571
  },
  {
    "id": "afdf921c-9901-41d9-bf8b-3af67e81c0b6",
    "data": [
      {
        "text": "Hilf mir",
        "userDefined": false
      }
    ],
    "isTemplate": false,
    "count": 0,
    "updated": 1538195571
  }
]