[
  {
    "id": "eaa2399a-cd6d-4f5e-b30e-8402f8e0c87b",
    "data": [
      {
        "text": "ヘルプ",
        "userDefined": false
      }
    ],
    "isTemplate": false,
    "count": 0,
    "updated": 1538584067
  },
  {
    "id": "76007d66-cb74-48af-a396-3e3b1704b7a2",
    "data": [
      {
        "text": "何をすれば良いの？",
        "userDefined": false
      }
    ],
    "isTemplate": false,
    "count": 0,
    "updated": 1538584067
  },
  {
    "id": "37a2156b-a195-4a15-9fe0-90098179f32b",
    "data": [
      {
        "text": "知りません。",
        "userDefined": false
      }
    ],
    "isTemplate": false,
    "count": 0,
    "updated": 1538584067
  },
  {
    "id": "49cae518-0287-4244-a600-9df13a7e4103",
    "data": [
      {
        "text": "何をすれば良いかわかりません。",
        "userDefined": false
      }
    ],
    "isTemplate": false,
    "count": 0,
    "updated": 1538584067
  },
  {
    "id": "67da67c3-1064-4542-8575-5a71f35bd6d4",
    "data": [
      {
        "text": "できることを教えて。",
        "userDefined": false
      }
    ],
    "isTemplate": false,
    "count": 0,
    "updated": 1538584067
  },
  {
    "id": "c277b1d3-a026-4f1a-b580-48b5abd87d67",
    "data": [
      {
        "text": "何ができますか？",
        "userDefined": false
      }
    ],
    "isTemplate": false,
    "count": 0,
    "updated": 1538584067
  },
  {
    "id": "a0410eb7-b43e-4468-9c22-7e917d8bde0d",
    "data": [
      {
        "text": "何をすれば良いか教えて。",
        "userDefined": false
      }
    ],
    "isTemplate": false,
    "count": 0,
    "updated": 1538584067
  },
  {
    "id": "a99b181b-9ab6-4449-9eb7-1997e8c4d66d",
    "data": [
      {
        "text": "助けてください。",
        "userDefined": false
      }
    ],
    "isTemplate": false,
    "count": 0,
    "updated": 1538584067
  }
]