[
  {
    "id": "516d235d-b168-41d8-bd90-6869906865ba",
    "data": [
      {
        "text": "Hilfe",
        "userDefined": false
      }
    ],
    "isTemplate": false,
    "count": 0,
    "updated": 1538195571
  },
  {
    "id": "cebed343-1bb3-423d-b9a9-3a27b937730a",
    "data": [
      {
        "text": "Was kann ich machen",
        "userDefined": false
      }
    ],
    "isTemplate": false,
    "count": 0,
    "updated": 1538195571
  },
  {
    "id": "c0d60029-82e9-4077-bbfb-9751d5cb8983",
    "data": [
      {
        "text": "Ich weiß nicht",
        "userDefined": false
      }
    ],
    "isTemplate": false,
    "count": 0,
    "updated": 1538195571
  },
  {
    "id": "cce32da1-64ce-4789-af3b-bb848e3b9fca",
    "data": [
      {
        "text": "Ich weiß nicht, was ich machen soll",
        "userDefined": false
      }
    ],
    "isTemplate": false,
    "count": 0,
    "updated": 1538195571
  },
  {
    "id": "5f2e37e4-3996-44cd-9e17-304559bfd90f",
    "data": [
      {
        "text": "Sag mir, was du machen kannst",
        "userDefined": false
      }
    ],
    "isTemplate": false,
    "count": 0,
    "updated": 1538195571
  },
  {
    "id": "1db58614-bd39-4736-b7f7-22e453862beb",
    "data": [
      {
        "text": "Was sind meine Optionen",
        "userDefined": false
      }
    ],
    "isTemplate": false,
    "count": 0,
    "updated": 1538195571
  },
  {
    "id": "55fe038d-be64-49d7-a293-1f3a4f8ba383",
    "data": [
      {
        "text": "Sag mir, was ich machen soll",
        "userDefined": false
      }
    ],
    "isTemplate": false,
    "count": 0,
    "updated": 1538195571
  },
  {
    "id": "22335f36-1593-466a-8eee-f6a8e205006c",
    "data": [
      {
        "text": "Hilf mir",
        "userDefined": false
      }
    ],
    "isTemplate": false,
    "count": 0,
    "updated": 1538195571
  }
]