[
  {
    "id": "b3d4815c-80a6-42be-8224-4fd02991780f",
    "data": [
      {
        "text": "help me",
        "userDefined": false
      }
    ],
    "isTemplate": false,
    "count": 0,
    "updated": 1533834896
  },
  {
    "id": "1f6f39bb-cf0d-4c9e-9eb6-80faef359c53",
    "data": [
      {
        "text": "tell me what to do",
        "userDefined": false
      }
    ],
    "isTemplate": false,
    "count": 0,
    "updated": 1533834896
  },
  {
    "id": "e8f35be6-3196-4224-b3b6-0210557abc33",
    "data": [
      {
        "text": "What are my options?",
        "userDefined": false
      }
    ],
    "isTemplate": false,
    "count": 0,
    "updated": 1529531417
  },
  {
    "id": "ef6c7f0e-6720-4f18-8225-b658d37b9f9f",
    "data": [
      {
        "text": "tell me what you can do",
        "userDefined": false
      }
    ],
    "isTemplate": false,
    "count": 0,
    "updated": 1533834896
  },
  {
    "id": "4c22afe3-df44-43a8-838d-c5931d5e9b22",
    "data": [
      {
        "text": "I don\u0027t know what to do",
        "userDefined": false
      }
    ],
    "isTemplate": false,
    "count": 0,
    "updated": 1529531417
  },
  {
    "id": "1354ebea-59eb-407a-8638-6750945363f3",
    "data": [
      {
        "text": "What can you do?",
        "userDefined": false
      }
    ],
    "isTemplate": false,
    "count": 0,
    "updated": 1529531417
  },
  {
    "id": "4c7f2867-58f2-45be-aa13-9700711569c8",
    "data": [
      {
        "text": "I don\u0027t know",
        "userDefined": false
      }
    ],
    "isTemplate": false,
    "count": 0,
    "updated": 1533834896
  },
  {
    "id": "5e13ba9c-a48e-4711-b902-d220cb96ad12",
    "data": [
      {
        "text": "What can I do?",
        "userDefined": false
      }
    ],
    "isTemplate": false,
    "count": 0,
    "updated": 1529531417
  },
  {
    "id": "fb59e9d2-9a2b-4abf-b797-eba87f8d857f",
    "data": [
      {
        "text": "help",
        "userDefined": false
      }
    ],
    "isTemplate": false,
    "count": 0,
    "updated": 1529531417
  }
]