[
  {
    "id": "24577279-703c-4676-ad4f-5af8f2535188",
    "data": [
      {
        "text": "neler yapabilirsin",
        "userDefined": false
      }
    ],
    "isTemplate": false,
    "count": 0
  },
  {
    "id": "5c5900a8-9a65-4564-bef0-3dda5103d394",
    "data": [
      {
        "text": "yardım",
        "userDefined": false
      }
    ],
    "isTemplate": false,
    "count": 0
  },
  {
    "id": "e75aef9c-06ca-4d89-acbb-6a94aac49a99",
    "data": [
      {
        "text": "yardım et",
        "userDefined": false
      }
    ],
    "isTemplate": false,
    "count": 0
  },
  {
    "id": "c1d3551b-bcd1-4a6b-b07e-5e9ccf3ccc20",
    "data": [
      {
        "text": "bilmiyorum",
        "userDefined": false
      }
    ],
    "isTemplate": false,
    "count": 0
  },
  {
    "id": "c6cd66b5-0cb9-49d2-ab8b-cac58f4ba271",
    "data": [
      {
        "text": "seçeneklerim neler",
        "userDefined": false
      }
    ],
    "isTemplate": false,
    "count": 0
  },
  {
    "id": "5f0c22d7-d13e-45a6-aefa-5c9ed6e79fd7",
    "data": [
      {
        "text": "ne yapacağımı söyle",
        "userDefined": false
      }
    ],
    "isTemplate": false,
    "count": 0
  },
  {
    "id": "fafeb858-aab9-4147-b365-d10408eb6a16",
    "data": [
      {
        "text": "neler yapabilirim",
        "userDefined": false
      }
    ],
    "isTemplate": false,
    "count": 0
  },
  {
    "id": "e243d34a-a0ad-4a7c-9cdf-799e170be855",
    "data": [
      {
        "text": "ne yapacağımı bilmiyorum",
        "userDefined": false
      }
    ],
    "isTemplate": false,
    "count": 0
  }
]