[
  {
    "id": "b5d0238d-30bb-4065-8080-010dfae238fc",
    "data": [
      {
        "text": "Eu não sei o que fazer",
        "userDefined": false
      }
    ],
    "isTemplate": false,
    "count": 0
  },
  {
    "id": "dc040c97-b4d3-4206-9105-55b45fea0619",
    "data": [
      {
        "text": "me diga o que você pode fazer",
        "userDefined": false
      }
    ],
    "isTemplate": false,
    "count": 0
  },
  {
    "id": "02ea85ea-794e-4260-bbf9-5ac847efa400",
    "data": [
      {
        "text": "me ajude",
        "userDefined": false
      }
    ],
    "isTemplate": false,
    "count": 0
  },
  {
    "id": "dcfa79bd-4d98-4ff3-a08d-99e3d319eecc",
    "data": [
      {
        "text": "Eu não sei",
        "userDefined": false
      }
    ],
    "isTemplate": false,
    "count": 0
  },
  {
    "id": "01d8452d-47d1-44b7-ba76-acc528012c54",
    "data": [
      {
        "text": "O que posso fazer?",
        "userDefined": false
      }
    ],
    "isTemplate": false,
    "count": 0
  },
  {
    "id": "4fdfc0a2-a160-4dcd-8b86-67e6cdaa300d",
    "data": [
      {
        "text": "quais são as opções?",
        "userDefined": false
      }
    ],
    "isTemplate": false,
    "count": 0
  },
  {
    "id": "443a399d-5e67-4085-bc55-742a5dc6191d",
    "data": [
      {
        "text": "me fale o que posso fazer",
        "userDefined": false
      }
    ],
    "isTemplate": false,
    "count": 0
  },
  {
    "id": "512df283-88d6-446d-8bf3-7fa11e497b0b",
    "data": [
      {
        "text": "Ajuda",
        "meta": "@sys.ignore",
        "userDefined": false
      }
    ],
    "isTemplate": false,
    "count": 0
  }
]