[
  {
    "id": "5e9fa651-f253-4b06-a8d6-b5fad2a04d5d",
    "data": [
      {
        "text": "ayuda",
        "userDefined": false
      }
    ],
    "isTemplate": false,
    "count": 0,
    "updated": 1533922510
  },
  {
    "id": "078b3349-9301-4040-8116-bb8ff2eb7a9d",
    "data": [
      {
        "text": "¿que puedo hacer?",
        "userDefined": false
      }
    ],
    "isTemplate": false,
    "count": 0,
    "updated": 1536945290
  },
  {
    "id": "99c537ec-6472-4e50-b986-69553e6d0834",
    "data": [
      {
        "text": "No lo sé",
        "userDefined": false
      }
    ],
    "isTemplate": false,
    "count": 0,
    "updated": 1536945290
  },
  {
    "id": "ec8871ef-7b9e-4878-9a32-a3132df5b8eb",
    "data": [
      {
        "text": "No sé que hacer",
        "userDefined": false
      }
    ],
    "isTemplate": false,
    "count": 0,
    "updated": 1536945290
  },
  {
    "id": "ebf07fc6-469b-4727-aa64-1834982a545b",
    "data": [
      {
        "text": "dime que puedes hacer",
        "userDefined": false
      }
    ],
    "isTemplate": false,
    "count": 0,
    "updated": 1536945290
  },
  {
    "id": "bea4e5fe-cdc8-4da9-b3fb-4765b20840bf",
    "data": [
      {
        "text": "¿Cuáles son mis opciones?",
        "userDefined": false
      }
    ],
    "isTemplate": false,
    "count": 0,
    "updated": 1536945290
  },
  {
    "id": "4ba92d50-7733-4d14-aab6-41d340369f35",
    "data": [
      {
        "text": "Dime que hacer",
        "userDefined": false
      }
    ],
    "isTemplate": false,
    "count": 0,
    "updated": 1536945290
  },
  {
    "id": "ff5529db-4a0e-45ea-ad56-fc722a6f4967",
    "data": [
      {
        "text": "ayuadame",
        "userDefined": false
      }
    ],
    "isTemplate": false,
    "count": 1,
    "updated": 1536945290
  }
]