[
  {
    "id": "87d141a5-c874-4285-8c0f-56ca67f660d0",
    "data": [
      {
        "text": "Ajuda",
        "meta": "@sys.ignore",
        "userDefined": false
      }
    ],
    "isTemplate": false,
    "count": 0
  },
  {
    "id": "e19b99af-eeda-4266-bf73-29de7c6c6fe8",
    "data": [
      {
        "text": "O que posso fazer?",
        "userDefined": false
      }
    ],
    "isTemplate": false,
    "count": 0
  },
  {
    "id": "797b1d09-73a2-4d60-9f76-7a30d19fbbd8",
    "data": [
      {
        "text": "Eu não sei",
        "userDefined": false
      }
    ],
    "isTemplate": false,
    "count": 0
  },
  {
    "id": "5109322f-022b-4d32-b7b5-f72c5aa6165e",
    "data": [
      {
        "text": "Eu não sei o que fazer",
        "userDefined": false
      }
    ],
    "isTemplate": false,
    "count": 0
  },
  {
    "id": "4061802f-1b69-4fba-af44-22b8fa991998",
    "data": [
      {
        "text": "me diga o que você pode fazer",
        "userDefined": false
      }
    ],
    "isTemplate": false,
    "count": 0
  },
  {
    "id": "842c8b68-7d53-4784-8b86-bd078651c925",
    "data": [
      {
        "text": "quais são as opções?",
        "userDefined": false
      }
    ],
    "isTemplate": false,
    "count": 0
  },
  {
    "id": "8ea7771d-0628-49cd-9cd1-0e9f2574ed27",
    "data": [
      {
        "text": "me fale o que posso fazer",
        "userDefined": false
      }
    ],
    "isTemplate": false,
    "count": 0
  },
  {
    "id": "52871bf2-8d39-4182-a833-31663e308d04",
    "data": [
      {
        "text": "me ajude",
        "userDefined": false
      }
    ],
    "isTemplate": false,
    "count": 0
  }
]