[
  {
    "id": "720ab020-bc81-4707-b235-a862c02ace02",
    "data": [
      {
        "text": "Hilfe",
        "userDefined": false
      }
    ],
    "isTemplate": false,
    "count": 0,
    "updated": 1538195571
  },
  {
    "id": "5e69b866-79d5-4d66-abb2-a52361ba6945",
    "data": [
      {
        "text": "Sag mir, was ich machen soll",
        "userDefined": false
      }
    ],
    "isTemplate": false,
    "count": 0,
    "updated": 1538195571
  },
  {
    "id": "7d1a0ba0-d0d0-46de-8437-efad31a4826a",
    "data": [
      {
        "text": "Sag mir, was du machen kannst",
        "userDefined": false
      }
    ],
    "isTemplate": false,
    "count": 0,
    "updated": 1538195571
  },
  {
    "id": "d11b873c-942d-4d9b-be85-e51fe37bb181",
    "data": [
      {
        "text": "Ich weiß nicht, was ich machen soll",
        "userDefined": false
      }
    ],
    "isTemplate": false,
    "count": 0,
    "updated": 1538195571
  },
  {
    "id": "c48a1090-530a-4c87-957c-73fcfb0f3908",
    "data": [
      {
        "text": "Ich weiß nicht",
        "userDefined": false
      }
    ],
    "isTemplate": false,
    "count": 0,
    "updated": 1538195571
  },
  {
    "id": "49a4832b-e91b-496e-8f35-dd3012a52ef8",
    "data": [
      {
        "text": "Was sind meine Optionen",
        "userDefined": false
      }
    ],
    "isTemplate": false,
    "count": 0,
    "updated": 1538195571
  },
  {
    "id": "7018f993-f3f8-4901-940c-1fb961e35759",
    "data": [
      {
        "text": "Was kann ich machen",
        "userDefined": false
      }
    ],
    "isTemplate": false,
    "count": 0,
    "updated": 1538195571
  },
  {
    "id": "d22cbdb6-f10b-47b8-b7b2-0cf005998e11",
    "data": [
      {
        "text": "Hilf mir",
        "userDefined": false
      }
    ],
    "isTemplate": false,
    "count": 0,
    "updated": 1538195571
  }
]