[
  {
    "id": "af3aceba-8d6d-4e81-9fca-9b9035091f63",
    "data": [
      {
        "text": "¿Cuáles son mis opciones?",
        "userDefined": false
      }
    ],
    "isTemplate": false,
    "count": 0,
    "updated": 1536945290
  },
  {
    "id": "ee03c4f6-727a-46d4-b281-21a6ff837631",
    "data": [
      {
        "text": "Dime que hacer",
        "userDefined": false
      }
    ],
    "isTemplate": false,
    "count": 0,
    "updated": 1536945290
  },
  {
    "id": "92a0816b-9b0c-4110-9c88-787f27f99e40",
    "data": [
      {
        "text": "No lo sé",
        "userDefined": false
      }
    ],
    "isTemplate": false,
    "count": 0,
    "updated": 1536945290
  },
  {
    "id": "cd1fd034-a94f-4cf6-84a4-b49136b5f658",
    "data": [
      {
        "text": "ayuadame",
        "userDefined": false
      }
    ],
    "isTemplate": false,
    "count": 1,
    "updated": 1536945290
  },
  {
    "id": "23aea6c4-ab39-42ac-a170-9cd9c54e44aa",
    "data": [
      {
        "text": "¿que puedo hacer?",
        "userDefined": false
      }
    ],
    "isTemplate": false,
    "count": 0,
    "updated": 1536945290
  },
  {
    "id": "a1e54126-f39b-4fdd-b135-2bf704ae0091",
    "data": [
      {
        "text": "dime que puedes hacer",
        "userDefined": false
      }
    ],
    "isTemplate": false,
    "count": 0,
    "updated": 1536945290
  },
  {
    "id": "5504b638-d5d0-4319-ba89-2b659c0acef6",
    "data": [
      {
        "text": "No sé que hacer",
        "userDefined": false
      }
    ],
    "isTemplate": false,
    "count": 0,
    "updated": 1536945290
  },
  {
    "id": "dc226a53-8675-48f7-a3cf-678b0982e58a",
    "data": [
      {
        "text": "ayuda",
        "userDefined": false
      }
    ],
    "isTemplate": false,
    "count": 0,
    "updated": 1533922510
  }
]