[
  {
    "id": "94775c62-3041-44e5-9cb4-749d4ec35e41",
    "data": [
      {
        "text": "yardım",
        "userDefined": false
      }
    ],
    "isTemplate": false,
    "count": 0
  },
  {
    "id": "5ceda634-9a1d-48c8-a797-f438c61c6302",
    "data": [
      {
        "text": "neler yapabilirim",
        "userDefined": false
      }
    ],
    "isTemplate": false,
    "count": 0
  },
  {
    "id": "d2732ab3-3af3-458f-b237-66c39ddc37fa",
    "data": [
      {
        "text": "bilmiyorum",
        "userDefined": false
      }
    ],
    "isTemplate": false,
    "count": 0
  },
  {
    "id": "71e43337-8d19-4cda-b954-eeebccb4eef2",
    "data": [
      {
        "text": "ne yapacağımı bilmiyorum",
        "userDefined": false
      }
    ],
    "isTemplate": false,
    "count": 0
  },
  {
    "id": "18c9cdb9-9d61-48da-90c1-4478c9bcde5d",
    "data": [
      {
        "text": "neler yapabilirsin",
        "userDefined": false
      }
    ],
    "isTemplate": false,
    "count": 0
  },
  {
    "id": "2be63d74-90ed-43f1-bfda-65015d1e8d92",
    "data": [
      {
        "text": "ne yapacağımı söyle",
        "userDefined": false
      }
    ],
    "isTemplate": false,
    "count": 0
  },
  {
    "id": "420df003-f0bc-4472-84ed-7d70e41b0726",
    "data": [
      {
        "text": "seçeneklerim neler",
        "userDefined": false
      }
    ],
    "isTemplate": false,
    "count": 0
  },
  {
    "id": "b317da48-c73b-43e9-96ca-761d6595bef9",
    "data": [
      {
        "text": "yardım et",
        "userDefined": false
      }
    ],
    "isTemplate": false,
    "count": 0
  }
]