[
  {
    "id": "8e02eda1-2424-45a2-a661-5560feb29113",
    "data": [
      {
        "text": "Ajuda",
        "meta": "@sys.ignore",
        "userDefined": false
      }
    ],
    "isTemplate": false,
    "count": 0
  },
  {
    "id": "ad78ff67-4a49-4dac-883a-0b18be154d8d",
    "data": [
      {
        "text": "O que posso fazer?",
        "userDefined": false
      }
    ],
    "isTemplate": false,
    "count": 0
  },
  {
    "id": "ff0dbb1f-a4e0-455d-90e0-fba5deb4dd5f",
    "data": [
      {
        "text": "Eu não sei",
        "userDefined": false
      }
    ],
    "isTemplate": false,
    "count": 0
  },
  {
    "id": "e1ca1e89-e810-4daf-a35a-4f59b812ff71",
    "data": [
      {
        "text": "Eu não sei o que fazer",
        "userDefined": false
      }
    ],
    "isTemplate": false,
    "count": 0
  },
  {
    "id": "2af15074-4de6-42d7-a65d-b0ac880f1fba",
    "data": [
      {
        "text": "me diga o que você pode fazer",
        "userDefined": false
      }
    ],
    "isTemplate": false,
    "count": 0
  },
  {
    "id": "51941332-34cc-4ca9-a78f-b594697c9dab",
    "data": [
      {
        "text": "quais são as opções?",
        "userDefined": false
      }
    ],
    "isTemplate": false,
    "count": 0
  },
  {
    "id": "25dc5b5d-a406-484f-92d8-2eb59552487e",
    "data": [
      {
        "text": "me fale o que posso fazer",
        "userDefined": false
      }
    ],
    "isTemplate": false,
    "count": 0
  },
  {
    "id": "a1ab7429-8e01-4b95-a22f-956744f3484f",
    "data": [
      {
        "text": "me ajude",
        "userDefined": false
      }
    ],
    "isTemplate": false,
    "count": 0
  }
]