[
  {
    "id": "bd225edd-ec6e-44dd-8cd7-44f362b95ff1",
    "data": [
      {
        "text": "Eu gostaria de saber sobre o último evento",
        "userDefined": false
      }
    ],
    "isTemplate": false,
    "count": 0
  },
  {
    "id": "de68545e-d3fe-4c9f-97cd-b553eeb67da7",
    "data": [
      {
        "text": "o último",
        "userDefined": false
      }
    ],
    "isTemplate": false,
    "count": 0
  },
  {
    "id": "73696c4c-07ae-45f5-a269-c9953ecb815f",
    "data": [
      {
        "text": "me fale sobre o último meetup",
        "userDefined": false
      }
    ],
    "isTemplate": false,
    "count": 0
  },
  {
    "id": "959c870c-981c-4510-a100-17cf2038e5f1",
    "data": [
      {
        "text": "último evento",
        "userDefined": false
      }
    ],
    "isTemplate": false,
    "count": 0
  },
  {
    "id": "def72c51-643d-4560-90d6-3b8da3d709b9",
    "data": [
      {
        "text": "Quando foi o último meetup?",
        "userDefined": false
      }
    ],
    "isTemplate": false,
    "count": 0
  },
  {
    "id": "5f28b797-af17-414c-8538-a4baac997f6b",
    "data": [
      {
        "text": "Quando foi o último evento?",
        "userDefined": false
      }
    ],
    "isTemplate": false,
    "count": 0
  },
  {
    "id": "e17c4caa-0785-435a-9b46-25fddf5d3f0d",
    "data": [
      {
        "text": "me fale sobre o último encontro",
        "userDefined": false
      }
    ],
    "isTemplate": false,
    "count": 0
  },
  {
    "id": "6fd57afd-5108-47d1-a014-201da6b2d915",
    "data": [
      {
        "text": "me fale sobre o último evento",
        "userDefined": false
      }
    ],
    "isTemplate": false,
    "count": 0
  },
  {
    "id": "498aeb78-0020-48b6-8338-60ca86eca37a",
    "data": [
      {
        "text": "último encontro",
        "userDefined": false
      }
    ],
    "isTemplate": false,
    "count": 1
  },
  {
    "id": "4cbd5ccb-9a93-4330-96d9-309049449886",
    "data": [
      {
        "text": "Saber sobre o último evento",
        "userDefined": false
      }
    ],
    "isTemplate": false,
    "count": 0
  },
  {
    "id": "a3b415b2-887e-4978-9a6b-e0c81d6d3933",
    "data": [
      {
        "text": "Qual foi a última sessão?",
        "userDefined": false
      }
    ],
    "isTemplate": false,
    "count": 0
  },
  {
    "id": "9920ebed-63a7-407a-8911-66b6fadbddfd",
    "data": [
      {
        "text": "último meetup",
        "userDefined": false
      }
    ],
    "isTemplate": false,
    "count": 0
  }
]