[
  {
    "id": "897e3908-1bb7-478d-959e-ae7aa98314b3",
    "data": [
      {
        "text": "Eu gostaria de saber sobre o último evento",
        "userDefined": false
      }
    ],
    "isTemplate": false,
    "count": 0
  },
  {
    "id": "e2413f01-26e0-4722-96d7-7796f6291380",
    "data": [
      {
        "text": "o último",
        "userDefined": false
      }
    ],
    "isTemplate": false,
    "count": 0
  },
  {
    "id": "1988f92b-5c6c-49d9-9167-92864fd43164",
    "data": [
      {
        "text": "me fale sobre o último meetup",
        "userDefined": false
      }
    ],
    "isTemplate": false,
    "count": 0
  },
  {
    "id": "188d4bf0-039c-4bf3-abda-ab096d9f2f81",
    "data": [
      {
        "text": "último evento",
        "userDefined": false
      }
    ],
    "isTemplate": false,
    "count": 0
  },
  {
    "id": "5fc52fd3-2b68-4bea-87e4-cabbf4b24c13",
    "data": [
      {
        "text": "Quando foi o último meetup?",
        "userDefined": false
      }
    ],
    "isTemplate": false,
    "count": 0
  },
  {
    "id": "7efd157e-259d-434d-921d-0a6c0ab89e71",
    "data": [
      {
        "text": "Quando foi o último evento?",
        "userDefined": false
      }
    ],
    "isTemplate": false,
    "count": 0
  },
  {
    "id": "cabd78cf-0973-4699-8286-718fedec6534",
    "data": [
      {
        "text": "me fale sobre o último encontro",
        "userDefined": false
      }
    ],
    "isTemplate": false,
    "count": 0
  },
  {
    "id": "e28a8260-5f89-4b1f-b229-18ba2e0aca96",
    "data": [
      {
        "text": "me fale sobre o último evento",
        "userDefined": false
      }
    ],
    "isTemplate": false,
    "count": 0
  },
  {
    "id": "27f2df4d-8fc8-4291-8330-feb1dcacb6d0",
    "data": [
      {
        "text": "último encontro",
        "userDefined": false
      }
    ],
    "isTemplate": false,
    "count": 1
  },
  {
    "id": "e45abc5e-a491-44b6-acd2-58a0d6fdd558",
    "data": [
      {
        "text": "Saber sobre o último evento",
        "userDefined": false
      }
    ],
    "isTemplate": false,
    "count": 0
  },
  {
    "id": "fe286493-c099-4447-b0e3-47c76b193586",
    "data": [
      {
        "text": "Qual foi a última sessão?",
        "userDefined": false
      }
    ],
    "isTemplate": false,
    "count": 0
  },
  {
    "id": "f6010cb6-78e8-468c-9a6b-1dffb79da022",
    "data": [
      {
        "text": "último meetup",
        "userDefined": false
      }
    ],
    "isTemplate": false,
    "count": 0
  }
]