[
  {
    "id": "8ccfd4ad-b498-42e4-b9c4-0d291ed66394",
    "data": [
      {
        "text": "Ich möchte mehr über das letzte Event ",
        "userDefined": false
      },
      {
        "text": "wissen",
        "meta": "@sys.ignore",
        "userDefined": false
      }
    ],
    "isTemplate": false,
    "count": 0,
    "updated": 1538195668
  },
  {
    "id": "c23c4d70-8400-4aa8-825c-896c1cf6d7e0",
    "data": [
      {
        "text": "Die letzte",
        "userDefined": false
      }
    ],
    "isTemplate": false,
    "count": 0,
    "updated": 1538195668
  },
  {
    "id": "af8c46ff-fe9e-4c53-a698-73f7b58a1424",
    "data": [
      {
        "text": "Das letzte",
        "userDefined": false
      }
    ],
    "isTemplate": false,
    "count": 0,
    "updated": 1538195668
  },
  {
    "id": "65f08027-0e5c-48cc-97d3-8024b2d619da",
    "data": [
      {
        "text": "Erzähl mir mehr über das letze Meetup",
        "userDefined": false
      }
    ],
    "isTemplate": false,
    "count": 0,
    "updated": 1538195668
  },
  {
    "id": "f2664e6a-f2cf-4461-8406-13637d268bd8",
    "data": [
      {
        "text": "letztes Event",
        "userDefined": false
      }
    ],
    "isTemplate": false,
    "count": 0,
    "updated": 1538195668
  },
  {
    "id": "0aacc11e-1b74-48ab-a90c-e8e245b6e4d5",
    "data": [
      {
        "text": "Wann war die letze Veranstaltung",
        "userDefined": false
      }
    ],
    "isTemplate": false,
    "count": 0,
    "updated": 1538195668
  },
  {
    "id": "9f15393a-17ec-4406-bedc-d6efd1c6101a",
    "data": [
      {
        "text": "Wann war das letzte Event",
        "userDefined": false
      }
    ],
    "isTemplate": false,
    "count": 0,
    "updated": 1538195668
  },
  {
    "id": "3abf32c5-faff-407c-a450-127d3666731b",
    "data": [
      {
        "text": "Erzähl mir mehr über die letzte Veranstaltung",
        "userDefined": false
      }
    ],
    "isTemplate": false,
    "count": 0,
    "updated": 1538195668
  },
  {
    "id": "27e1b987-474a-4c6e-a79f-5be6f5d2c6f8",
    "data": [
      {
        "text": "Erzähl mir mehr über das letzte Event",
        "userDefined": false
      }
    ],
    "isTemplate": false,
    "count": 0,
    "updated": 1538195668
  },
  {
    "id": "7f9ab432-3b79-4fbb-8393-b182f6150905",
    "data": [
      {
        "text": "letzte Veranstaltung",
        "userDefined": false
      }
    ],
    "isTemplate": false,
    "count": 1,
    "updated": 1538195668
  },
  {
    "id": "fbb3dc30-daed-45fa-aaff-77e049d1adfd",
    "data": [
      {
        "text": "über das letzte Event hören",
        "userDefined": false
      }
    ],
    "isTemplate": false,
    "count": 0,
    "updated": 1538195668
  },
  {
    "id": "7866030b-3e8e-4944-ba14-d38d92e6853f",
    "data": [
      {
        "text": "Was war die letzte Veranstaltung",
        "userDefined": false
      }
    ],
    "isTemplate": false,
    "count": 0,
    "updated": 1538195668
  },
  {
    "id": "59a1171d-6249-4901-9757-214b093463cf",
    "data": [
      {
        "text": "Letztes Meetup",
        "userDefined": false
      }
    ],
    "isTemplate": false,
    "count": 0,
    "updated": 1538195668
  }
]