[
  {
    "id": "e162c01e-992b-4838-831d-a8277df33381",
    "data": [
      {
        "text": "Wann war das letzte Event",
        "userDefined": false
      }
    ],
    "isTemplate": false,
    "count": 0,
    "updated": 1538195668
  },
  {
    "id": "37fdfc65-db23-4650-a2aa-b28f0c7053e0",
    "data": [
      {
        "text": "Was war die letzte Veranstaltung",
        "userDefined": false
      }
    ],
    "isTemplate": false,
    "count": 0,
    "updated": 1538195668
  },
  {
    "id": "afe8b7a8-0810-409f-8ce7-b599170d04ab",
    "data": [
      {
        "text": "Die letzte",
        "userDefined": false
      }
    ],
    "isTemplate": false,
    "count": 0,
    "updated": 1538195668
  },
  {
    "id": "70212bc5-6af0-4c1b-b20e-64ab1c0e695d",
    "data": [
      {
        "text": "Letztes Meetup",
        "userDefined": false
      }
    ],
    "isTemplate": false,
    "count": 0,
    "updated": 1538195668
  },
  {
    "id": "d9533070-99da-47b0-a8db-574d5d08c4aa",
    "data": [
      {
        "text": "Wann war die letze Veranstaltung",
        "userDefined": false
      }
    ],
    "isTemplate": false,
    "count": 0,
    "updated": 1538195668
  },
  {
    "id": "19234a41-7498-45a0-b594-f47f30a80032",
    "data": [
      {
        "text": "Erzähl mir mehr über das letzte Event",
        "userDefined": false
      }
    ],
    "isTemplate": false,
    "count": 0,
    "updated": 1538195668
  },
  {
    "id": "8a284ef5-39d4-4834-82bf-f279eae18b78",
    "data": [
      {
        "text": "Das letzte",
        "userDefined": false
      }
    ],
    "isTemplate": false,
    "count": 0,
    "updated": 1538195668
  },
  {
    "id": "6c7e195d-baa4-4cc4-a4a5-4a37613f0f69",
    "data": [
      {
        "text": "Erzähl mir mehr über das letze Meetup",
        "userDefined": false
      }
    ],
    "isTemplate": false,
    "count": 0,
    "updated": 1538195668
  },
  {
    "id": "fb3cc29d-5992-4583-ad82-919383dbf9c5",
    "data": [
      {
        "text": "letzte Veranstaltung",
        "userDefined": false
      }
    ],
    "isTemplate": false,
    "count": 1,
    "updated": 1538195668
  },
  {
    "id": "6e16c43e-63c8-42df-bd49-4c7aada8be64",
    "data": [
      {
        "text": "Ich möchte mehr über das letzte Event ",
        "userDefined": false
      },
      {
        "text": "wissen",
        "meta": "@sys.ignore",
        "userDefined": false
      }
    ],
    "isTemplate": false,
    "count": 0,
    "updated": 1538195668
  },
  {
    "id": "64dd7ced-8cd4-400f-8bf0-804fba20c6d6",
    "data": [
      {
        "text": "letztes Event",
        "userDefined": false
      }
    ],
    "isTemplate": false,
    "count": 0,
    "updated": 1538195668
  },
  {
    "id": "7f1f23df-2b35-4589-a62e-8f81c0ccf90e",
    "data": [
      {
        "text": "Erzähl mir mehr über die letzte Veranstaltung",
        "userDefined": false
      }
    ],
    "isTemplate": false,
    "count": 0,
    "updated": 1538195668
  },
  {
    "id": "d0b16cf1-36a7-466e-9b05-ade44034738d",
    "data": [
      {
        "text": "über das letzte Event hören",
        "userDefined": false
      }
    ],
    "isTemplate": false,
    "count": 0,
    "updated": 1538195668
  }
]