[
  {
    "id": "eecb7b69-9cc8-4f21-a6c6-ec980795398c",
    "data": [
      {
        "text": "Ich möchte mehr über das letzte Event ",
        "userDefined": false
      },
      {
        "text": "wissen",
        "meta": "@sys.ignore",
        "userDefined": false
      }
    ],
    "isTemplate": false,
    "count": 0,
    "updated": 1538195668
  },
  {
    "id": "bb070bc9-a7ed-4bb3-8e70-9397ff9b891f",
    "data": [
      {
        "text": "Die letzte",
        "userDefined": false
      }
    ],
    "isTemplate": false,
    "count": 0,
    "updated": 1538195668
  },
  {
    "id": "256b3eac-e826-4e49-9480-8946e4737239",
    "data": [
      {
        "text": "Das letzte",
        "userDefined": false
      }
    ],
    "isTemplate": false,
    "count": 0,
    "updated": 1538195668
  },
  {
    "id": "9d8e9551-25d3-4410-8daf-7d98a8953e6d",
    "data": [
      {
        "text": "Erzähl mir mehr über das letze Meetup",
        "userDefined": false
      }
    ],
    "isTemplate": false,
    "count": 0,
    "updated": 1538195668
  },
  {
    "id": "87b0d702-4338-44fa-819b-032d4c7f9e98",
    "data": [
      {
        "text": "letztes Event",
        "userDefined": false
      }
    ],
    "isTemplate": false,
    "count": 0,
    "updated": 1538195668
  },
  {
    "id": "278a2d79-c904-4bba-9f5e-df4d8539b885",
    "data": [
      {
        "text": "Wann war die letze Veranstaltung",
        "userDefined": false
      }
    ],
    "isTemplate": false,
    "count": 0,
    "updated": 1538195668
  },
  {
    "id": "625be582-e91e-408c-8a4f-cb18379c00ad",
    "data": [
      {
        "text": "Wann war das letzte Event",
        "userDefined": false
      }
    ],
    "isTemplate": false,
    "count": 0,
    "updated": 1538195668
  },
  {
    "id": "3dd3c610-e73c-4d71-bf95-eb1b065396a5",
    "data": [
      {
        "text": "Erzähl mir mehr über die letzte Veranstaltung",
        "userDefined": false
      }
    ],
    "isTemplate": false,
    "count": 0,
    "updated": 1538195668
  },
  {
    "id": "c3cba893-ecec-4908-b065-3e6cecf70638",
    "data": [
      {
        "text": "Erzähl mir mehr über das letzte Event",
        "userDefined": false
      }
    ],
    "isTemplate": false,
    "count": 0,
    "updated": 1538195668
  },
  {
    "id": "dbc52d74-370e-4e98-bedf-916eec520779",
    "data": [
      {
        "text": "letzte Veranstaltung",
        "userDefined": false
      }
    ],
    "isTemplate": false,
    "count": 1,
    "updated": 1538195668
  },
  {
    "id": "ee6cd83d-7b32-4beb-977b-b0e68b256340",
    "data": [
      {
        "text": "über das letzte Event hören",
        "userDefined": false
      }
    ],
    "isTemplate": false,
    "count": 0,
    "updated": 1538195668
  },
  {
    "id": "ac65e976-600c-4010-81a2-bd8f0d283a2e",
    "data": [
      {
        "text": "Was war die letzte Veranstaltung",
        "userDefined": false
      }
    ],
    "isTemplate": false,
    "count": 0,
    "updated": 1538195668
  },
  {
    "id": "579476a9-4b7f-4dfc-b718-9c22ceeaf560",
    "data": [
      {
        "text": "Letztes Meetup",
        "userDefined": false
      }
    ],
    "isTemplate": false,
    "count": 0,
    "updated": 1538195668
  }
]