[
  {
    "id": "4b754d2f-a856-4cb2-9d68-b0859ea0542d",
    "data": [
      {
        "text": "last meetup",
        "userDefined": false
      }
    ],
    "isTemplate": false,
    "count": 0,
    "updated": 1533834953
  },
  {
    "id": "53f9312f-79fc-4fcf-862e-d03ff0854013",
    "data": [
      {
        "text": "what was the last session?",
        "userDefined": false
      }
    ],
    "isTemplate": false,
    "count": 1,
    "updated": 1533834953
  },
  {
    "id": "cbaa49a6-abbd-4588-88a2-a524aa1b44b9",
    "data": [
      {
        "text": "Hear about last Last event",
        "userDefined": false
      }
    ],
    "isTemplate": false,
    "count": 0,
    "updated": 1530290209
  },
  {
    "id": "fd49d92b-6900-46fa-b4ea-8a0bd34040e5",
    "data": [
      {
        "text": "past event",
        "userDefined": false
      }
    ],
    "isTemplate": false,
    "count": 0,
    "updated": 1533592810
  },
  {
    "id": "2515e66e-7f8b-4f48-96dc-012e8bd1bb02",
    "data": [
      {
        "text": "last meeting",
        "userDefined": false
      }
    ],
    "isTemplate": false,
    "count": 0,
    "updated": 1533834953
  },
  {
    "id": "5a8c6bd0-9b4d-4f9f-a187-c70e8e9f4f9c",
    "data": [
      {
        "text": "tell me about the last event",
        "userDefined": false
      }
    ],
    "isTemplate": false,
    "count": 0,
    "updated": 1530290209
  },
  {
    "id": "cd4e45fe-c63b-4743-967b-079376422559",
    "data": [
      {
        "text": "tell me about the last meeting",
        "userDefined": false
      }
    ],
    "isTemplate": false,
    "count": 0,
    "updated": 1533834953
  },
  {
    "id": "5c456afc-f8db-46e1-8ede-c29f884aab28",
    "data": [
      {
        "text": "when was the last event?",
        "userDefined": false
      }
    ],
    "isTemplate": false,
    "count": 0,
    "updated": 1530290209
  },
  {
    "id": "8c02d9a1-5c8a-43cb-977a-dcf908e1c43a",
    "data": [
      {
        "text": "what was the last meetup?",
        "userDefined": false
      }
    ],
    "isTemplate": false,
    "count": 0,
    "updated": 1533834953
  },
  {
    "id": "847e2902-00f9-409e-ab58-4df2dd169b11",
    "data": [
      {
        "text": "last event",
        "userDefined": false
      }
    ],
    "isTemplate": false,
    "count": 0,
    "updated": 1533592810
  },
  {
    "id": "9a30fe13-f167-456e-b490-8d1cbe8efea9",
    "data": [
      {
        "text": "tell me about the last meetup",
        "userDefined": false
      }
    ],
    "isTemplate": false,
    "count": 0,
    "updated": 1533834953
  },
  {
    "id": "4d60905a-c32e-4257-a771-287ac6a2a1d1",
    "data": [
      {
        "text": "last ",
        "userDefined": false
      },
      {
        "text": "one",
        "meta": "@sys.ignore",
        "userDefined": false
      }
    ],
    "isTemplate": false,
    "count": 0,
    "updated": 1533242397
  },
  {
    "id": "4e55d7cb-c8d6-422a-a9f6-8938bad2384f",
    "data": [
      {
        "text": "I\u0027d like to know about the last event",
        "userDefined": false
      }
    ],
    "isTemplate": false,
    "count": 0,
    "updated": 1530290209
  }
]