[
  {
    "id": "6107d426-e31f-4984-837d-d42fae89ce3e",
    "data": [
      {
        "text": "最後のイベントについて知りたい。",
        "userDefined": false
      }
    ],
    "isTemplate": false,
    "count": 0,
    "updated": 1538584130
  },
  {
    "id": "68cf5e62-55c6-4205-ac2d-6828b95f718b",
    "data": [
      {
        "text": "最後",
        "userDefined": false
      }
    ],
    "isTemplate": false,
    "count": 0,
    "updated": 1538584130
  },
  {
    "id": "af458683-1301-4778-9359-da787ddae30c",
    "data": [
      {
        "text": "最後のミートアップについて教えて",
        "userDefined": false
      }
    ],
    "isTemplate": false,
    "count": 0,
    "updated": 1538584130
  },
  {
    "id": "0e78f600-e53f-45ac-a84c-63485f29ce2c",
    "data": [
      {
        "text": "最後のイベント",
        "userDefined": false
      }
    ],
    "isTemplate": false,
    "count": 0,
    "updated": 1538584130
  },
  {
    "id": "d66d8a35-3ac6-457d-a6fa-16837301ddb9",
    "data": [
      {
        "text": "最後のミートアップは何でしたか？",
        "userDefined": false
      }
    ],
    "isTemplate": false,
    "count": 0,
    "updated": 1538584130
  },
  {
    "id": "5dc5e55c-d82f-4fd8-8545-7d03f25d42e4",
    "data": [
      {
        "text": "最後のイベントはいつでしたか？",
        "userDefined": false
      }
    ],
    "isTemplate": false,
    "count": 0,
    "updated": 1538584130
  },
  {
    "id": "9f2584cf-0848-4179-a0d1-a3c197cfaff4",
    "data": [
      {
        "text": "最後の勉強会について教えて",
        "userDefined": false
      }
    ],
    "isTemplate": false,
    "count": 0,
    "updated": 1538584130
  },
  {
    "id": "163f05c6-b34d-4d50-bf16-84fa158ae11e",
    "data": [
      {
        "text": "最後のイベントについて教えて",
        "userDefined": false
      }
    ],
    "isTemplate": false,
    "count": 0,
    "updated": 1538584130
  },
  {
    "id": "4d395a52-8955-4825-85c8-f5175d2b2309",
    "data": [
      {
        "text": "最後の勉強会",
        "userDefined": false
      }
    ],
    "isTemplate": false,
    "count": 0,
    "updated": 1538584130
  },
  {
    "id": "7208f7d3-cf92-4702-a241-587c30b25c26",
    "data": [
      {
        "text": "過去のイベント",
        "userDefined": false
      }
    ],
    "isTemplate": false,
    "count": 0,
    "updated": 1538584130
  },
  {
    "id": "6bf1a0c0-d7b6-4da3-9b76-d7e426b54f93",
    "data": [
      {
        "text": "最後のイベントについて聞きたい。",
        "userDefined": false
      }
    ],
    "isTemplate": false,
    "count": 0,
    "updated": 1538584130
  },
  {
    "id": "1ef37320-5223-44fd-8d7d-99d05bf841f4",
    "data": [
      {
        "text": "最後のセッションは何でしたか？",
        "userDefined": false
      }
    ],
    "isTemplate": false,
    "count": 0,
    "updated": 1538584130
  },
  {
    "id": "04a43867-a51b-4c7e-b051-c58ab0436f44",
    "data": [
      {
        "text": "最後のミートアップ",
        "userDefined": false
      }
    ],
    "isTemplate": false,
    "count": 0,
    "updated": 1538584130
  }
]