[
  {
    "id": "b54234bb-2847-4f2a-aa7e-dad63adc6055",
    "data": [
      {
        "text": "Eu gostaria de saber sobre o último evento",
        "userDefined": false
      }
    ],
    "isTemplate": false,
    "count": 0
  },
  {
    "id": "07499927-1f9b-4a43-971e-70b895d11e5d",
    "data": [
      {
        "text": "o último",
        "userDefined": false
      }
    ],
    "isTemplate": false,
    "count": 0
  },
  {
    "id": "cc1784ad-25b0-478f-b8b0-9a99725b5c35",
    "data": [
      {
        "text": "me fale sobre o último meetup",
        "userDefined": false
      }
    ],
    "isTemplate": false,
    "count": 0
  },
  {
    "id": "208c0e4d-899a-4416-bf16-084f17a4ee87",
    "data": [
      {
        "text": "último evento",
        "userDefined": false
      }
    ],
    "isTemplate": false,
    "count": 0
  },
  {
    "id": "a1fa848f-5e32-47a9-ab19-b4ef54ee7088",
    "data": [
      {
        "text": "Quando foi o último meetup?",
        "userDefined": false
      }
    ],
    "isTemplate": false,
    "count": 0
  },
  {
    "id": "e9a39ff7-2705-4dc3-a5f3-f8ccf456a1fc",
    "data": [
      {
        "text": "Quando foi o último evento?",
        "userDefined": false
      }
    ],
    "isTemplate": false,
    "count": 0
  },
  {
    "id": "88ea8ed8-9885-4140-baa1-7f1ec4c7e7d8",
    "data": [
      {
        "text": "me fale sobre o último encontro",
        "userDefined": false
      }
    ],
    "isTemplate": false,
    "count": 0
  },
  {
    "id": "a8e72855-9e4b-4ad6-ae7d-5cb4f023ea69",
    "data": [
      {
        "text": "me fale sobre o último evento",
        "userDefined": false
      }
    ],
    "isTemplate": false,
    "count": 0
  },
  {
    "id": "535a2c89-cc02-4f26-9179-1b2a482df8ad",
    "data": [
      {
        "text": "último encontro",
        "userDefined": false
      }
    ],
    "isTemplate": false,
    "count": 1
  },
  {
    "id": "9090148c-7f41-4653-9913-c007d6ad3097",
    "data": [
      {
        "text": "Saber sobre o último evento",
        "userDefined": false
      }
    ],
    "isTemplate": false,
    "count": 0
  },
  {
    "id": "e79739f7-408b-4e67-8815-d387017e0611",
    "data": [
      {
        "text": "Qual foi a última sessão?",
        "userDefined": false
      }
    ],
    "isTemplate": false,
    "count": 0
  },
  {
    "id": "0a37b0f6-1736-4a63-b85c-a84e116de58d",
    "data": [
      {
        "text": "último meetup",
        "userDefined": false
      }
    ],
    "isTemplate": false,
    "count": 0
  }
]