[
  {
    "id": "c702324a-a84f-4590-935a-b1b67420b804",
    "data": [
      {
        "text": "Wann war das letzte Event",
        "userDefined": false
      }
    ],
    "isTemplate": false,
    "count": 0,
    "updated": 1538195668
  },
  {
    "id": "4795c0d7-9d65-44a0-b5ab-bb932b32d7ed",
    "data": [
      {
        "text": "Was war die letzte Veranstaltung",
        "userDefined": false
      }
    ],
    "isTemplate": false,
    "count": 0,
    "updated": 1538195668
  },
  {
    "id": "a2080456-2ac1-45eb-86df-c482ef34229b",
    "data": [
      {
        "text": "Die letzte",
        "userDefined": false
      }
    ],
    "isTemplate": false,
    "count": 0,
    "updated": 1538195668
  },
  {
    "id": "66146057-8518-4ab2-82c1-b77d25672d85",
    "data": [
      {
        "text": "Letztes Meetup",
        "userDefined": false
      }
    ],
    "isTemplate": false,
    "count": 0,
    "updated": 1538195668
  },
  {
    "id": "db1166a0-3db5-4452-8bd6-e213c440b536",
    "data": [
      {
        "text": "Wann war die letze Veranstaltung",
        "userDefined": false
      }
    ],
    "isTemplate": false,
    "count": 0,
    "updated": 1538195668
  },
  {
    "id": "b29d1285-c80f-4a96-a562-9d0f678d4e90",
    "data": [
      {
        "text": "Erzähl mir mehr über das letzte Event",
        "userDefined": false
      }
    ],
    "isTemplate": false,
    "count": 0,
    "updated": 1538195668
  },
  {
    "id": "c6909060-0e69-4a94-9caa-b3456e739839",
    "data": [
      {
        "text": "Das letzte",
        "userDefined": false
      }
    ],
    "isTemplate": false,
    "count": 0,
    "updated": 1538195668
  },
  {
    "id": "ac4e25a5-79da-4a99-82df-c0b92215e413",
    "data": [
      {
        "text": "Erzähl mir mehr über das letze Meetup",
        "userDefined": false
      }
    ],
    "isTemplate": false,
    "count": 0,
    "updated": 1538195668
  },
  {
    "id": "74d7d938-f7f1-42af-b96b-e13ac1d571f3",
    "data": [
      {
        "text": "letzte Veranstaltung",
        "userDefined": false
      }
    ],
    "isTemplate": false,
    "count": 1,
    "updated": 1538195668
  },
  {
    "id": "488b8b34-5216-4081-956b-e9dfdd193535",
    "data": [
      {
        "text": "Ich möchte mehr über das letzte Event ",
        "userDefined": false
      },
      {
        "text": "wissen",
        "meta": "@sys.ignore",
        "userDefined": false
      }
    ],
    "isTemplate": false,
    "count": 0,
    "updated": 1538195668
  },
  {
    "id": "63e0e9d1-36bd-48ce-bbaf-539f40ef5cf4",
    "data": [
      {
        "text": "letztes Event",
        "userDefined": false
      }
    ],
    "isTemplate": false,
    "count": 0,
    "updated": 1538195668
  },
  {
    "id": "53086be6-d73f-4e0d-8553-ef47aed35889",
    "data": [
      {
        "text": "Erzähl mir mehr über die letzte Veranstaltung",
        "userDefined": false
      }
    ],
    "isTemplate": false,
    "count": 0,
    "updated": 1538195668
  },
  {
    "id": "50549a99-09f6-410f-8f72-ab57d3ed45b1",
    "data": [
      {
        "text": "über das letzte Event hören",
        "userDefined": false
      }
    ],
    "isTemplate": false,
    "count": 0,
    "updated": 1538195668
  }
]