[
  {
    "id": "db51a8a8-c996-4ae5-95c3-8ff9f814e293",
    "data": [
      {
        "text": "最後のイベントについて知りたい。",
        "userDefined": false
      }
    ],
    "isTemplate": false,
    "count": 0,
    "updated": 1538584130
  },
  {
    "id": "93faf80e-83f7-48fa-8654-78e920c0fe3c",
    "data": [
      {
        "text": "最後",
        "userDefined": false
      }
    ],
    "isTemplate": false,
    "count": 0,
    "updated": 1538584130
  },
  {
    "id": "20d92d9f-ddff-4aea-a7cb-152a7e3b191a",
    "data": [
      {
        "text": "最後のミートアップについて教えて",
        "userDefined": false
      }
    ],
    "isTemplate": false,
    "count": 0,
    "updated": 1538584130
  },
  {
    "id": "c7f114e0-acf0-4b66-a692-aa9d05be3907",
    "data": [
      {
        "text": "最後のイベント",
        "userDefined": false
      }
    ],
    "isTemplate": false,
    "count": 0,
    "updated": 1538584130
  },
  {
    "id": "9f289cd2-7b1f-4c8a-85c1-083fb931e8a7",
    "data": [
      {
        "text": "最後のミートアップは何でしたか？",
        "userDefined": false
      }
    ],
    "isTemplate": false,
    "count": 0,
    "updated": 1538584130
  },
  {
    "id": "7a2f8da9-a1cc-4fe4-b92a-2f5a4d0dd59b",
    "data": [
      {
        "text": "最後のイベントはいつでしたか？",
        "userDefined": false
      }
    ],
    "isTemplate": false,
    "count": 0,
    "updated": 1538584130
  },
  {
    "id": "90a29289-5c76-4555-9c36-e76cedb8d041",
    "data": [
      {
        "text": "最後の勉強会について教えて",
        "userDefined": false
      }
    ],
    "isTemplate": false,
    "count": 0,
    "updated": 1538584130
  },
  {
    "id": "dca9685f-d7d4-44d8-9035-ea66f43decde",
    "data": [
      {
        "text": "最後のイベントについて教えて",
        "userDefined": false
      }
    ],
    "isTemplate": false,
    "count": 0,
    "updated": 1538584130
  },
  {
    "id": "82859055-76a4-4096-bdd5-43dbf6752a0f",
    "data": [
      {
        "text": "最後の勉強会",
        "userDefined": false
      }
    ],
    "isTemplate": false,
    "count": 0,
    "updated": 1538584130
  },
  {
    "id": "56cd9da9-dee8-472f-aa74-ef5803d6ba45",
    "data": [
      {
        "text": "過去のイベント",
        "userDefined": false
      }
    ],
    "isTemplate": false,
    "count": 0,
    "updated": 1538584130
  },
  {
    "id": "e2fd0b0e-6ff2-483c-95a7-4cf32bc4003b",
    "data": [
      {
        "text": "最後のイベントについて聞きたい。",
        "userDefined": false
      }
    ],
    "isTemplate": false,
    "count": 0,
    "updated": 1538584130
  },
  {
    "id": "4a7c331c-faab-43a9-8460-83a9ad3708f6",
    "data": [
      {
        "text": "最後のセッションは何でしたか？",
        "userDefined": false
      }
    ],
    "isTemplate": false,
    "count": 0,
    "updated": 1538584130
  },
  {
    "id": "f3dcd051-9141-4b29-9ad9-b119fc1228c8",
    "data": [
      {
        "text": "最後のミートアップ",
        "userDefined": false
      }
    ],
    "isTemplate": false,
    "count": 0,
    "updated": 1538584130
  }
]