[
  {
    "id": "b9706abf-43b1-47b9-9270-f1c34800667a",
    "data": [
      {
        "text": "cuéntame sobre la última reunión",
        "userDefined": false
      }
    ],
    "isTemplate": false,
    "count": 0,
    "updated": 1536945363
  },
  {
    "id": "ff9b39b3-8390-4d85-a1c8-e07abbf53acb",
    "data": [
      {
        "text": "última reunión",
        "userDefined": false
      }
    ],
    "isTemplate": false,
    "count": 1,
    "updated": 1536945363
  },
  {
    "id": "bfe0454c-c9af-41ad-aebf-d27646450efa",
    "data": [
      {
        "text": "Me gustaría saber sobre el último evento",
        "userDefined": false
      }
    ],
    "isTemplate": false,
    "count": 0,
    "updated": 1536945363
  },
  {
    "id": "94ae8ea6-ecd7-4217-8d09-31eece79f208",
    "data": [
      {
        "text": "cuándo fue el ultimo evento?",
        "userDefined": false
      }
    ],
    "isTemplate": false,
    "count": 2,
    "updated": 1536945363
  },
  {
    "id": "6fdd9415-6d85-4bbb-b6b3-6fa9c271ce8c",
    "data": [
      {
        "text": "cuéntame sobre el último evento",
        "userDefined": false
      }
    ],
    "isTemplate": false,
    "count": 0,
    "updated": 1536945363
  },
  {
    "id": "ecdaa82f-f7a6-4063-85d7-c719082a2b87",
    "data": [
      {
        "text": "Último evento",
        "userDefined": false
      }
    ],
    "isTemplate": false,
    "count": 0,
    "updated": 1533922522
  },
  {
    "id": "37684654-ea08-4331-9bc0-0556a4568093",
    "data": [
      {
        "text": "escuchar sobre el último evento",
        "userDefined": false
      }
    ],
    "isTemplate": false,
    "count": 0,
    "updated": 1536945363
  },
  {
    "id": "9d8b0875-9f03-44d0-b486-436e7f24ad49",
    "data": [
      {
        "text": "¿Cuál fue la última reunión?",
        "userDefined": false
      }
    ],
    "isTemplate": false,
    "count": 0,
    "updated": 1536945363
  },
  {
    "id": "92e05802-679c-4cfa-acbf-f3f77e2411aa",
    "data": [
      {
        "text": "¿Cuál fue la última sesión?",
        "userDefined": false
      }
    ],
    "isTemplate": false,
    "count": 2,
    "updated": 1536945363
  },
  {
    "id": "e6361be0-2ddd-4434-aa84-bb648780b6c9",
    "data": [
      {
        "text": "el ultimo",
        "userDefined": false
      }
    ],
    "isTemplate": false,
    "count": 0,
    "updated": 1536945363
  },
  {
    "id": "4bf23316-fedc-443c-a27d-40888e53da78",
    "data": [
      {
        "text": "evento pasado",
        "userDefined": false
      }
    ],
    "isTemplate": false,
    "count": 0,
    "updated": 1536945363
  }
]