[
  {
    "id": "3eaf3bf7-9bee-4df1-b18b-9f4d43d13410",
    "data": [
      {
        "text": "ultimo evento",
        "userDefined": false
      }
    ],
    "isTemplate": false,
    "count": 0,
    "updated": 1536886148
  },
  {
    "id": "eaaf99f0-1099-40e8-9cbd-8c198849daba",
    "data": [
      {
        "text": "quando e\u0027 stato l\u0027ultimo evento?",
        "userDefined": false
      }
    ],
    "isTemplate": false,
    "count": 0,
    "updated": 1536886148
  },
  {
    "id": "bc6f45b0-ecb0-4089-be9e-c89c5412b4d5",
    "data": [
      {
        "text": "dimmi dell\u0027ultimo evento",
        "userDefined": false
      }
    ],
    "isTemplate": false,
    "count": 0,
    "updated": 1536886148
  },
  {
    "id": "2c3439ad-0fd3-45ec-a653-47d364b66427",
    "data": [
      {
        "text": "ultimo meetup",
        "userDefined": false
      }
    ],
    "isTemplate": false,
    "count": 1,
    "updated": 1536886148
  },
  {
    "id": "bf1b1fab-4799-4542-892f-424fb264e120",
    "data": [
      {
        "text": "parlami dell\u0027ultimo meetup",
        "userDefined": false
      }
    ],
    "isTemplate": false,
    "count": 0,
    "updated": 1536886148
  },
  {
    "id": "dddd6f4e-43fc-4b54-87a2-053814e34e2a",
    "data": [
      {
        "text": "quando e\u0027 stata l\u0027ultima sessione?",
        "userDefined": false
      }
    ],
    "isTemplate": false,
    "count": 0,
    "updated": 1536886148
  },
  {
    "id": "36930c36-e0e1-4904-82c9-6956d622d584",
    "data": [
      {
        "text": "evento passato",
        "userDefined": false
      }
    ],
    "isTemplate": false,
    "count": 0,
    "updated": 1536886148
  },
  {
    "id": "78eda3e1-5603-443a-a781-bc5722c37072",
    "data": [
      {
        "text": "vorrei sapere di piu\u0027 sull\u0027ultimo evento",
        "userDefined": false
      }
    ],
    "isTemplate": false,
    "count": 0,
    "updated": 1536886148
  },
  {
    "id": "9dd44f61-f9ba-41e9-b187-d523921c80d2",
    "data": [
      {
        "text": "ultimo",
        "userDefined": false
      }
    ],
    "isTemplate": false,
    "count": 0,
    "updated": 1536886148
  },
  {
    "id": "bfe0496a-ab40-4824-8cec-0b1b673d2f12",
    "data": [
      {
        "text": "parlami dell\u0027ultimo meeting",
        "userDefined": false
      }
    ],
    "isTemplate": false,
    "count": 0,
    "updated": 1536886148
  },
  {
    "id": "397d9c34-7752-4bc8-bbf2-9e311ca93e9c",
    "data": [
      {
        "text": "quando e\u0027 stato l\u0027ultimo meetup?",
        "userDefined": false
      }
    ],
    "isTemplate": false,
    "count": 0,
    "updated": 1536886148
  },
  {
    "id": "f0f70bc0-efc5-4bc2-a972-c3ecec62c089",
    "data": [
      {
        "text": "quando e\u0027 stato l\u0027evento piu\u0027 recente?",
        "userDefined": false
      }
    ],
    "isTemplate": false,
    "count": 2,
    "updated": 1536886148
  },
  {
    "id": "39150cbe-6610-4301-8a78-93aea23f7419",
    "data": [
      {
        "text": "parlami dell\u0027ultimo evento",
        "userDefined": false
      }
    ],
    "isTemplate": false,
    "count": 0,
    "updated": 1536886148
  },
  {
    "id": "32371bab-52d2-4dac-b422-7f06194631d6",
    "data": [
      {
        "text": "ultimo meeting",
        "userDefined": false
      }
    ],
    "isTemplate": false,
    "count": 0,
    "updated": 1536886148
  }
]