[
  {
    "id": "73aa434f-8cd8-43ae-878d-39a01068e9e1",
    "data": [
      {
        "text": "vorrei sapere di piu\u0027 sull\u0027ultimo evento",
        "userDefined": false
      }
    ],
    "isTemplate": false,
    "count": 0,
    "updated": 1536886148
  },
  {
    "id": "09389c78-e6c7-43c7-8326-a71d089723e6",
    "data": [
      {
        "text": "ultimo",
        "userDefined": false
      }
    ],
    "isTemplate": false,
    "count": 0,
    "updated": 1536886148
  },
  {
    "id": "f1d50106-c33e-4b76-8271-8c8c76b495b3",
    "data": [
      {
        "text": "parlami dell\u0027ultimo meetup",
        "userDefined": false
      }
    ],
    "isTemplate": false,
    "count": 0,
    "updated": 1536886148
  },
  {
    "id": "e9584947-5747-4717-817c-ebb8407a5694",
    "data": [
      {
        "text": "ultimo evento",
        "userDefined": false
      }
    ],
    "isTemplate": false,
    "count": 0,
    "updated": 1536886148
  },
  {
    "id": "43f584cd-3703-4957-ad59-f80663e363ff",
    "data": [
      {
        "text": "quando e\u0027 stato l\u0027ultimo meetup?",
        "userDefined": false
      }
    ],
    "isTemplate": false,
    "count": 0,
    "updated": 1536886148
  },
  {
    "id": "7526c734-2284-40cd-ae95-1ca3e8859b15",
    "data": [
      {
        "text": "quando e\u0027 stato l\u0027ultimo evento?",
        "userDefined": false
      }
    ],
    "isTemplate": false,
    "count": 0,
    "updated": 1536886148
  },
  {
    "id": "dbcaa5f4-7fea-4066-b6e8-c477309d8ff8",
    "data": [
      {
        "text": "parlami dell\u0027ultimo meeting",
        "userDefined": false
      }
    ],
    "isTemplate": false,
    "count": 0,
    "updated": 1536886148
  },
  {
    "id": "f3b3fc1f-8c7b-46d0-ba7f-33dcd4425cad",
    "data": [
      {
        "text": "parlami dell\u0027ultimo evento",
        "userDefined": false
      }
    ],
    "isTemplate": false,
    "count": 0,
    "updated": 1536886148
  },
  {
    "id": "71791c87-2cd0-4aa0-bd07-d0fde8cd9b0d",
    "data": [
      {
        "text": "ultimo meeting",
        "userDefined": false
      }
    ],
    "isTemplate": false,
    "count": 0,
    "updated": 1536886148
  },
  {
    "id": "4e52bde3-f082-4a6c-b310-4ea62815531c",
    "data": [
      {
        "text": "evento passato",
        "userDefined": false
      }
    ],
    "isTemplate": false,
    "count": 0,
    "updated": 1536886148
  },
  {
    "id": "ff37b3f9-2d13-4ffe-af90-51825a3ff55b",
    "data": [
      {
        "text": "dimmi dell\u0027ultimo evento",
        "userDefined": false
      }
    ],
    "isTemplate": false,
    "count": 0,
    "updated": 1536886148
  },
  {
    "id": "7b9ee637-64ee-4e7a-b4da-219bd53acab9",
    "data": [
      {
        "text": "quando e\u0027 stata l\u0027ultima sessione?",
        "userDefined": false
      }
    ],
    "isTemplate": false,
    "count": 0,
    "updated": 1536886148
  },
  {
    "id": "ae24eec7-cdc2-4e68-8a17-f41d3150f7cc",
    "data": [
      {
        "text": "ultimo meetup",
        "userDefined": false
      }
    ],
    "isTemplate": false,
    "count": 1,
    "updated": 1536886148
  },
  {
    "id": "3551c0a8-3e41-4889-adc8-52b8e3835c3a",
    "data": [
      {
        "text": "quando e\u0027 stato l\u0027evento piu\u0027 recente?",
        "userDefined": false
      }
    ],
    "isTemplate": false,
    "count": 2,
    "updated": 1536886148
  }
]