[
  {
    "id": "81d5f09b-66a7-4b44-ad71-f7ccbe694fea",
    "data": [
      {
        "text": "Me gustaría saber sobre el último evento",
        "userDefined": false
      }
    ],
    "isTemplate": false,
    "count": 0,
    "updated": 1536945363
  },
  {
    "id": "ec3a8235-3687-4585-b558-020d756a43c4",
    "data": [
      {
        "text": "el ultimo",
        "userDefined": false
      }
    ],
    "isTemplate": false,
    "count": 0,
    "updated": 1536945363
  },
  {
    "id": "f31234b2-c7e4-42d3-957c-161026e042b2",
    "data": [
      {
        "text": "cuéntame sobre la última reunión",
        "userDefined": false
      }
    ],
    "isTemplate": false,
    "count": 0,
    "updated": 1536945363
  },
  {
    "id": "fc6d4a3b-828b-493c-9a9b-39b884f0062d",
    "data": [
      {
        "text": "Último evento",
        "userDefined": false
      }
    ],
    "isTemplate": false,
    "count": 0,
    "updated": 1533922522
  },
  {
    "id": "b26fc19b-0270-4f7d-85be-ec028609aa8b",
    "data": [
      {
        "text": "¿Cuál fue la última reunión?",
        "userDefined": false
      }
    ],
    "isTemplate": false,
    "count": 0,
    "updated": 1536945363
  },
  {
    "id": "316612ca-6f94-4542-94a7-03e4994ac520",
    "data": [
      {
        "text": "cuándo fue el ultimo evento?",
        "userDefined": false
      }
    ],
    "isTemplate": false,
    "count": 2,
    "updated": 1536945363
  },
  {
    "id": "6917481b-8146-41e4-b367-ae7a91735a74",
    "data": [
      {
        "text": "cuéntame sobre el último evento",
        "userDefined": false
      }
    ],
    "isTemplate": false,
    "count": 0,
    "updated": 1536945363
  },
  {
    "id": "72ff6be5-6549-46b6-b2b5-4dcbc852cfd5",
    "data": [
      {
        "text": "última reunión",
        "userDefined": false
      }
    ],
    "isTemplate": false,
    "count": 1,
    "updated": 1536945363
  },
  {
    "id": "f43294f5-7808-4d99-b47e-b6e8c5ea3c2e",
    "data": [
      {
        "text": "evento pasado",
        "userDefined": false
      }
    ],
    "isTemplate": false,
    "count": 0,
    "updated": 1536945363
  },
  {
    "id": "a184c10f-5977-42fa-b386-2aa4a60799d6",
    "data": [
      {
        "text": "escuchar sobre el último evento",
        "userDefined": false
      }
    ],
    "isTemplate": false,
    "count": 0,
    "updated": 1536945363
  },
  {
    "id": "3e742f53-3b91-4490-899e-49743bd402c6",
    "data": [
      {
        "text": "¿Cuál fue la última sesión?",
        "userDefined": false
      }
    ],
    "isTemplate": false,
    "count": 2,
    "updated": 1536945363
  }
]