[
  {
    "id": "34217e89-24db-4d8b-a830-d0d2041dd1fd",
    "data": [
      {
        "text": "Me gustaría saber sobre el último evento",
        "userDefined": false
      }
    ],
    "isTemplate": false,
    "count": 0,
    "updated": 1536945363
  },
  {
    "id": "40331e15-afa8-46a6-b8ec-1ed9b2ad2c0f",
    "data": [
      {
        "text": "el ultimo",
        "userDefined": false
      }
    ],
    "isTemplate": false,
    "count": 0,
    "updated": 1536945363
  },
  {
    "id": "55c77324-019e-411d-b7e1-b9d49b7ff7cf",
    "data": [
      {
        "text": "cuéntame sobre la última reunión",
        "userDefined": false
      }
    ],
    "isTemplate": false,
    "count": 0,
    "updated": 1536945363
  },
  {
    "id": "3fc01fde-d849-45ab-b8d9-b3681fec5eed",
    "data": [
      {
        "text": "Último evento",
        "userDefined": false
      }
    ],
    "isTemplate": false,
    "count": 0,
    "updated": 1533922522
  },
  {
    "id": "db2e886f-f150-4b6c-87d2-c15d973c2c07",
    "data": [
      {
        "text": "¿Cuál fue la última reunión?",
        "userDefined": false
      }
    ],
    "isTemplate": false,
    "count": 0,
    "updated": 1536945363
  },
  {
    "id": "4d3da553-6a0a-4cc4-a444-4b680913e534",
    "data": [
      {
        "text": "cuándo fue el ultimo evento?",
        "userDefined": false
      }
    ],
    "isTemplate": false,
    "count": 2,
    "updated": 1536945363
  },
  {
    "id": "9b8a9f9e-c255-47a3-93c0-42994c8c14b3",
    "data": [
      {
        "text": "cuéntame sobre el último evento",
        "userDefined": false
      }
    ],
    "isTemplate": false,
    "count": 0,
    "updated": 1536945363
  },
  {
    "id": "5438f9ec-6274-4c4c-9173-5b6e428b1aa9",
    "data": [
      {
        "text": "última reunión",
        "userDefined": false
      }
    ],
    "isTemplate": false,
    "count": 1,
    "updated": 1536945363
  },
  {
    "id": "02e9fa7d-6b49-469d-9313-876f6edc2a2d",
    "data": [
      {
        "text": "evento pasado",
        "userDefined": false
      }
    ],
    "isTemplate": false,
    "count": 0,
    "updated": 1536945363
  },
  {
    "id": "a7e92640-2ec3-47d6-af5e-68613183091d",
    "data": [
      {
        "text": "escuchar sobre el último evento",
        "userDefined": false
      }
    ],
    "isTemplate": false,
    "count": 0,
    "updated": 1536945363
  },
  {
    "id": "694afb86-0271-466c-a20d-177b271a825a",
    "data": [
      {
        "text": "¿Cuál fue la última sesión?",
        "userDefined": false
      }
    ],
    "isTemplate": false,
    "count": 2,
    "updated": 1536945363
  }
]