[
  {
    "id": "a085e915-3584-4e6c-b9b9-a27f1addf535",
    "data": [
      {
        "text": "son etkinlik neydi?",
        "userDefined": false
      }
    ],
    "isTemplate": false,
    "count": 1
  },
  {
    "id": "4086a102-3182-425d-80a1-95d303ff944f",
    "data": [
      {
        "text": "son etkinliği öğrenmek istiyorum",
        "userDefined": false
      }
    ],
    "isTemplate": false,
    "count": 0
  },
  {
    "id": "08f55619-fcf7-470e-afa9-f89caf1a9a27",
    "data": [
      {
        "text": "son etkinlik ne zamandı?",
        "userDefined": false
      }
    ],
    "isTemplate": false,
    "count": 0
  },
  {
    "id": "b9dad43a-2042-46be-be31-dedc6188f37c",
    "data": [
      {
        "text": "son etkinlik",
        "userDefined": false
      }
    ],
    "isTemplate": false,
    "count": 0
  },
  {
    "id": "8f919148-c9e1-456b-93ea-a6b42e3a9213",
    "data": [
      {
        "text": "son toplantıyı antlat",
        "userDefined": false
      }
    ],
    "isTemplate": false,
    "count": 0
  },
  {
    "id": "65f2d7c1-d64a-4194-bcb4-595ef32b42c4",
    "data": [
      {
        "text": "son etkinlikten bahset",
        "userDefined": false
      }
    ],
    "isTemplate": false,
    "count": 0
  },
  {
    "id": "ed493562-f572-4bb2-b287-426a9fcca8cc",
    "data": [
      {
        "text": "en son etkinlik",
        "userDefined": false
      }
    ],
    "isTemplate": false,
    "count": 0
  },
  {
    "id": "3ebcd338-063a-40ab-ae70-f4c06b5de826",
    "data": [
      {
        "text": "son toplantı",
        "userDefined": false
      }
    ],
    "isTemplate": false,
    "count": 1
  },
  {
    "id": "7e8ecfe3-68cd-4072-81df-1ec04a4b4366",
    "data": [
      {
        "text": "son etkinliği anlat",
        "userDefined": false
      }
    ],
    "isTemplate": false,
    "count": 0
  }
]