[
  {
    "id": "de541136-a563-4789-97c0-b02ee3bb4812",
    "data": [
      {
        "text": "cuéntame sobre la última reunión",
        "userDefined": false
      }
    ],
    "isTemplate": false,
    "count": 0,
    "updated": 1536945363
  },
  {
    "id": "27284250-8ca8-42f0-ae4c-f9e9e3a15785",
    "data": [
      {
        "text": "última reunión",
        "userDefined": false
      }
    ],
    "isTemplate": false,
    "count": 1,
    "updated": 1536945363
  },
  {
    "id": "442afbf2-23ad-4c67-a815-465288914c6d",
    "data": [
      {
        "text": "Me gustaría saber sobre el último evento",
        "userDefined": false
      }
    ],
    "isTemplate": false,
    "count": 0,
    "updated": 1536945363
  },
  {
    "id": "ee67c318-1c10-40e4-871f-67b7e81196ec",
    "data": [
      {
        "text": "cuándo fue el ultimo evento?",
        "userDefined": false
      }
    ],
    "isTemplate": false,
    "count": 2,
    "updated": 1536945363
  },
  {
    "id": "b5bf0c0b-0e82-4ba0-9147-1275a6d3232f",
    "data": [
      {
        "text": "cuéntame sobre el último evento",
        "userDefined": false
      }
    ],
    "isTemplate": false,
    "count": 0,
    "updated": 1536945363
  },
  {
    "id": "eb8442d7-102d-4900-b295-ba2dd0ceff5a",
    "data": [
      {
        "text": "Último evento",
        "userDefined": false
      }
    ],
    "isTemplate": false,
    "count": 0,
    "updated": 1533922522
  },
  {
    "id": "42604076-f4a8-4eeb-94c5-c6167bfcb4ba",
    "data": [
      {
        "text": "escuchar sobre el último evento",
        "userDefined": false
      }
    ],
    "isTemplate": false,
    "count": 0,
    "updated": 1536945363
  },
  {
    "id": "cdde4077-eebf-4e69-b952-c8a80d1ad299",
    "data": [
      {
        "text": "¿Cuál fue la última reunión?",
        "userDefined": false
      }
    ],
    "isTemplate": false,
    "count": 0,
    "updated": 1536945363
  },
  {
    "id": "a78d7912-8307-479a-a356-ce3048dd2f82",
    "data": [
      {
        "text": "¿Cuál fue la última sesión?",
        "userDefined": false
      }
    ],
    "isTemplate": false,
    "count": 2,
    "updated": 1536945363
  },
  {
    "id": "543cc056-1cb8-4471-87e9-e5ad25d2899b",
    "data": [
      {
        "text": "el ultimo",
        "userDefined": false
      }
    ],
    "isTemplate": false,
    "count": 0,
    "updated": 1536945363
  },
  {
    "id": "aee6f672-6a07-407f-bb2d-e92e275bae95",
    "data": [
      {
        "text": "evento pasado",
        "userDefined": false
      }
    ],
    "isTemplate": false,
    "count": 0,
    "updated": 1536945363
  }
]