[
  {
    "id": "8b7e5cdb-e2d8-4ba3-9813-655a3fba2c06",
    "data": [
      {
        "text": "last meetup",
        "userDefined": false
      }
    ],
    "isTemplate": false,
    "count": 0,
    "updated": 1533834953
  },
  {
    "id": "a076c38d-808e-4519-a2f1-0dc65ac21d5e",
    "data": [
      {
        "text": "what was the last session?",
        "userDefined": false
      }
    ],
    "isTemplate": false,
    "count": 1,
    "updated": 1533834953
  },
  {
    "id": "7204808e-7484-4dd9-95b9-668449e3230e",
    "data": [
      {
        "text": "Hear about last Last event",
        "userDefined": false
      }
    ],
    "isTemplate": false,
    "count": 0,
    "updated": 1530290209
  },
  {
    "id": "17d5abea-1ee9-44c0-87f5-a2092f4f3a41",
    "data": [
      {
        "text": "past event",
        "userDefined": false
      }
    ],
    "isTemplate": false,
    "count": 0,
    "updated": 1533592810
  },
  {
    "id": "b56b7443-ad47-429e-93c6-68908360ab20",
    "data": [
      {
        "text": "last meeting",
        "userDefined": false
      }
    ],
    "isTemplate": false,
    "count": 0,
    "updated": 1533834953
  },
  {
    "id": "c72c461f-a427-45c2-b29e-6ef285193b21",
    "data": [
      {
        "text": "tell me about the last event",
        "userDefined": false
      }
    ],
    "isTemplate": false,
    "count": 0,
    "updated": 1530290209
  },
  {
    "id": "6da8b461-6a9c-4d35-9ac1-b72bd37b78bc",
    "data": [
      {
        "text": "tell me about the last meeting",
        "userDefined": false
      }
    ],
    "isTemplate": false,
    "count": 0,
    "updated": 1533834953
  },
  {
    "id": "484b223e-7585-4287-95a4-fcdc75345e91",
    "data": [
      {
        "text": "when was the last event?",
        "userDefined": false
      }
    ],
    "isTemplate": false,
    "count": 0,
    "updated": 1530290209
  },
  {
    "id": "7dc11a8f-4fe1-430d-a090-e6755bcd5311",
    "data": [
      {
        "text": "what was the last meetup?",
        "userDefined": false
      }
    ],
    "isTemplate": false,
    "count": 0,
    "updated": 1533834953
  },
  {
    "id": "418a2045-d99b-40c1-a312-e074e2081b7d",
    "data": [
      {
        "text": "last event",
        "userDefined": false
      }
    ],
    "isTemplate": false,
    "count": 0,
    "updated": 1533592810
  },
  {
    "id": "0553fe0b-3605-40d0-a184-731ae0f4a997",
    "data": [
      {
        "text": "tell me about the last meetup",
        "userDefined": false
      }
    ],
    "isTemplate": false,
    "count": 0,
    "updated": 1533834953
  },
  {
    "id": "ec4705f4-690d-453b-a3ad-84642275898b",
    "data": [
      {
        "text": "last ",
        "userDefined": false
      },
      {
        "text": "one",
        "meta": "@sys.ignore",
        "userDefined": false
      }
    ],
    "isTemplate": false,
    "count": 0,
    "updated": 1533242397
  },
  {
    "id": "cc4416bd-7c1f-478a-9d59-055beb051e32",
    "data": [
      {
        "text": "I\u0027d like to know about the last event",
        "userDefined": false
      }
    ],
    "isTemplate": false,
    "count": 0,
    "updated": 1530290209
  }
]