[
  {
    "id": "2f4f8cbf-0d29-40ab-a1d0-062796a86918",
    "data": [
      {
        "text": "vorrei sapere di piu\u0027 sull\u0027ultimo evento",
        "userDefined": false
      }
    ],
    "isTemplate": false,
    "count": 0,
    "updated": 1536886148
  },
  {
    "id": "6967ff39-3aba-48cb-a00f-20b7a6bb07c1",
    "data": [
      {
        "text": "ultimo",
        "userDefined": false
      }
    ],
    "isTemplate": false,
    "count": 0,
    "updated": 1536886148
  },
  {
    "id": "9e44030a-4e41-47fe-9a68-ac9a70939acc",
    "data": [
      {
        "text": "parlami dell\u0027ultimo meetup",
        "userDefined": false
      }
    ],
    "isTemplate": false,
    "count": 0,
    "updated": 1536886148
  },
  {
    "id": "59710df3-8a0d-4444-8ba1-ec8331a3c472",
    "data": [
      {
        "text": "ultimo evento",
        "userDefined": false
      }
    ],
    "isTemplate": false,
    "count": 0,
    "updated": 1536886148
  },
  {
    "id": "5f524df8-7a18-4527-9c5e-e998b157d16e",
    "data": [
      {
        "text": "quando e\u0027 stato l\u0027ultimo meetup?",
        "userDefined": false
      }
    ],
    "isTemplate": false,
    "count": 0,
    "updated": 1536886148
  },
  {
    "id": "f5fe21cb-0659-408e-93c6-a78aec853a3b",
    "data": [
      {
        "text": "quando e\u0027 stato l\u0027ultimo evento?",
        "userDefined": false
      }
    ],
    "isTemplate": false,
    "count": 0,
    "updated": 1536886148
  },
  {
    "id": "7159fc46-dfed-4174-92a9-7ed6d161e906",
    "data": [
      {
        "text": "parlami dell\u0027ultimo meeting",
        "userDefined": false
      }
    ],
    "isTemplate": false,
    "count": 0,
    "updated": 1536886148
  },
  {
    "id": "2a192e55-e600-4850-96b7-18e41cc3b413",
    "data": [
      {
        "text": "parlami dell\u0027ultimo evento",
        "userDefined": false
      }
    ],
    "isTemplate": false,
    "count": 0,
    "updated": 1536886148
  },
  {
    "id": "ad755581-4d59-4262-8aec-2cae84f8f08d",
    "data": [
      {
        "text": "ultimo meeting",
        "userDefined": false
      }
    ],
    "isTemplate": false,
    "count": 0,
    "updated": 1536886148
  },
  {
    "id": "1f48cc20-70cf-4b4b-89f1-7fb5b6c4f501",
    "data": [
      {
        "text": "evento passato",
        "userDefined": false
      }
    ],
    "isTemplate": false,
    "count": 0,
    "updated": 1536886148
  },
  {
    "id": "c20acfdf-31f8-4d80-a51a-9be5b3315cf4",
    "data": [
      {
        "text": "dimmi dell\u0027ultimo evento",
        "userDefined": false
      }
    ],
    "isTemplate": false,
    "count": 0,
    "updated": 1536886148
  },
  {
    "id": "a2385a53-7432-4e0f-841b-cefe59e2c89c",
    "data": [
      {
        "text": "quando e\u0027 stata l\u0027ultima sessione?",
        "userDefined": false
      }
    ],
    "isTemplate": false,
    "count": 0,
    "updated": 1536886148
  },
  {
    "id": "2556248b-2c25-4df4-a115-d72b360fbbc2",
    "data": [
      {
        "text": "ultimo meetup",
        "userDefined": false
      }
    ],
    "isTemplate": false,
    "count": 1,
    "updated": 1536886148
  },
  {
    "id": "f0ad01e6-0bf8-4f17-b6ed-2e7e7cec64dd",
    "data": [
      {
        "text": "quando e\u0027 stato l\u0027evento piu\u0027 recente?",
        "userDefined": false
      }
    ],
    "isTemplate": false,
    "count": 2,
    "updated": 1536886148
  }
]