[
  {
    "id": "f214e451-6efa-4a7d-abdf-39651997ee88",
    "data": [
      {
        "text": "último meetup",
        "userDefined": false
      }
    ],
    "isTemplate": false,
    "count": 0
  },
  {
    "id": "bd7c2e8e-38a3-4d95-bd1f-da2ed7fcc4b0",
    "data": [
      {
        "text": "o último",
        "userDefined": false
      }
    ],
    "isTemplate": false,
    "count": 0
  },
  {
    "id": "71e6bace-4f02-42ae-9285-35779864e140",
    "data": [
      {
        "text": "Qual foi a última sessão?",
        "userDefined": false
      }
    ],
    "isTemplate": false,
    "count": 0
  },
  {
    "id": "a28c1703-8e0f-44e3-a558-9b8ad2837b4b",
    "data": [
      {
        "text": "último evento",
        "userDefined": false
      }
    ],
    "isTemplate": false,
    "count": 0
  },
  {
    "id": "a1f939fa-9af9-4c72-b32f-fa5ad0b3bbca",
    "data": [
      {
        "text": "Quando foi o último evento?",
        "userDefined": false
      }
    ],
    "isTemplate": false,
    "count": 0
  },
  {
    "id": "fb64102a-a9b0-4497-8848-d86521dc631b",
    "data": [
      {
        "text": "me fale sobre o último encontro",
        "userDefined": false
      }
    ],
    "isTemplate": false,
    "count": 0
  },
  {
    "id": "caacb300-dd33-4619-97fb-32d642bc001e",
    "data": [
      {
        "text": "último encontro",
        "userDefined": false
      }
    ],
    "isTemplate": false,
    "count": 1
  },
  {
    "id": "33ea2533-09a8-43d0-9310-b8233760dcf7",
    "data": [
      {
        "text": "Quando foi o último meetup?",
        "userDefined": false
      }
    ],
    "isTemplate": false,
    "count": 0
  },
  {
    "id": "2d6d9b32-ee7b-424b-89c9-36992ef780f1",
    "data": [
      {
        "text": "Eu gostaria de saber sobre o último evento",
        "userDefined": false
      }
    ],
    "isTemplate": false,
    "count": 0
  },
  {
    "id": "892c213f-d79f-43e0-a0bd-56f729c14781",
    "data": [
      {
        "text": "me fale sobre o último evento",
        "userDefined": false
      }
    ],
    "isTemplate": false,
    "count": 0
  },
  {
    "id": "e282e8e3-ac21-4d51-b601-7233819ee5d0",
    "data": [
      {
        "text": "me fale sobre o último meetup",
        "userDefined": false
      }
    ],
    "isTemplate": false,
    "count": 0
  },
  {
    "id": "15a57253-6fa3-4661-bcf7-4645caabeff3",
    "data": [
      {
        "text": "Saber sobre o último evento",
        "userDefined": false
      }
    ],
    "isTemplate": false,
    "count": 0
  }
]