[
  {
    "id": "a64ce95a-664f-4e36-981a-e3812397b8c3",
    "data": [
      {
        "text": "last meetup",
        "userDefined": false
      }
    ],
    "isTemplate": false,
    "count": 0,
    "updated": 1533834953
  },
  {
    "id": "e1e87d93-31e9-499a-8027-a40fcfbcd637",
    "data": [
      {
        "text": "what was the last session?",
        "userDefined": false
      }
    ],
    "isTemplate": false,
    "count": 1,
    "updated": 1533834953
  },
  {
    "id": "1bd5321a-0dc5-4a08-a39b-399fada02860",
    "data": [
      {
        "text": "Hear about last Last event",
        "userDefined": false
      }
    ],
    "isTemplate": false,
    "count": 0,
    "updated": 1530290209
  },
  {
    "id": "7081197a-f942-43d9-b6ef-313fca9958b7",
    "data": [
      {
        "text": "past event",
        "userDefined": false
      }
    ],
    "isTemplate": false,
    "count": 0,
    "updated": 1533592810
  },
  {
    "id": "d944b9db-1654-4d75-b9c3-ebd65d85fa12",
    "data": [
      {
        "text": "last meeting",
        "userDefined": false
      }
    ],
    "isTemplate": false,
    "count": 0,
    "updated": 1533834953
  },
  {
    "id": "52cc9db1-9645-4705-89e9-180c61ed6849",
    "data": [
      {
        "text": "tell me about the last event",
        "userDefined": false
      }
    ],
    "isTemplate": false,
    "count": 0,
    "updated": 1530290209
  },
  {
    "id": "79c18b52-984f-4fe5-af59-2f167da623d4",
    "data": [
      {
        "text": "tell me about the last meeting",
        "userDefined": false
      }
    ],
    "isTemplate": false,
    "count": 0,
    "updated": 1533834953
  },
  {
    "id": "f14696ad-f998-49ee-baa6-03940031cdaf",
    "data": [
      {
        "text": "when was the last event?",
        "userDefined": false
      }
    ],
    "isTemplate": false,
    "count": 0,
    "updated": 1530290209
  },
  {
    "id": "93730459-17f4-460e-a631-c4ead80bb18e",
    "data": [
      {
        "text": "what was the last meetup?",
        "userDefined": false
      }
    ],
    "isTemplate": false,
    "count": 0,
    "updated": 1533834953
  },
  {
    "id": "6b7813c8-835e-4197-bf1a-1c5f6f0ae048",
    "data": [
      {
        "text": "last event",
        "userDefined": false
      }
    ],
    "isTemplate": false,
    "count": 0,
    "updated": 1533592810
  },
  {
    "id": "ea62662c-3fda-44bc-b99b-964606c284de",
    "data": [
      {
        "text": "tell me about the last meetup",
        "userDefined": false
      }
    ],
    "isTemplate": false,
    "count": 0,
    "updated": 1533834953
  },
  {
    "id": "efe4624e-dc9c-4b62-8551-7b4d275c85d4",
    "data": [
      {
        "text": "last ",
        "userDefined": false
      },
      {
        "text": "one",
        "meta": "@sys.ignore",
        "userDefined": false
      }
    ],
    "isTemplate": false,
    "count": 0,
    "updated": 1533242397
  },
  {
    "id": "e015b51e-e5c3-47d8-a42c-410eb101ef82",
    "data": [
      {
        "text": "I\u0027d like to know about the last event",
        "userDefined": false
      }
    ],
    "isTemplate": false,
    "count": 0,
    "updated": 1530290209
  }
]