[
  {
    "id": "e4bfb88d-340c-4dc7-8497-ad668b3dec15",
    "data": [
      {
        "text": "son etkinliği öğrenmek istiyorum",
        "userDefined": false
      }
    ],
    "isTemplate": false,
    "count": 0
  },
  {
    "id": "572aeffe-6229-4a88-acf5-b224fdf6c5c9",
    "data": [
      {
        "text": "en son etkinlik",
        "userDefined": false
      }
    ],
    "isTemplate": false,
    "count": 0
  },
  {
    "id": "e065895e-0866-4bfb-a6ae-93219d283eac",
    "data": [
      {
        "text": "son toplantıyı antlat",
        "userDefined": false
      }
    ],
    "isTemplate": false,
    "count": 0
  },
  {
    "id": "bed77a3b-d07f-4e8f-b5e0-f23a4e9ad475",
    "data": [
      {
        "text": "son etkinlik",
        "userDefined": false
      }
    ],
    "isTemplate": false,
    "count": 0
  },
  {
    "id": "29acd193-0be4-42ea-b576-d8664a84c714",
    "data": [
      {
        "text": "son etkinlik ne zamandı?",
        "userDefined": false
      }
    ],
    "isTemplate": false,
    "count": 0
  },
  {
    "id": "09c3b57b-3e43-49df-bcb9-fa126bc3517f",
    "data": [
      {
        "text": "son etkinlikten bahset",
        "userDefined": false
      }
    ],
    "isTemplate": false,
    "count": 0
  },
  {
    "id": "d898b97e-b0ae-4d0e-86ff-6b5004fdad94",
    "data": [
      {
        "text": "son toplantı",
        "userDefined": false
      }
    ],
    "isTemplate": false,
    "count": 1
  },
  {
    "id": "2b9d8074-4d6d-47ac-b501-5eb5748571e2",
    "data": [
      {
        "text": "son etkinliği anlat",
        "userDefined": false
      }
    ],
    "isTemplate": false,
    "count": 0
  },
  {
    "id": "7f014cbc-68c8-4f21-912d-a5856e463b35",
    "data": [
      {
        "text": "son etkinlik neydi?",
        "userDefined": false
      }
    ],
    "isTemplate": false,
    "count": 1
  }
]