[
  {
    "id": "93481a0f-5e00-49bd-8c1c-45b86ee697d6",
    "data": [
      {
        "text": "ultimo evento",
        "userDefined": false
      }
    ],
    "isTemplate": false,
    "count": 0,
    "updated": 1536886148
  },
  {
    "id": "3b24acb8-0a77-4ea4-bea8-729984092b93",
    "data": [
      {
        "text": "quando e\u0027 stato l\u0027ultimo evento?",
        "userDefined": false
      }
    ],
    "isTemplate": false,
    "count": 0,
    "updated": 1536886148
  },
  {
    "id": "8b842073-a0f6-485b-9cfc-dedbc9ae8335",
    "data": [
      {
        "text": "dimmi dell\u0027ultimo evento",
        "userDefined": false
      }
    ],
    "isTemplate": false,
    "count": 0,
    "updated": 1536886148
  },
  {
    "id": "6f7ddd6d-4a95-4d4e-bb87-5cca72b78e24",
    "data": [
      {
        "text": "ultimo meetup",
        "userDefined": false
      }
    ],
    "isTemplate": false,
    "count": 1,
    "updated": 1536886148
  },
  {
    "id": "d341a110-4e79-46f0-9473-0036052d7c03",
    "data": [
      {
        "text": "parlami dell\u0027ultimo meetup",
        "userDefined": false
      }
    ],
    "isTemplate": false,
    "count": 0,
    "updated": 1536886148
  },
  {
    "id": "245d24f0-8e34-4f1b-9925-ddeaf3e3f14b",
    "data": [
      {
        "text": "quando e\u0027 stata l\u0027ultima sessione?",
        "userDefined": false
      }
    ],
    "isTemplate": false,
    "count": 0,
    "updated": 1536886148
  },
  {
    "id": "2364fb34-4638-4a25-bd85-a9cc362f72bd",
    "data": [
      {
        "text": "evento passato",
        "userDefined": false
      }
    ],
    "isTemplate": false,
    "count": 0,
    "updated": 1536886148
  },
  {
    "id": "3884cd87-2848-4156-bf0f-eaaa89d08800",
    "data": [
      {
        "text": "vorrei sapere di piu\u0027 sull\u0027ultimo evento",
        "userDefined": false
      }
    ],
    "isTemplate": false,
    "count": 0,
    "updated": 1536886148
  },
  {
    "id": "86fc60b4-185f-4886-8f0c-2c518ba2a484",
    "data": [
      {
        "text": "ultimo",
        "userDefined": false
      }
    ],
    "isTemplate": false,
    "count": 0,
    "updated": 1536886148
  },
  {
    "id": "dba0f83e-be78-4d43-a311-1cf94f18aaa8",
    "data": [
      {
        "text": "parlami dell\u0027ultimo meeting",
        "userDefined": false
      }
    ],
    "isTemplate": false,
    "count": 0,
    "updated": 1536886148
  },
  {
    "id": "46c39bf9-543d-4745-a180-26480ab4fcd4",
    "data": [
      {
        "text": "quando e\u0027 stato l\u0027ultimo meetup?",
        "userDefined": false
      }
    ],
    "isTemplate": false,
    "count": 0,
    "updated": 1536886148
  },
  {
    "id": "d6d4ffb7-2e10-400a-be10-ebe68c91cb23",
    "data": [
      {
        "text": "quando e\u0027 stato l\u0027evento piu\u0027 recente?",
        "userDefined": false
      }
    ],
    "isTemplate": false,
    "count": 2,
    "updated": 1536886148
  },
  {
    "id": "919dc74b-5cdd-48c6-983f-46a9def787a5",
    "data": [
      {
        "text": "parlami dell\u0027ultimo evento",
        "userDefined": false
      }
    ],
    "isTemplate": false,
    "count": 0,
    "updated": 1536886148
  },
  {
    "id": "fa37a6a2-191f-49be-bd98-779dda8d858c",
    "data": [
      {
        "text": "ultimo meeting",
        "userDefined": false
      }
    ],
    "isTemplate": false,
    "count": 0,
    "updated": 1536886148
  }
]