[
  {
    "id": "130f6c33-dc5a-4e4a-8809-148c15ed5ad2",
    "data": [
      {
        "text": "最後の勉強会",
        "userDefined": false
      }
    ],
    "isTemplate": false,
    "count": 0,
    "updated": 1538584130
  },
  {
    "id": "95dccdfc-c9e9-4079-959c-64aef1c2401b",
    "data": [
      {
        "text": "最後のイベントについて教えて",
        "userDefined": false
      }
    ],
    "isTemplate": false,
    "count": 0,
    "updated": 1538584130
  },
  {
    "id": "53cd741a-a2ac-4852-b83b-7e706077b570",
    "data": [
      {
        "text": "過去のイベント",
        "userDefined": false
      }
    ],
    "isTemplate": false,
    "count": 0,
    "updated": 1538584130
  },
  {
    "id": "533d4b75-4256-407c-a405-5f15f6c0f649",
    "data": [
      {
        "text": "最後のセッションは何でしたか？",
        "userDefined": false
      }
    ],
    "isTemplate": false,
    "count": 0,
    "updated": 1538584130
  },
  {
    "id": "6cfaecb3-f132-4998-a644-b8228284565d",
    "data": [
      {
        "text": "最後の勉強会について教えて",
        "userDefined": false
      }
    ],
    "isTemplate": false,
    "count": 0,
    "updated": 1538584130
  },
  {
    "id": "8c7d5fa4-5377-4d91-9891-b83b028ad0e8",
    "data": [
      {
        "text": "最後のイベントについて知りたい。",
        "userDefined": false
      }
    ],
    "isTemplate": false,
    "count": 0,
    "updated": 1538584130
  },
  {
    "id": "7ae201a9-c240-4b04-831c-2f1d0aaf21a5",
    "data": [
      {
        "text": "最後のイベント",
        "userDefined": false
      }
    ],
    "isTemplate": false,
    "count": 0,
    "updated": 1538584130
  },
  {
    "id": "72e4042a-12da-4332-bbb6-b68925686da4",
    "data": [
      {
        "text": "最後のイベントについて聞きたい。",
        "userDefined": false
      }
    ],
    "isTemplate": false,
    "count": 0,
    "updated": 1538584130
  },
  {
    "id": "fb68e7b8-fd4f-4603-b1a7-d865e0492ccd",
    "data": [
      {
        "text": "最後",
        "userDefined": false
      }
    ],
    "isTemplate": false,
    "count": 0,
    "updated": 1538584130
  },
  {
    "id": "89c9c71b-7420-4bac-8d4b-6491f441fa07",
    "data": [
      {
        "text": "最後のミートアップについて教えて",
        "userDefined": false
      }
    ],
    "isTemplate": false,
    "count": 0,
    "updated": 1538584130
  },
  {
    "id": "b0ab744a-b091-418d-b9f2-8a0638cc0ab5",
    "data": [
      {
        "text": "最後のミートアップ",
        "userDefined": false
      }
    ],
    "isTemplate": false,
    "count": 0,
    "updated": 1538584130
  },
  {
    "id": "507c9080-a68c-443b-bca0-3433574440c4",
    "data": [
      {
        "text": "最後のミートアップは何でしたか？",
        "userDefined": false
      }
    ],
    "isTemplate": false,
    "count": 0,
    "updated": 1538584130
  },
  {
    "id": "cf458bf2-f3ae-4a95-b4eb-26e82276e261",
    "data": [
      {
        "text": "最後のイベントはいつでしたか？",
        "userDefined": false
      }
    ],
    "isTemplate": false,
    "count": 0,
    "updated": 1538584130
  }
]