[
  {
    "id": "e1847c0f-3d41-4e04-9043-3e940bbe4225",
    "data": [
      {
        "text": "how big is the group?",
        "userDefined": false
      }
    ],
    "isTemplate": false,
    "count": 0,
    "updated": 1530290235
  },
  {
    "id": "18b0087e-e827-4d93-8a68-aaf1a183294b",
    "data": [
      {
        "text": "tell me about how many people are in the group",
        "userDefined": false
      }
    ],
    "isTemplate": false,
    "count": 0,
    "updated": 1533835012
  },
  {
    "id": "e4e78da1-474b-44ee-ac44-28ef8ba4ea80",
    "data": [
      {
        "text": "gdg members",
        "userDefined": false
      }
    ],
    "isTemplate": false,
    "count": 0,
    "updated": 1530290235
  },
  {
    "id": "ef13983e-afe9-42b0-8e61-5ac0e1bfad53",
    "data": [
      {
        "text": "members",
        "userDefined": false
      }
    ],
    "isTemplate": false,
    "count": 1,
    "updated": 1530290235
  },
  {
    "id": "f25dd0ff-7f58-4d61-a3c0-319816d1186a",
    "data": [
      {
        "text": "# of members",
        "userDefined": false
      }
    ],
    "isTemplate": false,
    "count": 0,
    "updated": 1533853575
  },
  {
    "id": "33904589-01d9-413c-ad45-555fa291dc88",
    "data": [
      {
        "text": "number of members",
        "userDefined": false
      }
    ],
    "isTemplate": false,
    "count": 0,
    "updated": 1530290235
  },
  {
    "id": "d0f2e81a-65b4-4e31-a470-820dbe009b88",
    "data": [
      {
        "text": "how many members?",
        "userDefined": false
      }
    ],
    "isTemplate": false,
    "count": 1,
    "updated": 1530290235
  },
  {
    "id": "65409dc0-7243-476b-a34f-4efd0d1f1015",
    "data": [
      {
        "text": "what is the number of people in the group?",
        "userDefined": false
      }
    ],
    "isTemplate": false,
    "count": 0,
    "updated": 1530290235
  },
  {
    "id": "f2f7a32d-4dfb-4fe3-bce2-010830cbf3a2",
    "data": [
      {
        "text": "I want to know how many members joined the gdg",
        "userDefined": false
      }
    ],
    "isTemplate": false,
    "count": 0,
    "updated": 1530290235
  }
]