[
  {
    "id": "71fc5ed4-6df0-4cc0-98cd-646b831809fc",
    "data": [
      {
        "text": "Quero saber quantas pessoas entraram pro grupo",
        "userDefined": false
      }
    ],
    "isTemplate": false,
    "count": 0
  },
  {
    "id": "68d6873d-3f9c-4109-805d-10d8e4ee37db",
    "data": [
      {
        "text": "Qual é o número de pessoas nesse grupo?",
        "userDefined": false
      }
    ],
    "isTemplate": false,
    "count": 0
  },
  {
    "id": "60817bdb-c207-4c44-a7c3-d279eba89b09",
    "data": [
      {
        "text": "Quantos membros?",
        "userDefined": false
      }
    ],
    "isTemplate": false,
    "count": 0
  },
  {
    "id": "20f06f85-4025-43f9-ae2d-da938082c847",
    "data": [
      {
        "text": "número de membros",
        "userDefined": false
      }
    ],
    "isTemplate": false,
    "count": 1
  },
  {
    "id": "eb30f229-e93b-4f41-9f35-d6aeb52b74a2",
    "data": [
      {
        "text": "Membros do GDG",
        "userDefined": false
      }
    ],
    "isTemplate": false,
    "count": 0
  },
  {
    "id": "4969bfe3-ab00-4356-a26b-5885ce58249d",
    "data": [
      {
        "text": "me diga quantas pessoas fazem parte desse grupo?",
        "userDefined": false
      }
    ],
    "isTemplate": false,
    "count": 0
  },
  {
    "id": "ea8c8f42-daf1-4532-85df-dd3a10920880",
    "data": [
      {
        "text": "Qual o tamanho desse grupo?",
        "userDefined": false
      }
    ],
    "isTemplate": false,
    "count": 0
  }
]