[
  {
    "id": "d19ccc1a-6bd9-4496-a6fe-8c0629f5e248",
    "data": [
      {
        "text": "grupta kaç kişi var?",
        "userDefined": false
      }
    ],
    "isTemplate": false,
    "count": 0
  },
  {
    "id": "e2ed651b-3650-410a-85e2-e523e9bb09fb",
    "data": [
      {
        "text": "kaç üyeniz var?",
        "userDefined": false
      }
    ],
    "isTemplate": false,
    "count": 0
  },
  {
    "id": "63f8e3b3-acd8-483f-a114-74435a263468",
    "data": [
      {
        "text": "üye adedi",
        "userDefined": false
      }
    ],
    "isTemplate": false,
    "count": 0
  },
  {
    "id": "26de4580-6f86-4d35-bf60-faa9d7edf669",
    "data": [
      {
        "text": "grubunuz ne kadar büyük?",
        "userDefined": false
      }
    ],
    "isTemplate": false,
    "count": 0
  },
  {
    "id": "f6c14445-ce63-46ee-ac06-4c8d0904662a",
    "data": [
      {
        "text": "bu GDG\u0027ye kaç kişinin katıldığını bilmek istiyorum",
        "userDefined": false
      }
    ],
    "isTemplate": false,
    "count": 0
  },
  {
    "id": "b5cfab97-6d05-444d-b4a2-53194577cc13",
    "data": [
      {
        "text": "gdg üyeleri",
        "userDefined": false
      }
    ],
    "isTemplate": false,
    "count": 0
  },
  {
    "id": "654a10c1-4f01-478c-824d-c118a931ea6a",
    "data": [
      {
        "text": "grupta kaç kişi olduğunu söyle",
        "userDefined": false
      }
    ],
    "isTemplate": false,
    "count": 0
  },
  {
    "id": "5c0ab398-9567-47d4-8c5a-b900521977fc",
    "data": [
      {
        "text": "üye sayısı",
        "userDefined": false
      }
    ],
    "isTemplate": false,
    "count": 0
  }
]