[
  {
    "id": "79c6b4b2-381f-4a3f-b4d5-b9397a4eb4a7",
    "data": [
      {
        "text": "メンバーの数",
        "userDefined": false
      }
    ],
    "isTemplate": false,
    "count": 0,
    "updated": 1538584198
  },
  {
    "id": "a43a2be0-39a0-41b6-9a8a-08c5c9184643",
    "data": [
      {
        "text": "グループの人数は何人ですか？",
        "userDefined": false
      }
    ],
    "isTemplate": false,
    "count": 0,
    "updated": 1538584198
  },
  {
    "id": "f84ccbe2-22ac-4655-8eb3-6e3a0837a0ed",
    "data": [
      {
        "text": "メンバーの人数",
        "userDefined": false
      }
    ],
    "isTemplate": false,
    "count": 0,
    "updated": 1538584198
  },
  {
    "id": "25cabf95-f6d2-42e4-8c66-8f811433b508",
    "data": [
      {
        "text": "GDGに参加している人数を知りたいです。",
        "userDefined": false
      }
    ],
    "isTemplate": false,
    "count": 0,
    "updated": 1538584198
  },
  {
    "id": "971b258d-22ce-40f8-b420-cba84dc23296",
    "data": [
      {
        "text": "メンバーの人数は？",
        "userDefined": false
      }
    ],
    "isTemplate": false,
    "count": 0,
    "updated": 1538584198
  },
  {
    "id": "eed486aa-fc5b-4b99-8193-9e8513837799",
    "data": [
      {
        "text": "グループの人数を教えて。",
        "userDefined": false
      }
    ],
    "isTemplate": false,
    "count": 0,
    "updated": 1538584198
  },
  {
    "id": "55340ff7-86bb-43fd-ac32-4aa27e6b5357",
    "data": [
      {
        "text": "GDGメンバー",
        "userDefined": false
      }
    ],
    "isTemplate": false,
    "count": 0,
    "updated": 1538584198
  },
  {
    "id": "a449c3e4-b028-4909-b87c-b97f5665cbc2",
    "data": [
      {
        "text": "グループの大きさはどれくらいですか？",
        "userDefined": false
      }
    ],
    "isTemplate": false,
    "count": 0,
    "updated": 1538584198
  }
]