[
  {
    "id": "82e6dd07-c85f-43a6-96d9-8cfb5288f848",
    "data": [
      {
        "text": "Quiero saber cuántos miembros se unieron al gdg",
        "userDefined": false
      }
    ],
    "isTemplate": false,
    "count": 0,
    "updated": 1536945417
  },
  {
    "id": "63b44807-6ed6-4c67-93e2-7209f649abb4",
    "data": [
      {
        "text": "¿Cuál es el número de personas en el grupo?",
        "userDefined": false
      }
    ],
    "isTemplate": false,
    "count": 0,
    "updated": 1536945417
  },
  {
    "id": "4901e2ec-3cf3-4138-8153-cff7dc0f1765",
    "data": [
      {
        "text": "¿cuántos miembros?",
        "userDefined": false
      }
    ],
    "isTemplate": false,
    "count": 0,
    "updated": 1536945417
  },
  {
    "id": "5ec38e87-9a19-4599-bef7-7d30fc7b1550",
    "data": [
      {
        "text": "Número de miembros",
        "userDefined": false
      }
    ],
    "isTemplate": false,
    "count": 0,
    "updated": 1533922532
  },
  {
    "id": "5afd919e-8c0a-43bd-8f91-120146912651",
    "data": [
      {
        "text": "# de miembros",
        "userDefined": false
      }
    ],
    "isTemplate": false,
    "count": 0,
    "updated": 1536945417
  },
  {
    "id": "51789b10-87bf-4319-bdb6-a38e57cb2907",
    "data": [
      {
        "text": "miembros de gdg",
        "userDefined": false
      }
    ],
    "isTemplate": false,
    "count": 0,
    "updated": 1536945417
  },
  {
    "id": "ca378c0f-3a93-4a7a-89ee-c6fb4a887150",
    "data": [
      {
        "text": "Cuéntame cuántas personas ",
        "userDefined": false
      },
      {
        "text": "hay",
        "meta": "@sys.ignore",
        "userDefined": false
      },
      {
        "text": " en el grupo",
        "userDefined": false
      }
    ],
    "isTemplate": false,
    "count": 0,
    "updated": 1536945417
  },
  {
    "id": "d1ff95b6-5a1c-41e9-8b0e-15e8d145528c",
    "data": [
      {
        "text": "¿Qué tan grande es el grupo?",
        "userDefined": false
      }
    ],
    "isTemplate": false,
    "count": 1,
    "updated": 1536945417
  }
]