[
  {
    "id": "be585e7c-844d-49d3-9301-7078128e083f",
    "data": [
      {
        "text": "Ich möchte ",
        "userDefined": false
      },
      {
        "text": "wissen",
        "meta": "@sys.ignore",
        "userDefined": false
      },
      {
        "text": ", wie viele Mitglieder der GDG beigetreten sind",
        "userDefined": false
      }
    ],
    "isTemplate": false,
    "count": 0,
    "updated": 1538195708
  },
  {
    "id": "69c0e04b-e1df-4fa2-a512-bd9fdae9cbb1",
    "data": [
      {
        "text": "Wie viele Mitglieder sind in der Gruppe",
        "userDefined": false
      }
    ],
    "isTemplate": false,
    "count": 0,
    "updated": 1538195708
  },
  {
    "id": "22145441-d123-4af4-93d3-bf9de4ca715e",
    "data": [
      {
        "text": "Wie viele Mitglieder",
        "userDefined": false
      }
    ],
    "isTemplate": false,
    "count": 0,
    "updated": 1538195708
  },
  {
    "id": "6bbdf29f-e40c-4225-b9fb-3979cf5fc34d",
    "data": [
      {
        "text": "Anzahl von Mitgliedern",
        "userDefined": false
      }
    ],
    "isTemplate": false,
    "count": 0,
    "updated": 1538195708
  },
  {
    "id": "fb7fa331-8eda-4bfc-aacd-8cdbbbd1f343",
    "data": [
      {
        "text": "# von Mitgliedern",
        "userDefined": false
      }
    ],
    "isTemplate": false,
    "count": 0,
    "updated": 1538195708
  },
  {
    "id": "820ebc95-264e-4bb4-bbcc-74f1de3c364c",
    "data": [
      {
        "text": "GDG Mitglieder",
        "userDefined": false
      }
    ],
    "isTemplate": false,
    "count": 0,
    "updated": 1538195708
  },
  {
    "id": "aa6448e5-3c9f-4ecb-9717-51595cf341f3",
    "data": [
      {
        "text": "Erzähl mir mehr darüber, wieviele Mitglieder die Gruppe hat",
        "userDefined": false
      }
    ],
    "isTemplate": false,
    "count": 0,
    "updated": 1538195708
  },
  {
    "id": "e520ac8f-5763-4117-ac97-3835f1d57324",
    "data": [
      {
        "text": "Wie groß ist die Gruppe",
        "userDefined": false
      }
    ],
    "isTemplate": false,
    "count": 0,
    "updated": 1538195708
  }
]