[
  {
    "id": "f8f802d9-259c-46cb-9677-81d42744820c",
    "data": [
      {
        "text": "grupta kaç kişi var?",
        "userDefined": false
      }
    ],
    "isTemplate": false,
    "count": 0
  },
  {
    "id": "04448b55-0854-49d5-a310-9183f4af5447",
    "data": [
      {
        "text": "kaç üyeniz var?",
        "userDefined": false
      }
    ],
    "isTemplate": false,
    "count": 0
  },
  {
    "id": "c8ec2320-4f0d-4747-a506-2c5fef0f201c",
    "data": [
      {
        "text": "üye adedi",
        "userDefined": false
      }
    ],
    "isTemplate": false,
    "count": 0
  },
  {
    "id": "efac2b82-597b-4b92-8179-ae25aa53398b",
    "data": [
      {
        "text": "grubunuz ne kadar büyük?",
        "userDefined": false
      }
    ],
    "isTemplate": false,
    "count": 0
  },
  {
    "id": "69a4efb0-05ec-49c9-92af-c333ab4826a8",
    "data": [
      {
        "text": "bu GDG\u0027ye kaç kişinin katıldığını bilmek istiyorum",
        "userDefined": false
      }
    ],
    "isTemplate": false,
    "count": 0
  },
  {
    "id": "93f51f3c-4ba1-464f-8e03-68a26daa06a3",
    "data": [
      {
        "text": "gdg üyeleri",
        "userDefined": false
      }
    ],
    "isTemplate": false,
    "count": 0
  },
  {
    "id": "ec1d19aa-dc32-4fca-8d02-2e8c11ecf5ce",
    "data": [
      {
        "text": "grupta kaç kişi olduğunu söyle",
        "userDefined": false
      }
    ],
    "isTemplate": false,
    "count": 0
  },
  {
    "id": "e3f96bfb-2230-4f82-b39e-caeb6907f3b1",
    "data": [
      {
        "text": "üye sayısı",
        "userDefined": false
      }
    ],
    "isTemplate": false,
    "count": 0
  }
]