[
  {
    "id": "aaa2c61a-a1de-48b1-ada3-f34000276c47",
    "data": [
      {
        "text": "how big is the group?",
        "userDefined": false
      }
    ],
    "isTemplate": false,
    "count": 0,
    "updated": 1530290235
  },
  {
    "id": "4da06374-e210-45e8-9e6f-cebedb85f339",
    "data": [
      {
        "text": "tell me about how many people are in the group",
        "userDefined": false
      }
    ],
    "isTemplate": false,
    "count": 0,
    "updated": 1533835012
  },
  {
    "id": "a561a842-16b7-46f6-89a0-cf53d0654d39",
    "data": [
      {
        "text": "gdg members",
        "userDefined": false
      }
    ],
    "isTemplate": false,
    "count": 0,
    "updated": 1530290235
  },
  {
    "id": "dd235d8e-cacd-4f47-ba03-0b76076f79ae",
    "data": [
      {
        "text": "members",
        "userDefined": false
      }
    ],
    "isTemplate": false,
    "count": 1,
    "updated": 1530290235
  },
  {
    "id": "e759c1c9-6719-4ccf-ad93-44cf0865469b",
    "data": [
      {
        "text": "# of members",
        "userDefined": false
      }
    ],
    "isTemplate": false,
    "count": 0,
    "updated": 1533853575
  },
  {
    "id": "52b886e5-1db9-4734-baa7-9ab50dd9fa77",
    "data": [
      {
        "text": "number of members",
        "userDefined": false
      }
    ],
    "isTemplate": false,
    "count": 0,
    "updated": 1530290235
  },
  {
    "id": "1d317b59-81a3-4902-90ed-b8ca4a852a8e",
    "data": [
      {
        "text": "how many members?",
        "userDefined": false
      }
    ],
    "isTemplate": false,
    "count": 1,
    "updated": 1530290235
  },
  {
    "id": "aaed0ec8-0642-4d86-852d-c2a72af82484",
    "data": [
      {
        "text": "what is the number of people in the group?",
        "userDefined": false
      }
    ],
    "isTemplate": false,
    "count": 0,
    "updated": 1530290235
  },
  {
    "id": "b482cafe-ff9c-40e6-978e-befbc737eb4d",
    "data": [
      {
        "text": "I want to know how many members joined the gdg",
        "userDefined": false
      }
    ],
    "isTemplate": false,
    "count": 0,
    "updated": 1530290235
  }
]