[
  {
    "id": "3b971086-42df-489e-94e2-d83a0bc46c0d",
    "data": [
      {
        "text": "Ich möchte ",
        "userDefined": false
      },
      {
        "text": "wissen",
        "meta": "@sys.ignore",
        "userDefined": false
      },
      {
        "text": ", wie viele Mitglieder der GDG beigetreten sind",
        "userDefined": false
      }
    ],
    "isTemplate": false,
    "count": 0,
    "updated": 1538195708
  },
  {
    "id": "c53aee67-4032-4143-ad99-35d11d6861f3",
    "data": [
      {
        "text": "Wie groß ist die Gruppe",
        "userDefined": false
      }
    ],
    "isTemplate": false,
    "count": 0,
    "updated": 1538195708
  },
  {
    "id": "8b0efb48-87f5-4c6d-a228-c595a956798d",
    "data": [
      {
        "text": "GDG Mitglieder",
        "userDefined": false
      }
    ],
    "isTemplate": false,
    "count": 0,
    "updated": 1538195708
  },
  {
    "id": "d64d5743-5c5d-40bd-ad40-e44ab85f7236",
    "data": [
      {
        "text": "Wie viele Mitglieder",
        "userDefined": false
      }
    ],
    "isTemplate": false,
    "count": 0,
    "updated": 1538195708
  },
  {
    "id": "1b3ff715-2309-4d82-a6b7-55fbffa70e65",
    "data": [
      {
        "text": "# von Mitgliedern",
        "userDefined": false
      }
    ],
    "isTemplate": false,
    "count": 0,
    "updated": 1538195708
  },
  {
    "id": "94469856-fccd-441f-abde-5ddebbca0dbb",
    "data": [
      {
        "text": "Wie viele Mitglieder sind in der Gruppe",
        "userDefined": false
      }
    ],
    "isTemplate": false,
    "count": 0,
    "updated": 1538195708
  },
  {
    "id": "264d9d90-50e0-4cfc-af16-08ebbac8bbda",
    "data": [
      {
        "text": "Anzahl von Mitgliedern",
        "userDefined": false
      }
    ],
    "isTemplate": false,
    "count": 0,
    "updated": 1538195708
  },
  {
    "id": "3f3f3c33-08b4-4482-832c-bfca3db60a6b",
    "data": [
      {
        "text": "Erzähl mir mehr darüber, wieviele Mitglieder die Gruppe hat",
        "userDefined": false
      }
    ],
    "isTemplate": false,
    "count": 0,
    "updated": 1538195708
  }
]