[
  {
    "id": "5016157f-8ff1-4453-a509-145ed43ec4eb",
    "data": [
      {
        "text": "Quero saber quantas pessoas entraram pro grupo",
        "userDefined": false
      }
    ],
    "isTemplate": false,
    "count": 0
  },
  {
    "id": "070a0cbc-e4b3-4c82-aec0-9e87dd303f1b",
    "data": [
      {
        "text": "Qual é o número de pessoas nesse grupo?",
        "userDefined": false
      }
    ],
    "isTemplate": false,
    "count": 0
  },
  {
    "id": "8b655f9a-350c-40f4-8baf-a90b2b8d73e8",
    "data": [
      {
        "text": "Quantos membros?",
        "userDefined": false
      }
    ],
    "isTemplate": false,
    "count": 0
  },
  {
    "id": "95b096a9-b202-499f-a35f-bef06fac3d22",
    "data": [
      {
        "text": "número de membros",
        "userDefined": false
      }
    ],
    "isTemplate": false,
    "count": 1
  },
  {
    "id": "dd5e7d1c-e86c-4cfd-8410-74b44f8235b6",
    "data": [
      {
        "text": "Membros do GDG",
        "userDefined": false
      }
    ],
    "isTemplate": false,
    "count": 0
  },
  {
    "id": "01fdbdcc-ab32-4585-8706-fbedf5ab96c8",
    "data": [
      {
        "text": "me diga quantas pessoas fazem parte desse grupo?",
        "userDefined": false
      }
    ],
    "isTemplate": false,
    "count": 0
  },
  {
    "id": "96f780af-23ed-4936-a44a-f1b5f014df91",
    "data": [
      {
        "text": "Qual o tamanho desse grupo?",
        "userDefined": false
      }
    ],
    "isTemplate": false,
    "count": 0
  }
]