[
  {
    "id": "44f22d7e-b270-49bc-b40d-2b00a97bc998",
    "data": [
      {
        "text": "voglio sapere quanti sono i membri del gdg",
        "userDefined": false
      }
    ],
    "isTemplate": false,
    "count": 0,
    "updated": 1536886202
  },
  {
    "id": "48180e73-5f67-42e3-a3f4-e1f2c35ec9e6",
    "data": [
      {
        "text": "quante persone ci sono nel gruppo?",
        "userDefined": false
      }
    ],
    "isTemplate": false,
    "count": 1,
    "updated": 1536886202
  },
  {
    "id": "8a93ba50-3067-449b-8f3c-147f2e91840a",
    "data": [
      {
        "text": "quanti membri?",
        "userDefined": false
      }
    ],
    "isTemplate": false,
    "count": 0,
    "updated": 1536886202
  },
  {
    "id": "027f309b-652f-4f22-9322-369994c8615a",
    "data": [
      {
        "text": "numero di membri",
        "userDefined": false
      }
    ],
    "isTemplate": false,
    "count": 0,
    "updated": 1536886202
  },
  {
    "id": "962e3f95-034b-4ee4-ae1e-c060f6a4e7ab",
    "data": [
      {
        "text": "# di membri",
        "userDefined": false
      }
    ],
    "isTemplate": false,
    "count": 0,
    "updated": 1536886202
  },
  {
    "id": "06fe54e8-8c64-4100-bb2e-d51eb456cd06",
    "data": [
      {
        "text": "membri del gdg",
        "userDefined": false
      }
    ],
    "isTemplate": false,
    "count": 0,
    "updated": 1536886202
  },
  {
    "id": "efe9c7d0-a1b7-46f5-97ce-1e56f8c19d12",
    "data": [
      {
        "text": "dimmi quante persone ci sono nel gruppo",
        "userDefined": false
      }
    ],
    "isTemplate": false,
    "count": 0,
    "updated": 1536886202
  },
  {
    "id": "16bb8837-0b19-4d71-88dc-cb434d2bfada",
    "data": [
      {
        "text": "quanto e\u0027 grande il gruppo?",
        "userDefined": false
      }
    ],
    "isTemplate": false,
    "count": 0,
    "updated": 1536886202
  },
  {
    "id": "92d6e12d-bf86-4416-b32f-4476b2a6c2f9",
    "data": [
      {
        "text": "persone nel gruppo",
        "userDefined": false
      }
    ],
    "isTemplate": false,
    "count": 0,
    "updated": 1536886202
  },
  {
    "id": "984f4685-03f4-439a-8195-4f58a3af478a",
    "data": [
      {
        "text": "membri",
        "userDefined": false
      }
    ],
    "isTemplate": false,
    "count": 0,
    "updated": 1536886202
  },
  {
    "id": "6daa9125-aad4-4d48-ac52-cd84a7b4573a",
    "data": [
      {
        "text": "quanto e\u0027 grande il gdg?",
        "userDefined": false
      }
    ],
    "isTemplate": false,
    "count": 0,
    "updated": 1536886202
  },
  {
    "id": "c1f6577e-06c2-49e9-ad50-5694fa053e71",
    "data": [
      {
        "text": "vorrei sapere quante persone fanno parte del gdg",
        "userDefined": false
      }
    ],
    "isTemplate": false,
    "count": 0,
    "updated": 1536886202
  },
  {
    "id": "9462df90-3d70-4f06-a43e-c40abd511191",
    "data": [
      {
        "text": "quanti sono i membri del gdg?",
        "userDefined": false
      }
    ],
    "isTemplate": false,
    "count": 1,
    "updated": 1536886202
  }
]