[
  {
    "id": "ae1b6558-22f0-408d-be59-0b2b3dbe610f",
    "data": [
      {
        "text": "Quiero saber cuántos miembros se unieron al gdg",
        "userDefined": false
      }
    ],
    "isTemplate": false,
    "count": 0,
    "updated": 1536945417
  },
  {
    "id": "43a83d2f-27f5-45ef-b335-cfc904267006",
    "data": [
      {
        "text": "¿Cuál es el número de personas en el grupo?",
        "userDefined": false
      }
    ],
    "isTemplate": false,
    "count": 0,
    "updated": 1536945417
  },
  {
    "id": "519fd3df-5eef-4c54-b272-5766f057f7cd",
    "data": [
      {
        "text": "¿cuántos miembros?",
        "userDefined": false
      }
    ],
    "isTemplate": false,
    "count": 0,
    "updated": 1536945417
  },
  {
    "id": "bd58623f-d027-48e2-a48a-68fcdb42f9f3",
    "data": [
      {
        "text": "Número de miembros",
        "userDefined": false
      }
    ],
    "isTemplate": false,
    "count": 0,
    "updated": 1533922532
  },
  {
    "id": "4885a28c-28e4-4a12-9c8f-5423d8b4c60e",
    "data": [
      {
        "text": "# de miembros",
        "userDefined": false
      }
    ],
    "isTemplate": false,
    "count": 0,
    "updated": 1536945417
  },
  {
    "id": "24ae2d5c-9c68-4ed9-880f-1cc5e1c9769d",
    "data": [
      {
        "text": "miembros de gdg",
        "userDefined": false
      }
    ],
    "isTemplate": false,
    "count": 0,
    "updated": 1536945417
  },
  {
    "id": "0f56a14f-e7f6-4064-97bb-dd4080cd3774",
    "data": [
      {
        "text": "Cuéntame cuántas personas ",
        "userDefined": false
      },
      {
        "text": "hay",
        "meta": "@sys.ignore",
        "userDefined": false
      },
      {
        "text": " en el grupo",
        "userDefined": false
      }
    ],
    "isTemplate": false,
    "count": 0,
    "updated": 1536945417
  },
  {
    "id": "bf4ca141-b233-46e1-985c-d24c58477704",
    "data": [
      {
        "text": "¿Qué tan grande es el grupo?",
        "userDefined": false
      }
    ],
    "isTemplate": false,
    "count": 1,
    "updated": 1536945417
  }
]