[
  {
    "id": "47e39407-7b76-4428-834f-028a716a6148",
    "data": [
      {
        "text": "Ich möchte ",
        "userDefined": false
      },
      {
        "text": "wissen",
        "meta": "@sys.ignore",
        "userDefined": false
      },
      {
        "text": ", wie viele Mitglieder der GDG beigetreten sind",
        "userDefined": false
      }
    ],
    "isTemplate": false,
    "count": 0,
    "updated": 1538195708
  },
  {
    "id": "36376e11-3b5f-46a0-8e0d-69c4b7bc9627",
    "data": [
      {
        "text": "Wie viele Mitglieder sind in der Gruppe",
        "userDefined": false
      }
    ],
    "isTemplate": false,
    "count": 0,
    "updated": 1538195708
  },
  {
    "id": "28fd2675-30e5-4d0e-bccb-7c55076ba463",
    "data": [
      {
        "text": "Wie viele Mitglieder",
        "userDefined": false
      }
    ],
    "isTemplate": false,
    "count": 0,
    "updated": 1538195708
  },
  {
    "id": "84611674-5c21-4f50-a016-6b03d7386f2a",
    "data": [
      {
        "text": "Anzahl von Mitgliedern",
        "userDefined": false
      }
    ],
    "isTemplate": false,
    "count": 0,
    "updated": 1538195708
  },
  {
    "id": "800505c6-71f5-47ef-80e9-fb8f6e68b916",
    "data": [
      {
        "text": "# von Mitgliedern",
        "userDefined": false
      }
    ],
    "isTemplate": false,
    "count": 0,
    "updated": 1538195708
  },
  {
    "id": "00a77e0e-5bb8-48fc-95e4-1e0f18a033ea",
    "data": [
      {
        "text": "GDG Mitglieder",
        "userDefined": false
      }
    ],
    "isTemplate": false,
    "count": 0,
    "updated": 1538195708
  },
  {
    "id": "14268353-d52b-428f-97a1-d39a0e56b0d0",
    "data": [
      {
        "text": "Erzähl mir mehr darüber, wieviele Mitglieder die Gruppe hat",
        "userDefined": false
      }
    ],
    "isTemplate": false,
    "count": 0,
    "updated": 1538195708
  },
  {
    "id": "986a34b1-f143-42fb-9291-1bbb5b08b37b",
    "data": [
      {
        "text": "Wie groß ist die Gruppe",
        "userDefined": false
      }
    ],
    "isTemplate": false,
    "count": 0,
    "updated": 1538195708
  }
]