[
  {
    "id": "95b9c004-1d2c-474d-ba8e-989e0c0350c4",
    "data": [
      {
        "text": "GDGに参加している人数を知りたいです。",
        "userDefined": false
      }
    ],
    "isTemplate": false,
    "count": 0,
    "updated": 1538584198
  },
  {
    "id": "90a1707d-016e-484a-8fd7-e25ae1075b99",
    "data": [
      {
        "text": "グループの人数は何人ですか？",
        "userDefined": false
      }
    ],
    "isTemplate": false,
    "count": 0,
    "updated": 1538584198
  },
  {
    "id": "f4aa6b36-84be-4f8e-b472-6da3a7798a00",
    "data": [
      {
        "text": "メンバーの人数は？",
        "userDefined": false
      }
    ],
    "isTemplate": false,
    "count": 0,
    "updated": 1538584198
  },
  {
    "id": "fa666d00-3eb5-4f58-81c7-69bdca0d9870",
    "data": [
      {
        "text": "メンバーの数",
        "userDefined": false
      }
    ],
    "isTemplate": false,
    "count": 0,
    "updated": 1538584198
  },
  {
    "id": "80202d5f-b572-464a-a69b-5b7ea51f0b06",
    "data": [
      {
        "text": "メンバーの人数",
        "userDefined": false
      }
    ],
    "isTemplate": false,
    "count": 0,
    "updated": 1538584198
  },
  {
    "id": "fc355b39-e8c9-41ad-a8b6-8e8158e05b85",
    "data": [
      {
        "text": "GDGメンバー",
        "userDefined": false
      }
    ],
    "isTemplate": false,
    "count": 0,
    "updated": 1538584198
  },
  {
    "id": "6819b40a-b4be-44b9-aeef-f30dcc89fe0b",
    "data": [
      {
        "text": "グループの人数を教えて。",
        "userDefined": false
      }
    ],
    "isTemplate": false,
    "count": 0,
    "updated": 1538584198
  },
  {
    "id": "5d56f982-c624-45f3-a285-4e31192bde9b",
    "data": [
      {
        "text": "グループの大きさはどれくらいですか？",
        "userDefined": false
      }
    ],
    "isTemplate": false,
    "count": 0,
    "updated": 1538584198
  }
]