[
  {
    "id": "ccb3fc42-0034-4b8b-b2a1-1e66d62f3be5",
    "data": [
      {
        "text": "how big is the group?",
        "userDefined": false
      }
    ],
    "isTemplate": false,
    "count": 0,
    "updated": 1530290235
  },
  {
    "id": "7e2aefe0-e16e-4d66-92d3-aaa4be6f477a",
    "data": [
      {
        "text": "tell me about how many people are in the group",
        "userDefined": false
      }
    ],
    "isTemplate": false,
    "count": 0,
    "updated": 1533835012
  },
  {
    "id": "8637d783-56ab-488c-bcdf-2506030ceeb8",
    "data": [
      {
        "text": "gdg members",
        "userDefined": false
      }
    ],
    "isTemplate": false,
    "count": 0,
    "updated": 1530290235
  },
  {
    "id": "b3150f7a-b661-4083-bd5b-26153f63f16f",
    "data": [
      {
        "text": "members",
        "userDefined": false
      }
    ],
    "isTemplate": false,
    "count": 1,
    "updated": 1530290235
  },
  {
    "id": "1475b8ac-d33f-4f84-962d-21ac77b07862",
    "data": [
      {
        "text": "# of members",
        "userDefined": false
      }
    ],
    "isTemplate": false,
    "count": 0,
    "updated": 1533853575
  },
  {
    "id": "5af3d6a1-1fbe-4919-8174-8335da68c1b4",
    "data": [
      {
        "text": "number of members",
        "userDefined": false
      }
    ],
    "isTemplate": false,
    "count": 0,
    "updated": 1530290235
  },
  {
    "id": "d4111dda-be6e-4837-9c51-d1d3fb4410ad",
    "data": [
      {
        "text": "how many members?",
        "userDefined": false
      }
    ],
    "isTemplate": false,
    "count": 1,
    "updated": 1530290235
  },
  {
    "id": "a0f1ff22-ec10-4ddb-b4e8-affca97bc9ad",
    "data": [
      {
        "text": "what is the number of people in the group?",
        "userDefined": false
      }
    ],
    "isTemplate": false,
    "count": 0,
    "updated": 1530290235
  },
  {
    "id": "99415bc6-d4f7-4697-8eec-6d2601195419",
    "data": [
      {
        "text": "I want to know how many members joined the gdg",
        "userDefined": false
      }
    ],
    "isTemplate": false,
    "count": 0,
    "updated": 1530290235
  }
]