[
  {
    "id": "587031eb-f692-4c51-9d24-5a3c1f44fd0f",
    "data": [
      {
        "text": "voglio sapere quanti sono i membri del gdg",
        "userDefined": false
      }
    ],
    "isTemplate": false,
    "count": 0,
    "updated": 1536886202
  },
  {
    "id": "7c27dbfc-677f-49cb-80ee-435ec7f048ff",
    "data": [
      {
        "text": "quante persone ci sono nel gruppo?",
        "userDefined": false
      }
    ],
    "isTemplate": false,
    "count": 1,
    "updated": 1536886202
  },
  {
    "id": "6446af4f-d4ea-4790-8a61-40ebcb5d95d7",
    "data": [
      {
        "text": "quanti membri?",
        "userDefined": false
      }
    ],
    "isTemplate": false,
    "count": 0,
    "updated": 1536886202
  },
  {
    "id": "3e41856e-d3f4-4b00-b50e-7a23176c8ad6",
    "data": [
      {
        "text": "numero di membri",
        "userDefined": false
      }
    ],
    "isTemplate": false,
    "count": 0,
    "updated": 1536886202
  },
  {
    "id": "c6977c4b-945c-4b51-9c38-9fc67af3d83f",
    "data": [
      {
        "text": "# di membri",
        "userDefined": false
      }
    ],
    "isTemplate": false,
    "count": 0,
    "updated": 1536886202
  },
  {
    "id": "f1dca7ab-16f1-4fb5-a2b4-e696fe6893d5",
    "data": [
      {
        "text": "membri del gdg",
        "userDefined": false
      }
    ],
    "isTemplate": false,
    "count": 0,
    "updated": 1536886202
  },
  {
    "id": "d672abcf-f431-4d26-957a-7c84f2ad6647",
    "data": [
      {
        "text": "dimmi quante persone ci sono nel gruppo",
        "userDefined": false
      }
    ],
    "isTemplate": false,
    "count": 0,
    "updated": 1536886202
  },
  {
    "id": "f4eee45c-46c0-4042-a081-55b4af8e2e1e",
    "data": [
      {
        "text": "quanto e\u0027 grande il gruppo?",
        "userDefined": false
      }
    ],
    "isTemplate": false,
    "count": 0,
    "updated": 1536886202
  },
  {
    "id": "818592c4-eb81-4be6-805c-e128cb15a6a4",
    "data": [
      {
        "text": "persone nel gruppo",
        "userDefined": false
      }
    ],
    "isTemplate": false,
    "count": 0,
    "updated": 1536886202
  },
  {
    "id": "89a26d59-11d9-42fd-acd4-4878718d56af",
    "data": [
      {
        "text": "membri",
        "userDefined": false
      }
    ],
    "isTemplate": false,
    "count": 0,
    "updated": 1536886202
  },
  {
    "id": "059e56f6-8971-4d84-bef5-ace3cb0680ee",
    "data": [
      {
        "text": "quanto e\u0027 grande il gdg?",
        "userDefined": false
      }
    ],
    "isTemplate": false,
    "count": 0,
    "updated": 1536886202
  },
  {
    "id": "56703dd9-d8c3-45de-8da1-12203df7fe16",
    "data": [
      {
        "text": "vorrei sapere quante persone fanno parte del gdg",
        "userDefined": false
      }
    ],
    "isTemplate": false,
    "count": 0,
    "updated": 1536886202
  },
  {
    "id": "2a9dc2b0-dcfa-4dd0-9580-612ad52cb206",
    "data": [
      {
        "text": "quanti sono i membri del gdg?",
        "userDefined": false
      }
    ],
    "isTemplate": false,
    "count": 1,
    "updated": 1536886202
  }
]