[
  {
    "id": "f1e594c0-c7db-40b5-b0a4-7f064df4f04c",
    "data": [
      {
        "text": "quante persone ci sono nel gruppo?",
        "userDefined": false
      }
    ],
    "isTemplate": false,
    "count": 1,
    "updated": 1536886202
  },
  {
    "id": "e44d04f6-29bb-472d-a6c5-0e14a57e8f69",
    "data": [
      {
        "text": "voglio sapere quanti sono i membri del gdg",
        "userDefined": false
      }
    ],
    "isTemplate": false,
    "count": 0,
    "updated": 1536886202
  },
  {
    "id": "02bc3153-77b9-44bf-8009-c76665faa47a",
    "data": [
      {
        "text": "quanti sono i membri del gdg?",
        "userDefined": false
      }
    ],
    "isTemplate": false,
    "count": 1,
    "updated": 1536886202
  },
  {
    "id": "5c09a886-c1ec-4494-9763-ac9a5ab02cff",
    "data": [
      {
        "text": "persone nel gruppo",
        "userDefined": false
      }
    ],
    "isTemplate": false,
    "count": 0,
    "updated": 1536886202
  },
  {
    "id": "61d51975-7ffb-4c34-878d-6dab731eb3b7",
    "data": [
      {
        "text": "numero di membri",
        "userDefined": false
      }
    ],
    "isTemplate": false,
    "count": 0,
    "updated": 1536886202
  },
  {
    "id": "dbd231cf-2d8c-4de3-aced-7172521045a4",
    "data": [
      {
        "text": "vorrei sapere quante persone fanno parte del gdg",
        "userDefined": false
      }
    ],
    "isTemplate": false,
    "count": 0,
    "updated": 1536886202
  },
  {
    "id": "463cdbfb-0ccf-4670-9edc-cfc21b4f9d14",
    "data": [
      {
        "text": "quanto e\u0027 grande il gruppo?",
        "userDefined": false
      }
    ],
    "isTemplate": false,
    "count": 0,
    "updated": 1536886202
  },
  {
    "id": "95fefcb0-0c17-4fa3-a1f0-0d1ad0e5e0b3",
    "data": [
      {
        "text": "quanto e\u0027 grande il gdg?",
        "userDefined": false
      }
    ],
    "isTemplate": false,
    "count": 0,
    "updated": 1536886202
  },
  {
    "id": "72186ba2-3c57-4485-a9e1-2950b199be2b",
    "data": [
      {
        "text": "membri",
        "userDefined": false
      }
    ],
    "isTemplate": false,
    "count": 0,
    "updated": 1536886202
  },
  {
    "id": "ac571a73-c28c-45c0-84e6-a3aabd373152",
    "data": [
      {
        "text": "# di membri",
        "userDefined": false
      }
    ],
    "isTemplate": false,
    "count": 0,
    "updated": 1536886202
  },
  {
    "id": "b34e1c09-e2a2-471a-a8b8-7f4314d322d4",
    "data": [
      {
        "text": "quanti membri?",
        "userDefined": false
      }
    ],
    "isTemplate": false,
    "count": 0,
    "updated": 1536886202
  },
  {
    "id": "41b39cdb-1a3a-4696-8a79-289050b621a8",
    "data": [
      {
        "text": "membri del gdg",
        "userDefined": false
      }
    ],
    "isTemplate": false,
    "count": 0,
    "updated": 1536886202
  },
  {
    "id": "c75cdd28-f541-4265-8cbf-4d8f9ec96f8f",
    "data": [
      {
        "text": "dimmi quante persone ci sono nel gruppo",
        "userDefined": false
      }
    ],
    "isTemplate": false,
    "count": 0,
    "updated": 1536886202
  }
]