[
  {
    "id": "a5a0f970-399e-4266-b19b-a52399b48b69",
    "data": [
      {
        "text": "bu GDG\u0027ye kaç kişinin katıldığını bilmek istiyorum",
        "userDefined": false
      }
    ],
    "isTemplate": false,
    "count": 0
  },
  {
    "id": "b7579732-2489-4e79-927b-6b5605b52282",
    "data": [
      {
        "text": "grupta kaç kişi var?",
        "userDefined": false
      }
    ],
    "isTemplate": false,
    "count": 0
  },
  {
    "id": "552238cf-82ea-40ea-a546-ceea392b9791",
    "data": [
      {
        "text": "kaç üyeniz var?",
        "userDefined": false
      }
    ],
    "isTemplate": false,
    "count": 0
  },
  {
    "id": "1e2fbb7c-48df-466b-b1e2-8094adeefef0",
    "data": [
      {
        "text": "üye adedi",
        "userDefined": false
      }
    ],
    "isTemplate": false,
    "count": 0
  },
  {
    "id": "a6c3daab-4570-4975-8747-602aec699c3a",
    "data": [
      {
        "text": "üye sayısı",
        "userDefined": false
      }
    ],
    "isTemplate": false,
    "count": 0
  },
  {
    "id": "3ce7c7eb-5c3e-4e31-9fb4-8bdd189bd622",
    "data": [
      {
        "text": "gdg üyeleri",
        "userDefined": false
      }
    ],
    "isTemplate": false,
    "count": 0
  },
  {
    "id": "be06d740-b622-4feb-b23d-14342039b9f5",
    "data": [
      {
        "text": "grupta kaç kişi olduğunu söyle",
        "userDefined": false
      }
    ],
    "isTemplate": false,
    "count": 0
  },
  {
    "id": "f4e074fa-0617-46ec-95aa-3fbe2cb6940c",
    "data": [
      {
        "text": "grubunuz ne kadar büyük?",
        "userDefined": false
      }
    ],
    "isTemplate": false,
    "count": 0
  }
]