[
  {
    "id": "9bc787c4-9b94-4e66-b1c1-ed0766891c63",
    "data": [
      {
        "text": "how many peeps do you have?",
        "userDefined": false
      }
    ],
    "isTemplate": false,
    "count": 1,
    "updated": 0
  },
  {
    "id": "626e4dd7-1166-46bb-aaef-674f4b282336",
    "data": [
      {
        "text": "members",
        "userDefined": false
      }
    ],
    "isTemplate": false,
    "count": 1,
    "updated": 1530290235
  },
  {
    "id": "77a7153b-db50-4f44-84be-c19c028b63f9",
    "data": [
      {
        "text": "gdg members",
        "userDefined": false
      }
    ],
    "isTemplate": false,
    "count": 0,
    "updated": 1530290235
  },
  {
    "id": "74b8080b-63d1-496d-8671-0fbaa1f6c448",
    "data": [
      {
        "text": "what is the number of people in the group?",
        "userDefined": false
      }
    ],
    "isTemplate": false,
    "count": 0,
    "updated": 1530290235
  },
  {
    "id": "a7e3682c-07d8-4928-99bd-6a3b3737a91e",
    "data": [
      {
        "text": "how big is the group?",
        "userDefined": false
      }
    ],
    "isTemplate": false,
    "count": 0,
    "updated": 1530290235
  },
  {
    "id": "8167e58c-d83b-468d-ab79-83610ac2b359",
    "data": [
      {
        "text": "tell me about how many people are in the group",
        "userDefined": false
      }
    ],
    "isTemplate": false,
    "count": 0,
    "updated": 1533835012
  },
  {
    "id": "f460f5e6-ae69-4126-891e-b31b883d8617",
    "data": [
      {
        "text": "how many members?",
        "userDefined": false
      }
    ],
    "isTemplate": false,
    "count": 1,
    "updated": 1530290235
  },
  {
    "id": "7da9e742-e501-40aa-b4d9-0ac22a567606",
    "data": [
      {
        "text": "number of members",
        "userDefined": false
      }
    ],
    "isTemplate": false,
    "count": 0,
    "updated": 1530290235
  },
  {
    "id": "578d53b2-1898-482a-ad98-a2b859cba48e",
    "data": [
      {
        "text": "I want to know how many members joined the gdg",
        "userDefined": false
      }
    ],
    "isTemplate": false,
    "count": 0,
    "updated": 1530290235
  },
  {
    "id": "88cb8a43-0b07-46e9-ab09-a276ae6fa738",
    "data": [
      {
        "text": "# of members",
        "userDefined": false
      }
    ],
    "isTemplate": false,
    "count": 0,
    "updated": 1533853575
  }
]