[
  {
    "id": "04b0a7e8-084c-4b4d-b9fb-320911709308",
    "data": [
      {
        "text": "Quiero saber cuántos miembros se unieron al gdg",
        "userDefined": false
      }
    ],
    "isTemplate": false,
    "count": 0,
    "updated": 1536945417
  },
  {
    "id": "28e4c22e-e778-46da-a261-07756909fdb0",
    "data": [
      {
        "text": "¿Qué tan grande es el grupo?",
        "userDefined": false
      }
    ],
    "isTemplate": false,
    "count": 1,
    "updated": 1536945417
  },
  {
    "id": "484611c4-63a1-4701-b99e-441bfce681e0",
    "data": [
      {
        "text": "Número de miembros",
        "userDefined": false
      }
    ],
    "isTemplate": false,
    "count": 0,
    "updated": 1533922532
  },
  {
    "id": "a07678e6-b176-49f9-8705-496e827a050d",
    "data": [
      {
        "text": "# de miembros",
        "userDefined": false
      }
    ],
    "isTemplate": false,
    "count": 0,
    "updated": 1536945417
  },
  {
    "id": "f2968a44-e90e-4bbd-b2da-57c579cc9296",
    "data": [
      {
        "text": "¿Cuál es el número de personas en el grupo?",
        "userDefined": false
      }
    ],
    "isTemplate": false,
    "count": 0,
    "updated": 1536945417
  },
  {
    "id": "50a2fcc1-16e6-43c5-bf91-e8461c41c24c",
    "data": [
      {
        "text": "Cuéntame cuántas personas ",
        "userDefined": false
      },
      {
        "text": "hay",
        "meta": "@sys.ignore",
        "userDefined": false
      },
      {
        "text": " en el grupo",
        "userDefined": false
      }
    ],
    "isTemplate": false,
    "count": 0,
    "updated": 1536945417
  },
  {
    "id": "0ad76259-945d-495d-82f9-929a5a9f2769",
    "data": [
      {
        "text": "¿cuántos miembros?",
        "userDefined": false
      }
    ],
    "isTemplate": false,
    "count": 0,
    "updated": 1536945417
  },
  {
    "id": "d539aed2-c310-4fcf-8304-074b0e76e1b8",
    "data": [
      {
        "text": "miembros de gdg",
        "userDefined": false
      }
    ],
    "isTemplate": false,
    "count": 0,
    "updated": 1536945417
  }
]