[
  {
    "id": "5a6eef43-5e01-440b-a0d8-122c6b62c072",
    "data": [
      {
        "text": "Quiero saber cuántos miembros se unieron al gdg",
        "userDefined": false
      }
    ],
    "isTemplate": false,
    "count": 0,
    "updated": 1536945417
  },
  {
    "id": "a1f03323-3022-459c-ae4d-6a442ace3cf4",
    "data": [
      {
        "text": "¿Qué tan grande es el grupo?",
        "userDefined": false
      }
    ],
    "isTemplate": false,
    "count": 1,
    "updated": 1536945417
  },
  {
    "id": "323b9548-b9df-4c68-8e3b-95cea18cc68b",
    "data": [
      {
        "text": "Número de miembros",
        "userDefined": false
      }
    ],
    "isTemplate": false,
    "count": 0,
    "updated": 1533922532
  },
  {
    "id": "813637b1-f1ba-4358-b24a-1037c3bb6d19",
    "data": [
      {
        "text": "# de miembros",
        "userDefined": false
      }
    ],
    "isTemplate": false,
    "count": 0,
    "updated": 1536945417
  },
  {
    "id": "70038c50-4ff1-4293-b8ac-1d7c236bb83b",
    "data": [
      {
        "text": "¿Cuál es el número de personas en el grupo?",
        "userDefined": false
      }
    ],
    "isTemplate": false,
    "count": 0,
    "updated": 1536945417
  },
  {
    "id": "2d1fb099-db91-42cc-94ba-b82dca25c9b0",
    "data": [
      {
        "text": "Cuéntame cuántas personas ",
        "userDefined": false
      },
      {
        "text": "hay",
        "meta": "@sys.ignore",
        "userDefined": false
      },
      {
        "text": " en el grupo",
        "userDefined": false
      }
    ],
    "isTemplate": false,
    "count": 0,
    "updated": 1536945417
  },
  {
    "id": "9736a1c4-b25a-4554-a9fe-aca746889fc0",
    "data": [
      {
        "text": "¿cuántos miembros?",
        "userDefined": false
      }
    ],
    "isTemplate": false,
    "count": 0,
    "updated": 1536945417
  },
  {
    "id": "bdecbded-85f1-4817-ab3e-d18d481e3615",
    "data": [
      {
        "text": "miembros de gdg",
        "userDefined": false
      }
    ],
    "isTemplate": false,
    "count": 0,
    "updated": 1536945417
  }
]