[
  {
    "id": "6a9fc43b-69f3-4b98-bd40-fe2d5034e595",
    "data": [
      {
        "text": "Quero saber quantas pessoas entraram pro grupo",
        "userDefined": false
      }
    ],
    "isTemplate": false,
    "count": 0
  },
  {
    "id": "965202fb-1e38-4be1-8b6a-cbfad728b871",
    "data": [
      {
        "text": "Qual é o número de pessoas nesse grupo?",
        "userDefined": false
      }
    ],
    "isTemplate": false,
    "count": 0
  },
  {
    "id": "95d7b025-c34f-4b02-a5bc-e7df1973f971",
    "data": [
      {
        "text": "Quantos membros?",
        "userDefined": false
      }
    ],
    "isTemplate": false,
    "count": 0
  },
  {
    "id": "05409a34-400b-478d-9bee-68d94b363868",
    "data": [
      {
        "text": "número de membros",
        "userDefined": false
      }
    ],
    "isTemplate": false,
    "count": 1
  },
  {
    "id": "e8d48fad-b80d-4854-adf4-656517a85353",
    "data": [
      {
        "text": "Membros do GDG",
        "userDefined": false
      }
    ],
    "isTemplate": false,
    "count": 0
  },
  {
    "id": "11030253-0b80-4e0e-bc12-ba0e4e8aaf6b",
    "data": [
      {
        "text": "me diga quantas pessoas fazem parte desse grupo?",
        "userDefined": false
      }
    ],
    "isTemplate": false,
    "count": 0
  },
  {
    "id": "55adc011-09ac-468d-b9e4-503a6193429e",
    "data": [
      {
        "text": "Qual o tamanho desse grupo?",
        "userDefined": false
      }
    ],
    "isTemplate": false,
    "count": 0
  }
]