[
  {
    "id": "9d6bd0fd-177b-4342-ac25-d00bda5d2485",
    "data": [
      {
        "text": "Ich möchte ",
        "userDefined": false
      },
      {
        "text": "wissen",
        "meta": "@sys.ignore",
        "userDefined": false
      },
      {
        "text": ", wie viele Mitglieder der GDG beigetreten sind",
        "userDefined": false
      }
    ],
    "isTemplate": false,
    "count": 0,
    "updated": 1538195708
  },
  {
    "id": "73e01a8c-6f90-4984-96a6-a36c2755f66f",
    "data": [
      {
        "text": "Wie viele Mitglieder sind in der Gruppe",
        "userDefined": false
      }
    ],
    "isTemplate": false,
    "count": 0,
    "updated": 1538195708
  },
  {
    "id": "937841cf-259a-458b-b071-1d4b851575e8",
    "data": [
      {
        "text": "Wie viele Mitglieder",
        "userDefined": false
      }
    ],
    "isTemplate": false,
    "count": 0,
    "updated": 1538195708
  },
  {
    "id": "5385d03a-d1c6-414f-8120-0760976e08d3",
    "data": [
      {
        "text": "Anzahl von Mitgliedern",
        "userDefined": false
      }
    ],
    "isTemplate": false,
    "count": 0,
    "updated": 1538195708
  },
  {
    "id": "7702cf25-1aef-45d4-bbe5-1b0c5d76cd15",
    "data": [
      {
        "text": "# von Mitgliedern",
        "userDefined": false
      }
    ],
    "isTemplate": false,
    "count": 0,
    "updated": 1538195708
  },
  {
    "id": "9dce39e3-a042-4eb6-b940-0d0814ed291f",
    "data": [
      {
        "text": "GDG Mitglieder",
        "userDefined": false
      }
    ],
    "isTemplate": false,
    "count": 0,
    "updated": 1538195708
  },
  {
    "id": "16e2084a-24ed-4cc4-8a27-dfafaf877a2f",
    "data": [
      {
        "text": "Erzähl mir mehr darüber, wieviele Mitglieder die Gruppe hat",
        "userDefined": false
      }
    ],
    "isTemplate": false,
    "count": 0,
    "updated": 1538195708
  },
  {
    "id": "27c03de5-ad0a-4316-aeb8-f5363d16552e",
    "data": [
      {
        "text": "Wie groß ist die Gruppe",
        "userDefined": false
      }
    ],
    "isTemplate": false,
    "count": 0,
    "updated": 1538195708
  }
]