[
  {
    "id": "0cca9d5e-aa89-4b81-8acd-cd5317b35440",
    "data": [
      {
        "text": "GDGに参加している人数を知りたいです。",
        "userDefined": false
      }
    ],
    "isTemplate": false,
    "count": 0,
    "updated": 1538584198
  },
  {
    "id": "9750be74-464c-48f4-b542-849d6ce02b7b",
    "data": [
      {
        "text": "グループの人数は何人ですか？",
        "userDefined": false
      }
    ],
    "isTemplate": false,
    "count": 0,
    "updated": 1538584198
  },
  {
    "id": "d02d43c5-ddff-4c04-b641-f00cbdc2809f",
    "data": [
      {
        "text": "メンバーの人数は？",
        "userDefined": false
      }
    ],
    "isTemplate": false,
    "count": 0,
    "updated": 1538584198
  },
  {
    "id": "13325066-da01-46c2-9d57-6c36b8afe945",
    "data": [
      {
        "text": "メンバーの数",
        "userDefined": false
      }
    ],
    "isTemplate": false,
    "count": 0,
    "updated": 1538584198
  },
  {
    "id": "756541d1-4cdf-4925-9a78-1578005101ef",
    "data": [
      {
        "text": "メンバーの人数",
        "userDefined": false
      }
    ],
    "isTemplate": false,
    "count": 0,
    "updated": 1538584198
  },
  {
    "id": "0be59fc6-630a-40cc-93a9-3aa51250a618",
    "data": [
      {
        "text": "GDGメンバー",
        "userDefined": false
      }
    ],
    "isTemplate": false,
    "count": 0,
    "updated": 1538584198
  },
  {
    "id": "a0212036-a932-455a-b076-179c481faf32",
    "data": [
      {
        "text": "グループの人数を教えて。",
        "userDefined": false
      }
    ],
    "isTemplate": false,
    "count": 0,
    "updated": 1538584198
  },
  {
    "id": "ec3a5fc8-4f04-4baa-b97f-5a91fce0ba24",
    "data": [
      {
        "text": "グループの大きさはどれくらいですか？",
        "userDefined": false
      }
    ],
    "isTemplate": false,
    "count": 0,
    "updated": 1538584198
  }
]