[
  {
    "id": "db5db90a-ee7d-490f-987b-4e6d49da0b63",
    "data": [
      {
        "text": "próximo",
        "userDefined": false
      }
    ],
    "isTemplate": false,
    "count": 0
  },
  {
    "id": "4c47a21f-4c34-463f-bada-03444cb52b5e",
    "data": [
      {
        "text": "próximo evento",
        "userDefined": false
      }
    ],
    "isTemplate": false,
    "count": 0
  },
  {
    "id": "a69ecc52-6156-474c-81fd-897e085bb353",
    "data": [
      {
        "text": "quando é o próximo evento",
        "userDefined": false
      }
    ],
    "isTemplate": false,
    "count": 0
  },
  {
    "id": "08404a08-a87e-4207-bf14-1adaf153cfb9",
    "data": [
      {
        "text": "Me fale sobre o próximo meetup",
        "userDefined": false
      }
    ],
    "isTemplate": false,
    "count": 0
  },
  {
    "id": "13334e2b-5d17-4ad8-b7a6-17dc116716df",
    "data": [
      {
        "text": "próxima sessão",
        "userDefined": false
      }
    ],
    "isTemplate": false,
    "count": 0
  },
  {
    "id": "cd3ea206-efb1-4f3c-b0c8-f61c83ab4238",
    "data": [
      {
        "text": "Me fale sobre o próximo evento",
        "userDefined": false
      }
    ],
    "isTemplate": false,
    "count": 0
  },
  {
    "id": "158212fd-2a80-4663-8f4b-a5675afeb909",
    "data": [
      {
        "text": "Saber sobre o novo evento",
        "userDefined": false
      }
    ],
    "isTemplate": false,
    "count": 0
  },
  {
    "id": "1a8da21c-0025-4539-8e20-423bdaed9c6e",
    "data": [
      {
        "text": "Eu quero saber sobre a próxima sessão",
        "userDefined": false
      }
    ],
    "isTemplate": false,
    "count": 0
  },
  {
    "id": "418699c0-c0b6-43c5-ab5f-64ed098bee6c",
    "data": [
      {
        "text": "próximo encontro",
        "userDefined": false
      }
    ],
    "isTemplate": false,
    "count": 0
  },
  {
    "id": "e2b8a025-d37f-4905-89d9-3d951736be06",
    "data": [
      {
        "text": "Me fale sobre o próximo encontro",
        "userDefined": false
      }
    ],
    "isTemplate": false,
    "count": 0
  },
  {
    "id": "eeb42b1a-b486-41f8-9e58-a8a8cba5234d",
    "data": [
      {
        "text": "Eu quero saber sobre o próximo evento",
        "userDefined": false
      }
    ],
    "isTemplate": false,
    "count": 0
  },
  {
    "id": "de7fd9b9-4564-4dbb-b2ec-09ab166b2dbc",
    "data": [
      {
        "text": "Próximo meetup",
        "userDefined": false
      }
    ],
    "isTemplate": false,
    "count": 0
  }
]