[
  {
    "id": "b987b430-61f6-4f04-8d24-c9711e175ed0",
    "data": [
      {
        "text": "el proximo",
        "userDefined": false
      }
    ],
    "isTemplate": false,
    "count": 0,
    "updated": 1536945487
  },
  {
    "id": "7c2df0ff-c4bf-44c3-bdaf-cc68b1920dab",
    "data": [
      {
        "text": "Próximo evento",
        "userDefined": false
      }
    ],
    "isTemplate": false,
    "count": 1,
    "updated": 1533922423
  },
  {
    "id": "8fd887dd-54b6-4b3f-9757-004acfe06dac",
    "data": [
      {
        "text": "cuándo es el próximo evento",
        "userDefined": false
      }
    ],
    "isTemplate": false,
    "count": 0,
    "updated": 1536945487
  },
  {
    "id": "e3cd3453-7186-4d87-b0b3-85cb98b66b30",
    "data": [
      {
        "text": "cuéntame sobre la próxima reunión",
        "userDefined": false
      }
    ],
    "isTemplate": false,
    "count": 0,
    "updated": 1536945487
  },
  {
    "id": "9e54e5e4-7e8f-456b-ae7d-0c1c420a28d4",
    "data": [
      {
        "text": "próxima sesión",
        "userDefined": false
      }
    ],
    "isTemplate": false,
    "count": 0,
    "updated": 1536945487
  },
  {
    "id": "ad29c5dc-4912-4906-bce8-3184d42d19c0",
    "data": [
      {
        "text": "cuéntame sobre el próximo evento",
        "userDefined": false
      }
    ],
    "isTemplate": false,
    "count": 0,
    "updated": 1536945487
  },
  {
    "id": "0b3be850-131e-42ea-86b7-9d62e3b8ecf9",
    "data": [
      {
        "text": "aprender sobre el ",
        "userDefined": false
      },
      {
        "text": "nuevo",
        "meta": "@sys.ignore",
        "userDefined": false
      },
      {
        "text": " evento",
        "userDefined": false
      }
    ],
    "isTemplate": false,
    "count": 0,
    "updated": 1536945487
  },
  {
    "id": "c0b8ebf8-b062-490a-a3ff-ad6b3e2d11d6",
    "data": [
      {
        "text": "Quiero saber sobre la próxima sesión",
        "userDefined": false
      }
    ],
    "isTemplate": false,
    "count": 0,
    "updated": 1536945487
  },
  {
    "id": "e7a1c98a-01e8-4d5a-845b-7d2e6651e627",
    "data": [
      {
        "text": "próxima reunión",
        "userDefined": false
      }
    ],
    "isTemplate": false,
    "count": 1,
    "updated": 1536945487
  },
  {
    "id": "4b338bed-de8d-453a-9e9d-71945842da2b",
    "data": [
      {
        "text": "Quiero saber sobre el próximo evento",
        "userDefined": false
      }
    ],
    "isTemplate": false,
    "count": 2,
    "updated": 1536945487
  }
]