[
  {
    "id": "b385eb57-843c-4760-a368-3b74a9e9d09a",
    "data": [
      {
        "text": "el proximo",
        "userDefined": false
      }
    ],
    "isTemplate": false,
    "count": 0,
    "updated": 1536945487
  },
  {
    "id": "c6cc14ee-9ce2-4825-8802-0380bcc5241f",
    "data": [
      {
        "text": "Próximo evento",
        "userDefined": false
      }
    ],
    "isTemplate": false,
    "count": 1,
    "updated": 1533922423
  },
  {
    "id": "a11b1c7d-b547-4464-9487-aeed627b60da",
    "data": [
      {
        "text": "cuándo es el próximo evento",
        "userDefined": false
      }
    ],
    "isTemplate": false,
    "count": 0,
    "updated": 1536945487
  },
  {
    "id": "8e144234-d8d3-419e-adda-c85d1bd36546",
    "data": [
      {
        "text": "cuéntame sobre la próxima reunión",
        "userDefined": false
      }
    ],
    "isTemplate": false,
    "count": 0,
    "updated": 1536945487
  },
  {
    "id": "0c0cf4c5-f797-4dac-8c03-42e86b379e02",
    "data": [
      {
        "text": "próxima sesión",
        "userDefined": false
      }
    ],
    "isTemplate": false,
    "count": 0,
    "updated": 1536945487
  },
  {
    "id": "792f7ce0-6f2f-472b-bd8d-550cf31252cc",
    "data": [
      {
        "text": "cuéntame sobre el próximo evento",
        "userDefined": false
      }
    ],
    "isTemplate": false,
    "count": 0,
    "updated": 1536945487
  },
  {
    "id": "09137bea-3c03-42b0-a622-d0cc8f3117ba",
    "data": [
      {
        "text": "aprender sobre el ",
        "userDefined": false
      },
      {
        "text": "nuevo",
        "meta": "@sys.ignore",
        "userDefined": false
      },
      {
        "text": " evento",
        "userDefined": false
      }
    ],
    "isTemplate": false,
    "count": 0,
    "updated": 1536945487
  },
  {
    "id": "240cf84b-5409-4750-a1f1-be000da4a159",
    "data": [
      {
        "text": "Quiero saber sobre la próxima sesión",
        "userDefined": false
      }
    ],
    "isTemplate": false,
    "count": 0,
    "updated": 1536945487
  },
  {
    "id": "800e3e38-a5dd-43eb-9e65-10b677cb8b60",
    "data": [
      {
        "text": "próxima reunión",
        "userDefined": false
      }
    ],
    "isTemplate": false,
    "count": 1,
    "updated": 1536945487
  },
  {
    "id": "6fa71855-4695-4288-ae09-9ee849ae7967",
    "data": [
      {
        "text": "Quiero saber sobre el próximo evento",
        "userDefined": false
      }
    ],
    "isTemplate": false,
    "count": 2,
    "updated": 1536945487
  }
]