[
  {
    "id": "b80edc28-7646-48de-91d6-730ceb86af78",
    "data": [
      {
        "text": "次回",
        "userDefined": false
      }
    ],
    "isTemplate": false,
    "count": 0,
    "updated": 1538584260
  },
  {
    "id": "08ddab85-ad96-43bf-a9b6-26649b379fcb",
    "data": [
      {
        "text": "次のイベント",
        "userDefined": false
      }
    ],
    "isTemplate": false,
    "count": 0,
    "updated": 1538584260
  },
  {
    "id": "297665a9-e471-42fe-b21e-055fdd4385c4",
    "data": [
      {
        "text": "次のイベントはいつですか",
        "userDefined": false
      }
    ],
    "isTemplate": false,
    "count": 0,
    "updated": 1538584260
  },
  {
    "id": "45159505-fb8f-4a2d-b104-e1711d5806f3",
    "data": [
      {
        "text": "次のミートアップについて教えて。",
        "userDefined": false
      }
    ],
    "isTemplate": false,
    "count": 0,
    "updated": 1538584260
  },
  {
    "id": "fb3a6daf-529f-4359-a9ca-c2fedd49186e",
    "data": [
      {
        "text": "次のセッション",
        "userDefined": false
      }
    ],
    "isTemplate": false,
    "count": 0,
    "updated": 1538584260
  },
  {
    "id": "e4030c80-9243-4418-b4f5-daa0cb8c6b69",
    "data": [
      {
        "text": "次のイベントについて教えて。",
        "userDefined": false
      }
    ],
    "isTemplate": false,
    "count": 0,
    "updated": 1538584260
  },
  {
    "id": "573abc07-da04-47cd-9b63-23d64ccee7c2",
    "data": [
      {
        "text": "新しいイベントについて教えて。",
        "userDefined": false
      }
    ],
    "isTemplate": false,
    "count": 0,
    "updated": 1538584260
  },
  {
    "id": "ae7f4965-addb-4c08-9108-6ff2cf60db29",
    "data": [
      {
        "text": "次のセッションについて聞きたい。",
        "userDefined": false
      }
    ],
    "isTemplate": false,
    "count": 0,
    "updated": 1538584260
  },
  {
    "id": "20a84a14-93e8-4c13-a03d-f048761738bd",
    "data": [
      {
        "text": "次の勉強会",
        "userDefined": false
      }
    ],
    "isTemplate": false,
    "count": 0,
    "updated": 1538584260
  },
  {
    "id": "ca092aea-3657-4034-b8ef-a9deec07c674",
    "data": [
      {
        "text": "次の勉強会について教えて。",
        "userDefined": false
      }
    ],
    "isTemplate": false,
    "count": 0,
    "updated": 1538584260
  },
  {
    "id": "31cbbe8c-e1e0-43e7-86e2-0f3b86ab9d5c",
    "data": [
      {
        "text": "次のイベントについて知りたい。",
        "userDefined": false
      }
    ],
    "isTemplate": false,
    "count": 0,
    "updated": 1538584260
  },
  {
    "id": "b0251626-2c61-41d5-a38f-bd642cbfb04a",
    "data": [
      {
        "text": "次のミートアップ",
        "userDefined": false
      }
    ],
    "isTemplate": false,
    "count": 0,
    "updated": 1538584260
  }
]