[
  {
    "id": "1d5706c7-3994-4898-98e6-befdef8c1077",
    "data": [
      {
        "text": "próximo",
        "userDefined": false
      }
    ],
    "isTemplate": false,
    "count": 0
  },
  {
    "id": "10020dd1-7d47-4b41-be8a-0db2991c7b52",
    "data": [
      {
        "text": "próximo evento",
        "userDefined": false
      }
    ],
    "isTemplate": false,
    "count": 0
  },
  {
    "id": "b24384f1-4efc-4e64-bf7c-ac9e782924e0",
    "data": [
      {
        "text": "quando é o próximo evento",
        "userDefined": false
      }
    ],
    "isTemplate": false,
    "count": 0
  },
  {
    "id": "ce95f363-8c50-4b78-9091-cf5ee2673cb3",
    "data": [
      {
        "text": "Me fale sobre o próximo meetup",
        "userDefined": false
      }
    ],
    "isTemplate": false,
    "count": 0
  },
  {
    "id": "ca58a21a-d4cc-472b-a3d7-1ec95b025bf5",
    "data": [
      {
        "text": "próxima sessão",
        "userDefined": false
      }
    ],
    "isTemplate": false,
    "count": 0
  },
  {
    "id": "4d22fbc5-ba3c-42b4-ab12-d036d6138766",
    "data": [
      {
        "text": "Me fale sobre o próximo evento",
        "userDefined": false
      }
    ],
    "isTemplate": false,
    "count": 0
  },
  {
    "id": "8acb7316-e1da-4399-9a34-6210a6df35a0",
    "data": [
      {
        "text": "Saber sobre o novo evento",
        "userDefined": false
      }
    ],
    "isTemplate": false,
    "count": 0
  },
  {
    "id": "20183bea-4c78-46e7-af69-fb2e726502fa",
    "data": [
      {
        "text": "Eu quero saber sobre a próxima sessão",
        "userDefined": false
      }
    ],
    "isTemplate": false,
    "count": 0
  },
  {
    "id": "cd9d5fb4-6c20-4786-941f-b9b209899fb2",
    "data": [
      {
        "text": "próximo encontro",
        "userDefined": false
      }
    ],
    "isTemplate": false,
    "count": 0
  },
  {
    "id": "46c408b5-6752-407c-8f07-b1c31dd2082a",
    "data": [
      {
        "text": "Me fale sobre o próximo encontro",
        "userDefined": false
      }
    ],
    "isTemplate": false,
    "count": 0
  },
  {
    "id": "ef0efbe8-7b9a-4898-8fae-11398d7fe2c8",
    "data": [
      {
        "text": "Eu quero saber sobre o próximo evento",
        "userDefined": false
      }
    ],
    "isTemplate": false,
    "count": 0
  },
  {
    "id": "7256e9c8-e2ee-4253-bdd2-fa731ce0af8e",
    "data": [
      {
        "text": "Próximo meetup",
        "userDefined": false
      }
    ],
    "isTemplate": false,
    "count": 0
  }
]