[
  {
    "id": "02dae759-c686-4807-8279-f6bd13301645",
    "data": [
      {
        "text": "el proximo",
        "userDefined": false
      }
    ],
    "isTemplate": false,
    "count": 0,
    "updated": 1536945487
  },
  {
    "id": "d1924cc2-6fc4-4226-8ba6-70d2b12d116b",
    "data": [
      {
        "text": "Próximo evento",
        "userDefined": false
      }
    ],
    "isTemplate": false,
    "count": 1,
    "updated": 1533922423
  },
  {
    "id": "8a873e20-65a5-4537-abdd-0bc978044e46",
    "data": [
      {
        "text": "cuándo es el próximo evento",
        "userDefined": false
      }
    ],
    "isTemplate": false,
    "count": 0,
    "updated": 1536945487
  },
  {
    "id": "ec529828-bd1d-47cc-a79f-5d1ab0f22549",
    "data": [
      {
        "text": "cuéntame sobre la próxima reunión",
        "userDefined": false
      }
    ],
    "isTemplate": false,
    "count": 0,
    "updated": 1536945487
  },
  {
    "id": "9f16f215-e185-42b2-9287-509b6c5e131f",
    "data": [
      {
        "text": "próxima sesión",
        "userDefined": false
      }
    ],
    "isTemplate": false,
    "count": 0,
    "updated": 1536945487
  },
  {
    "id": "11f74d55-dbed-463c-a042-87f41207273a",
    "data": [
      {
        "text": "cuéntame sobre el próximo evento",
        "userDefined": false
      }
    ],
    "isTemplate": false,
    "count": 0,
    "updated": 1536945487
  },
  {
    "id": "3f47f191-fc48-4534-a18f-b835ac3e15db",
    "data": [
      {
        "text": "aprender sobre el ",
        "userDefined": false
      },
      {
        "text": "nuevo",
        "meta": "@sys.ignore",
        "userDefined": false
      },
      {
        "text": " evento",
        "userDefined": false
      }
    ],
    "isTemplate": false,
    "count": 0,
    "updated": 1536945487
  },
  {
    "id": "4b59697a-bdc9-4c36-a2f5-9959f530f048",
    "data": [
      {
        "text": "Quiero saber sobre la próxima sesión",
        "userDefined": false
      }
    ],
    "isTemplate": false,
    "count": 0,
    "updated": 1536945487
  },
  {
    "id": "51292870-f970-4b2b-b157-f01aebfc749a",
    "data": [
      {
        "text": "próxima reunión",
        "userDefined": false
      }
    ],
    "isTemplate": false,
    "count": 1,
    "updated": 1536945487
  },
  {
    "id": "273deba1-3df7-4875-a153-7b2d7a6d446e",
    "data": [
      {
        "text": "Quiero saber sobre el próximo evento",
        "userDefined": false
      }
    ],
    "isTemplate": false,
    "count": 2,
    "updated": 1536945487
  }
]