[
  {
    "id": "2aa65ebc-8dcb-4eac-bace-dcef6de4d559",
    "data": [
      {
        "text": "die nächste",
        "userDefined": false
      }
    ],
    "isTemplate": false,
    "count": 0,
    "updated": 1538195790
  },
  {
    "id": "354a3f6e-cbf9-4dc7-94e5-13ca5f044352",
    "data": [
      {
        "text": "Das nächste",
        "userDefined": false
      }
    ],
    "isTemplate": false,
    "count": 0,
    "updated": 1538195790
  },
  {
    "id": "495bc1ed-0193-4cc2-aae0-10739d2b34fc",
    "data": [
      {
        "text": "nächtses",
        "meta": "@sys.ignore",
        "userDefined": false
      },
      {
        "text": " Event",
        "userDefined": false
      }
    ],
    "isTemplate": false,
    "count": 0,
    "updated": 1538195790
  },
  {
    "id": "641a22f7-5ad1-487f-ab42-87a04fbd910c",
    "data": [
      {
        "text": "Wann ist das nächste Event",
        "userDefined": false
      }
    ],
    "isTemplate": false,
    "count": 0,
    "updated": 1538195790
  },
  {
    "id": "0b770774-8850-49c4-a6c5-01292fab437b",
    "data": [
      {
        "text": "Erzähl mir mehr über die nächste Veranstaltung",
        "userDefined": false
      }
    ],
    "isTemplate": false,
    "count": 0,
    "updated": 1538195790
  },
  {
    "id": "ce4b67f4-ca6b-4a70-9537-8bbf6076d31d",
    "data": [
      {
        "text": "Nächste Veranstaltung",
        "userDefined": false
      }
    ],
    "isTemplate": false,
    "count": 0,
    "updated": 1538195790
  },
  {
    "id": "a30ec73e-1d3d-443b-bff8-8212174e4969",
    "data": [
      {
        "text": "Erzähl mir mehr über das nächste Event",
        "userDefined": false
      }
    ],
    "isTemplate": false,
    "count": 0,
    "updated": 1538195790
  },
  {
    "id": "7bea884f-3eee-490a-bde7-e3d9236f5aec",
    "data": [
      {
        "text": "über das neue Event erfahren",
        "userDefined": false
      }
    ],
    "isTemplate": false,
    "count": 0,
    "updated": 1538195790
  },
  {
    "id": "ec45fb5f-d4cf-4d55-9e97-38421e25f48c",
    "data": [
      {
        "text": "Ich möchte mehr über die nächste Veranstaltung hören",
        "userDefined": false
      }
    ],
    "isTemplate": false,
    "count": 1,
    "updated": 1538195790
  },
  {
    "id": "b9312b1f-1837-4b13-82c8-c08dc53f8f1c",
    "data": [
      {
        "text": "Erzähl mir über die nächste Veranstaltung",
        "userDefined": false
      }
    ],
    "isTemplate": false,
    "count": 0,
    "updated": 1538195790
  },
  {
    "id": "68e2aa3c-507e-4f32-ac58-7c66baba8229",
    "data": [
      {
        "text": "Ich möchte mehr über das nächste Event ",
        "userDefined": false
      },
      {
        "text": "wissen",
        "meta": "@sys.ignore",
        "userDefined": false
      }
    ],
    "isTemplate": false,
    "count": 0,
    "updated": 1538195790
  },
  {
    "id": "8286aea4-ebac-4e8b-9d09-50b63d18c854",
    "data": [
      {
        "text": "Nächstes Meetup",
        "userDefined": false
      }
    ],
    "isTemplate": false,
    "count": 0,
    "updated": 1538195790
  }
]