[
  {
    "id": "f46892d4-9c7e-4eb4-9523-76f83a715b21",
    "data": [
      {
        "text": "prossimo evento",
        "userDefined": false
      }
    ],
    "isTemplate": false,
    "count": 1,
    "updated": 1536886279
  },
  {
    "id": "6cd1a9ca-08d0-4b77-8e72-41ba87ec2c15",
    "data": [
      {
        "text": "dimmi tutto sul prossimo evento",
        "userDefined": false
      }
    ],
    "isTemplate": false,
    "count": 0,
    "updated": 1536886279
  },
  {
    "id": "0fdb0cc0-8f2b-45dc-926a-d7f5c39e854c",
    "data": [
      {
        "text": "quand\u0027e\u0027 il prossimo evento",
        "userDefined": false
      }
    ],
    "isTemplate": false,
    "count": 0,
    "updated": 1536886279
  },
  {
    "id": "25375075-d376-416d-bba4-1dfc8cffc941",
    "data": [
      {
        "text": "prossima session",
        "userDefined": false
      }
    ],
    "isTemplate": false,
    "count": 0,
    "updated": 1536886279
  },
  {
    "id": "eacdaa35-7e5f-4215-b51c-fd8cc1848262",
    "data": [
      {
        "text": "di che si parla nel prossimo evento?",
        "userDefined": false
      }
    ],
    "isTemplate": false,
    "count": 0,
    "updated": 1536886279
  },
  {
    "id": "274674e0-4510-48cd-9b40-70057fd4b420",
    "data": [
      {
        "text": "parlami del prossimo meetup",
        "userDefined": false
      }
    ],
    "isTemplate": false,
    "count": 0,
    "updated": 1536886279
  },
  {
    "id": "044b8f59-6817-4dd5-876e-d6a9e5b7a683",
    "data": [
      {
        "text": "voglio sapere della prossima sessione",
        "userDefined": false
      }
    ],
    "isTemplate": false,
    "count": 0,
    "updated": 1536886279
  },
  {
    "id": "38187238-51ad-4dbc-83f3-493881541103",
    "data": [
      {
        "text": "prossimo meetup",
        "userDefined": false
      }
    ],
    "isTemplate": false,
    "count": 2,
    "updated": 1536886279
  },
  {
    "id": "2aba54c6-db52-4956-97f2-ad9c74efdbd0",
    "data": [
      {
        "text": "scoprire il nuovo evento",
        "userDefined": false
      }
    ],
    "isTemplate": false,
    "count": 0,
    "updated": 1536886279
  },
  {
    "id": "6380c076-1771-41ba-98e5-9eb2d9eedf52",
    "data": [
      {
        "text": "voglio sapere tutto sul prossimo evento",
        "userDefined": false
      }
    ],
    "isTemplate": false,
    "count": 0,
    "updated": 1536886279
  },
  {
    "id": "7f182fd5-9140-4fa6-a3ba-19a6cc9c9865",
    "data": [
      {
        "text": "parlami del prossimo evento",
        "userDefined": false
      }
    ],
    "isTemplate": false,
    "count": 0,
    "updated": 1536886279
  },
  {
    "id": "063daed5-ef85-4a50-a28c-4eaacdd35c8c",
    "data": [
      {
        "text": "quando si riunisce il gdg in futuro?",
        "userDefined": false
      }
    ],
    "isTemplate": false,
    "count": 1,
    "updated": 1536886279
  },
  {
    "id": "f6de5d74-02a0-42b5-800f-c928476b9e35",
    "data": [
      {
        "text": "prossimo",
        "userDefined": false
      }
    ],
    "isTemplate": false,
    "count": 0,
    "updated": 1536886279
  },
  {
    "id": "eaa4c06c-3be5-4694-8ed6-b9fbe2807151",
    "data": [
      {
        "text": "prossimo meeting",
        "userDefined": false
      }
    ],
    "isTemplate": false,
    "count": 0,
    "updated": 1536886279
  }
]