[
  {
    "id": "d11d2ed8-659d-47fd-9591-395dc4cc0438",
    "data": [
      {
        "text": "sıradaki toplantıyı anlat",
        "userDefined": false
      }
    ],
    "isTemplate": false,
    "count": 0
  },
  {
    "id": "8f9ed945-5be4-43ae-922e-1399aa7e5fdb",
    "data": [
      {
        "text": "yeni etkinlikten bahset",
        "userDefined": false
      }
    ],
    "isTemplate": false,
    "count": 0
  },
  {
    "id": "d4f2b532-7080-4898-b5ad-700ce65154d3",
    "data": [
      {
        "text": "sıradaki etkinlik ne zaman",
        "userDefined": false
      }
    ],
    "isTemplate": false,
    "count": 0
  },
  {
    "id": "279a3343-0ccc-40a1-87e8-3bd0ec301e28",
    "data": [
      {
        "text": "sıradaki etkinlik",
        "userDefined": false
      }
    ],
    "isTemplate": false,
    "count": 0
  },
  {
    "id": "991267ef-7f89-4974-ab09-5b3e3b5d5c08",
    "data": [
      {
        "text": "önümüzdeki etkinlik",
        "userDefined": false
      }
    ],
    "isTemplate": false,
    "count": 0
  },
  {
    "id": "2a0ef532-b6db-4133-9f00-611e89491d16",
    "data": [
      {
        "text": "en yakın etkinlik",
        "userDefined": false
      }
    ],
    "isTemplate": false,
    "count": 0
  },
  {
    "id": "eafe632c-a4b6-4995-84d4-033836e4ff8d",
    "data": [
      {
        "text": "sıradaki etkinlikten bahset",
        "userDefined": false
      }
    ],
    "isTemplate": false,
    "count": 0
  },
  {
    "id": "6a069029-ea8d-4724-9a21-c42ad24fdbf6",
    "data": [
      {
        "text": "sıradaki etkniliği öğrenmek istiyorum",
        "userDefined": false
      }
    ],
    "isTemplate": false,
    "count": 0
  },
  {
    "id": "79b8b919-d9da-4288-91d0-f1580e3cadcb",
    "data": [
      {
        "text": "sıradaki toplantı",
        "userDefined": false
      }
    ],
    "isTemplate": false,
    "count": 1
  },
  {
    "id": "15f653ea-7450-4e6c-91a5-aa66316af71b",
    "data": [
      {
        "text": "en yakın etkinliği öğrenmek istiyorum",
        "userDefined": false
      }
    ],
    "isTemplate": false,
    "count": 1
  }
]