[
  {
    "id": "3db6195b-5caf-4ac0-801e-fc7fc6c6ce2f",
    "data": [
      {
        "text": "prossimo",
        "userDefined": false
      }
    ],
    "isTemplate": false,
    "count": 0,
    "updated": 1536886279
  },
  {
    "id": "95c471b2-1acb-47fb-8ff2-6cc996055935",
    "data": [
      {
        "text": "prossimo evento",
        "userDefined": false
      }
    ],
    "isTemplate": false,
    "count": 1,
    "updated": 1536886279
  },
  {
    "id": "0b81fd85-57b0-4ca5-9552-50e8c8c7e8dc",
    "data": [
      {
        "text": "quand\u0027e\u0027 il prossimo evento",
        "userDefined": false
      }
    ],
    "isTemplate": false,
    "count": 0,
    "updated": 1536886279
  },
  {
    "id": "cfe31f0d-ac1a-4a5a-8683-d11655108407",
    "data": [
      {
        "text": "parlami del prossimo meetup",
        "userDefined": false
      }
    ],
    "isTemplate": false,
    "count": 0,
    "updated": 1536886279
  },
  {
    "id": "dbb3dc8c-b580-4102-8c84-44fcba92a169",
    "data": [
      {
        "text": "prossima session",
        "userDefined": false
      }
    ],
    "isTemplate": false,
    "count": 0,
    "updated": 1536886279
  },
  {
    "id": "c1da7892-6433-4edd-a585-78022666bf59",
    "data": [
      {
        "text": "dimmi tutto sul prossimo evento",
        "userDefined": false
      }
    ],
    "isTemplate": false,
    "count": 0,
    "updated": 1536886279
  },
  {
    "id": "7296e955-e758-4f9c-be9b-a8cfa5668971",
    "data": [
      {
        "text": "scoprire il nuovo evento",
        "userDefined": false
      }
    ],
    "isTemplate": false,
    "count": 0,
    "updated": 1536886279
  },
  {
    "id": "334d5de7-f2ea-48a7-a195-a1deaf15f2c7",
    "data": [
      {
        "text": "voglio sapere della prossima sessione",
        "userDefined": false
      }
    ],
    "isTemplate": false,
    "count": 0,
    "updated": 1536886279
  },
  {
    "id": "e4661be6-5951-4301-99ab-198598cce815",
    "data": [
      {
        "text": "prossimo meeting",
        "userDefined": false
      }
    ],
    "isTemplate": false,
    "count": 0,
    "updated": 1536886279
  },
  {
    "id": "db356cd6-f88e-4370-ae38-f521c68ea1c3",
    "data": [
      {
        "text": "parlami del prossimo evento",
        "userDefined": false
      }
    ],
    "isTemplate": false,
    "count": 0,
    "updated": 1536886279
  },
  {
    "id": "9fd2039b-ffa5-46d6-88d6-0628b2aba626",
    "data": [
      {
        "text": "voglio sapere tutto sul prossimo evento",
        "userDefined": false
      }
    ],
    "isTemplate": false,
    "count": 0,
    "updated": 1536886279
  },
  {
    "id": "c0fd969d-676b-42e1-90e8-8fb361af02e8",
    "data": [
      {
        "text": "prossimo meetup",
        "userDefined": false
      }
    ],
    "isTemplate": false,
    "count": 2,
    "updated": 1536886279
  },
  {
    "id": "d61072ce-446f-4a19-a73d-ffff02b3106a",
    "data": [
      {
        "text": "quando si riunisce il gdg in futuro?",
        "userDefined": false
      }
    ],
    "isTemplate": false,
    "count": 1,
    "updated": 1536886279
  },
  {
    "id": "6e997cc4-d7ca-480d-a8ee-d3acb75bcc4c",
    "data": [
      {
        "text": "di che si parla nel prossimo evento?",
        "userDefined": false
      }
    ],
    "isTemplate": false,
    "count": 0,
    "updated": 1536886279
  }
]