[
  {
    "id": "26f148bf-96ed-4795-b163-c0a9b42a191b",
    "data": [
      {
        "text": "önümüzdeki etkinlik",
        "userDefined": false
      }
    ],
    "isTemplate": false,
    "count": 0
  },
  {
    "id": "e937429b-4cc5-479e-95ee-c328e56a54cf",
    "data": [
      {
        "text": "sıradaki etkinlik",
        "userDefined": false
      }
    ],
    "isTemplate": false,
    "count": 0
  },
  {
    "id": "406298b6-4c11-47bc-9916-ab8af2c968a3",
    "data": [
      {
        "text": "sıradaki etkinlik ne zaman",
        "userDefined": false
      }
    ],
    "isTemplate": false,
    "count": 0
  },
  {
    "id": "7e48448f-5e8d-4947-ba74-37db62cbb5f8",
    "data": [
      {
        "text": "sıradaki toplantıyı anlat",
        "userDefined": false
      }
    ],
    "isTemplate": false,
    "count": 0
  },
  {
    "id": "916f672f-2228-4e34-a654-a71528e2e28b",
    "data": [
      {
        "text": "en yakın etkinlik",
        "userDefined": false
      }
    ],
    "isTemplate": false,
    "count": 0
  },
  {
    "id": "913a3d58-b274-4790-91b9-9f772de0c00e",
    "data": [
      {
        "text": "sıradaki etkinlikten bahset",
        "userDefined": false
      }
    ],
    "isTemplate": false,
    "count": 0
  },
  {
    "id": "411fe3c0-73b8-4e9c-8ad3-556f5be93cd9",
    "data": [
      {
        "text": "yeni etkinlikten bahset",
        "userDefined": false
      }
    ],
    "isTemplate": false,
    "count": 0
  },
  {
    "id": "d6471c54-4c99-4874-b3e5-0a10bbf464b9",
    "data": [
      {
        "text": "sıradaki etkniliği öğrenmek istiyorum",
        "userDefined": false
      }
    ],
    "isTemplate": false,
    "count": 0
  },
  {
    "id": "673e6391-e3e8-4b02-86de-c1d00c257bd3",
    "data": [
      {
        "text": "sıradaki toplantı",
        "userDefined": false
      }
    ],
    "isTemplate": false,
    "count": 1
  },
  {
    "id": "d71c26bf-db55-4e77-9a7b-66889c4ed1b7",
    "data": [
      {
        "text": "en yakın etkinliği öğrenmek istiyorum",
        "userDefined": false
      }
    ],
    "isTemplate": false,
    "count": 1
  }
]