[
  {
    "id": "5e695083-2a07-45cb-b0c1-17e74f4a98d0",
    "data": [
      {
        "text": "önümüzdeki etkinlik",
        "userDefined": false
      }
    ],
    "isTemplate": false,
    "count": 0
  },
  {
    "id": "83532812-bc81-4db9-8b8a-4303792b0bf4",
    "data": [
      {
        "text": "sıradaki etkinlik",
        "userDefined": false
      }
    ],
    "isTemplate": false,
    "count": 0
  },
  {
    "id": "07ef7fc5-4ea4-47a8-8043-71f507c064cf",
    "data": [
      {
        "text": "sıradaki etkinlik ne zaman",
        "userDefined": false
      }
    ],
    "isTemplate": false,
    "count": 0
  },
  {
    "id": "9542abec-9286-4173-bdac-aa186b5587d2",
    "data": [
      {
        "text": "sıradaki toplantıyı anlat",
        "userDefined": false
      }
    ],
    "isTemplate": false,
    "count": 0
  },
  {
    "id": "3b4d39a8-4f8f-4bbd-8e88-07a929e98978",
    "data": [
      {
        "text": "en yakın etkinlik",
        "userDefined": false
      }
    ],
    "isTemplate": false,
    "count": 0
  },
  {
    "id": "84acdd51-c2f7-4d1b-84b6-3f0640570a9a",
    "data": [
      {
        "text": "sıradaki etkinlikten bahset",
        "userDefined": false
      }
    ],
    "isTemplate": false,
    "count": 0
  },
  {
    "id": "2ad93879-2676-4c84-a1bb-d4e3624abe48",
    "data": [
      {
        "text": "yeni etkinlikten bahset",
        "userDefined": false
      }
    ],
    "isTemplate": false,
    "count": 0
  },
  {
    "id": "bbaff5ff-4662-48f8-b4a3-4e5789931fad",
    "data": [
      {
        "text": "sıradaki etkniliği öğrenmek istiyorum",
        "userDefined": false
      }
    ],
    "isTemplate": false,
    "count": 0
  },
  {
    "id": "cc0387ea-7b9b-44ef-991d-088b9cd7f516",
    "data": [
      {
        "text": "sıradaki toplantı",
        "userDefined": false
      }
    ],
    "isTemplate": false,
    "count": 1
  },
  {
    "id": "c1366790-9076-4d9f-8152-89550b47189b",
    "data": [
      {
        "text": "en yakın etkinliği öğrenmek istiyorum",
        "userDefined": false
      }
    ],
    "isTemplate": false,
    "count": 1
  }
]