[
  {
    "id": "780050e9-3aac-4f2e-846c-412693c6e257",
    "data": [
      {
        "text": "die nächste",
        "userDefined": false
      }
    ],
    "isTemplate": false,
    "count": 0,
    "updated": 1538195790
  },
  {
    "id": "834d3420-7eed-4ff6-a72c-467f9822b376",
    "data": [
      {
        "text": "Das nächste",
        "userDefined": false
      }
    ],
    "isTemplate": false,
    "count": 0,
    "updated": 1538195790
  },
  {
    "id": "c375a10a-afec-43cb-ab58-a46273fda47d",
    "data": [
      {
        "text": "nächtses",
        "meta": "@sys.ignore",
        "userDefined": false
      },
      {
        "text": " Event",
        "userDefined": false
      }
    ],
    "isTemplate": false,
    "count": 0,
    "updated": 1538195790
  },
  {
    "id": "0b212623-306a-4f18-bd9d-52d94f479bf1",
    "data": [
      {
        "text": "Wann ist das nächste Event",
        "userDefined": false
      }
    ],
    "isTemplate": false,
    "count": 0,
    "updated": 1538195790
  },
  {
    "id": "41038117-f2a7-4519-9198-5afff2aa89f1",
    "data": [
      {
        "text": "Erzähl mir mehr über die nächste Veranstaltung",
        "userDefined": false
      }
    ],
    "isTemplate": false,
    "count": 0,
    "updated": 1538195790
  },
  {
    "id": "7023c6bd-f11c-4531-8466-9ac5991657a9",
    "data": [
      {
        "text": "Nächste Veranstaltung",
        "userDefined": false
      }
    ],
    "isTemplate": false,
    "count": 0,
    "updated": 1538195790
  },
  {
    "id": "97a9dd0a-8549-4b4d-b17f-e4493d3b572d",
    "data": [
      {
        "text": "Erzähl mir mehr über das nächste Event",
        "userDefined": false
      }
    ],
    "isTemplate": false,
    "count": 0,
    "updated": 1538195790
  },
  {
    "id": "ad771a0c-f442-4a89-9556-707ad25250e4",
    "data": [
      {
        "text": "über das neue Event erfahren",
        "userDefined": false
      }
    ],
    "isTemplate": false,
    "count": 0,
    "updated": 1538195790
  },
  {
    "id": "4ac7f367-3acf-492f-b64c-484fac2ee594",
    "data": [
      {
        "text": "Ich möchte mehr über die nächste Veranstaltung hören",
        "userDefined": false
      }
    ],
    "isTemplate": false,
    "count": 1,
    "updated": 1538195790
  },
  {
    "id": "a8759b60-64e9-42d0-9041-5aad0bc2e473",
    "data": [
      {
        "text": "Erzähl mir über die nächste Veranstaltung",
        "userDefined": false
      }
    ],
    "isTemplate": false,
    "count": 0,
    "updated": 1538195790
  },
  {
    "id": "337f993a-d985-43bd-bffa-1d958ef96861",
    "data": [
      {
        "text": "Ich möchte mehr über das nächste Event ",
        "userDefined": false
      },
      {
        "text": "wissen",
        "meta": "@sys.ignore",
        "userDefined": false
      }
    ],
    "isTemplate": false,
    "count": 0,
    "updated": 1538195790
  },
  {
    "id": "e7e838f3-1a89-4fe4-8177-4235d3a2da1f",
    "data": [
      {
        "text": "Nächstes Meetup",
        "userDefined": false
      }
    ],
    "isTemplate": false,
    "count": 0,
    "updated": 1538195790
  }
]