[
  {
    "id": "457f774d-2d0d-4592-b93d-853988429937",
    "data": [
      {
        "text": "die nächste",
        "userDefined": false
      }
    ],
    "isTemplate": false,
    "count": 0,
    "updated": 1538195790
  },
  {
    "id": "b9b66de3-0421-451d-b66b-17de784ead3e",
    "data": [
      {
        "text": "Das nächste",
        "userDefined": false
      }
    ],
    "isTemplate": false,
    "count": 0,
    "updated": 1538195790
  },
  {
    "id": "49012f21-511f-4e80-8eab-f23619da3ec8",
    "data": [
      {
        "text": "nächtses",
        "meta": "@sys.ignore",
        "userDefined": false
      },
      {
        "text": " Event",
        "userDefined": false
      }
    ],
    "isTemplate": false,
    "count": 0,
    "updated": 1538195790
  },
  {
    "id": "c6dcc9f3-e05e-4422-9abc-3178061e620f",
    "data": [
      {
        "text": "Wann ist das nächste Event",
        "userDefined": false
      }
    ],
    "isTemplate": false,
    "count": 0,
    "updated": 1538195790
  },
  {
    "id": "a62dc94b-bb65-4579-a850-379f4934cb1e",
    "data": [
      {
        "text": "Erzähl mir mehr über die nächste Veranstaltung",
        "userDefined": false
      }
    ],
    "isTemplate": false,
    "count": 0,
    "updated": 1538195790
  },
  {
    "id": "7a306735-8b6e-45e5-8f61-3cde688f7462",
    "data": [
      {
        "text": "Nächste Veranstaltung",
        "userDefined": false
      }
    ],
    "isTemplate": false,
    "count": 0,
    "updated": 1538195790
  },
  {
    "id": "744cd8e4-c287-45af-8436-727bdaf9cc1a",
    "data": [
      {
        "text": "Erzähl mir mehr über das nächste Event",
        "userDefined": false
      }
    ],
    "isTemplate": false,
    "count": 0,
    "updated": 1538195790
  },
  {
    "id": "04ce8815-667a-4a7d-b55d-62b66e32169d",
    "data": [
      {
        "text": "über das neue Event erfahren",
        "userDefined": false
      }
    ],
    "isTemplate": false,
    "count": 0,
    "updated": 1538195790
  },
  {
    "id": "90e82870-2af6-446a-889c-0cbff77240f2",
    "data": [
      {
        "text": "Ich möchte mehr über die nächste Veranstaltung hören",
        "userDefined": false
      }
    ],
    "isTemplate": false,
    "count": 1,
    "updated": 1538195790
  },
  {
    "id": "7f0261a1-17a7-427a-8991-77ba4ad6b159",
    "data": [
      {
        "text": "Erzähl mir über die nächste Veranstaltung",
        "userDefined": false
      }
    ],
    "isTemplate": false,
    "count": 0,
    "updated": 1538195790
  },
  {
    "id": "fe855f84-8eb4-4eaa-a1e7-73e2680cf5cf",
    "data": [
      {
        "text": "Ich möchte mehr über das nächste Event ",
        "userDefined": false
      },
      {
        "text": "wissen",
        "meta": "@sys.ignore",
        "userDefined": false
      }
    ],
    "isTemplate": false,
    "count": 0,
    "updated": 1538195790
  },
  {
    "id": "e22ceb61-5b5a-46dc-ad44-bc952ca4edad",
    "data": [
      {
        "text": "Nächstes Meetup",
        "userDefined": false
      }
    ],
    "isTemplate": false,
    "count": 0,
    "updated": 1538195790
  }
]