[
  {
    "id": "9e8d3b29-582e-44f2-b6ee-febfd9f92e7d",
    "data": [
      {
        "text": "Quiero saber sobre la próxima sesión",
        "userDefined": false
      }
    ],
    "isTemplate": false,
    "count": 0,
    "updated": 1536945487
  },
  {
    "id": "9ad8f915-7b22-4e2f-924d-6355731be923",
    "data": [
      {
        "text": "cuándo es el próximo evento",
        "userDefined": false
      }
    ],
    "isTemplate": false,
    "count": 0,
    "updated": 1536945487
  },
  {
    "id": "56798c3e-4467-4f29-8a27-da4ff96a37ba",
    "data": [
      {
        "text": "Quiero saber sobre el próximo evento",
        "userDefined": false
      }
    ],
    "isTemplate": false,
    "count": 2,
    "updated": 1536945487
  },
  {
    "id": "1f48e72c-02ee-4a92-b942-5466abf788f2",
    "data": [
      {
        "text": "aprender sobre el ",
        "userDefined": false
      },
      {
        "text": "nuevo",
        "meta": "@sys.ignore",
        "userDefined": false
      },
      {
        "text": " evento",
        "userDefined": false
      }
    ],
    "isTemplate": false,
    "count": 0,
    "updated": 1536945487
  },
  {
    "id": "a7800d9c-2a44-4e8e-a331-ad8f3d1aaa24",
    "data": [
      {
        "text": "cuéntame sobre la próxima reunión",
        "userDefined": false
      }
    ],
    "isTemplate": false,
    "count": 0,
    "updated": 1536945487
  },
  {
    "id": "44f38afa-a683-4373-a6a7-21a6df0460e1",
    "data": [
      {
        "text": "cuéntame sobre el próximo evento",
        "userDefined": false
      }
    ],
    "isTemplate": false,
    "count": 0,
    "updated": 1536945487
  },
  {
    "id": "ac85be4a-7da3-4d74-b285-2d162bb700b7",
    "data": [
      {
        "text": "Próximo evento",
        "userDefined": false
      }
    ],
    "isTemplate": false,
    "count": 1,
    "updated": 1533922423
  },
  {
    "id": "dc106008-e469-4d76-a4e1-0d00bc379f13",
    "data": [
      {
        "text": "próxima reunión",
        "userDefined": false
      }
    ],
    "isTemplate": false,
    "count": 1,
    "updated": 1536945487
  },
  {
    "id": "f2d2764e-5fdb-4f27-a4ab-52c93229406c",
    "data": [
      {
        "text": "el proximo",
        "userDefined": false
      }
    ],
    "isTemplate": false,
    "count": 0,
    "updated": 1536945487
  },
  {
    "id": "9200b02f-ecbb-416c-a26d-6278879026c8",
    "data": [
      {
        "text": "próxima sesión",
        "userDefined": false
      }
    ],
    "isTemplate": false,
    "count": 0,
    "updated": 1536945487
  }
]