[
  {
    "id": "e0adb71b-68cd-4b22-977f-90cd205d8a88",
    "data": [
      {
        "text": "próximo",
        "userDefined": false
      }
    ],
    "isTemplate": false,
    "count": 0
  },
  {
    "id": "653a8ef1-d6d5-465d-a8e5-293b6b113c5c",
    "data": [
      {
        "text": "próximo evento",
        "userDefined": false
      }
    ],
    "isTemplate": false,
    "count": 0
  },
  {
    "id": "b3dd2087-8c3d-4228-adfb-8bebf40ba94c",
    "data": [
      {
        "text": "quando é o próximo evento",
        "userDefined": false
      }
    ],
    "isTemplate": false,
    "count": 0
  },
  {
    "id": "fa882962-c91d-4b7d-9075-0250c499db2f",
    "data": [
      {
        "text": "Me fale sobre o próximo meetup",
        "userDefined": false
      }
    ],
    "isTemplate": false,
    "count": 0
  },
  {
    "id": "c2297b94-f4b4-4aa0-ab59-2ce86c00888a",
    "data": [
      {
        "text": "próxima sessão",
        "userDefined": false
      }
    ],
    "isTemplate": false,
    "count": 0
  },
  {
    "id": "5461e84d-2d6c-4d6e-83eb-b5ef85e43d0c",
    "data": [
      {
        "text": "Me fale sobre o próximo evento",
        "userDefined": false
      }
    ],
    "isTemplate": false,
    "count": 0
  },
  {
    "id": "0e767c0d-674a-48fc-bdf2-b3dae63543d2",
    "data": [
      {
        "text": "Saber sobre o novo evento",
        "userDefined": false
      }
    ],
    "isTemplate": false,
    "count": 0
  },
  {
    "id": "e40ccdcc-57df-4860-9b30-664742203e8f",
    "data": [
      {
        "text": "Eu quero saber sobre a próxima sessão",
        "userDefined": false
      }
    ],
    "isTemplate": false,
    "count": 0
  },
  {
    "id": "660a9809-9fd2-46a9-a3d1-7915bf715855",
    "data": [
      {
        "text": "próximo encontro",
        "userDefined": false
      }
    ],
    "isTemplate": false,
    "count": 0
  },
  {
    "id": "549f0001-3fb6-4f22-bd85-e363dbd51ac1",
    "data": [
      {
        "text": "Me fale sobre o próximo encontro",
        "userDefined": false
      }
    ],
    "isTemplate": false,
    "count": 0
  },
  {
    "id": "84ba9a81-82fa-46bd-8a62-265fafc5b2e2",
    "data": [
      {
        "text": "Eu quero saber sobre o próximo evento",
        "userDefined": false
      }
    ],
    "isTemplate": false,
    "count": 0
  },
  {
    "id": "368ce6af-9db0-4c25-abf4-350e1ff8432a",
    "data": [
      {
        "text": "Próximo meetup",
        "userDefined": false
      }
    ],
    "isTemplate": false,
    "count": 0
  }
]