[
  {
    "id": "bec99b28-4214-4310-82e8-d676e50e82ed",
    "data": [
      {
        "text": "次回",
        "userDefined": false
      }
    ],
    "isTemplate": false,
    "count": 0,
    "updated": 1538584260
  },
  {
    "id": "7b25dcd3-f98a-47e9-8251-025a598936bf",
    "data": [
      {
        "text": "次のイベント",
        "userDefined": false
      }
    ],
    "isTemplate": false,
    "count": 0,
    "updated": 1538584260
  },
  {
    "id": "cd7cfb51-077f-4c1b-b36a-ffd825b5dfc6",
    "data": [
      {
        "text": "次のイベントはいつですか",
        "userDefined": false
      }
    ],
    "isTemplate": false,
    "count": 0,
    "updated": 1538584260
  },
  {
    "id": "228b2eb0-9ed6-4511-aec9-63e7f5e1241e",
    "data": [
      {
        "text": "次のミートアップについて教えて。",
        "userDefined": false
      }
    ],
    "isTemplate": false,
    "count": 0,
    "updated": 1538584260
  },
  {
    "id": "1976d7c5-b0b1-45fa-9ee8-bbbe22951ac7",
    "data": [
      {
        "text": "次のセッション",
        "userDefined": false
      }
    ],
    "isTemplate": false,
    "count": 0,
    "updated": 1538584260
  },
  {
    "id": "d38175b2-6ed2-478b-a058-90c7a098a2ae",
    "data": [
      {
        "text": "次のイベントについて教えて。",
        "userDefined": false
      }
    ],
    "isTemplate": false,
    "count": 0,
    "updated": 1538584260
  },
  {
    "id": "fe958eda-54da-43ca-984c-43c290a83929",
    "data": [
      {
        "text": "新しいイベントについて教えて。",
        "userDefined": false
      }
    ],
    "isTemplate": false,
    "count": 0,
    "updated": 1538584260
  },
  {
    "id": "081a7689-1d9e-4a52-86ed-b82b0e4b213d",
    "data": [
      {
        "text": "次のセッションについて聞きたい。",
        "userDefined": false
      }
    ],
    "isTemplate": false,
    "count": 0,
    "updated": 1538584260
  },
  {
    "id": "bfe835f1-3e61-49e0-9d8c-0c7ca79be3aa",
    "data": [
      {
        "text": "次の勉強会",
        "userDefined": false
      }
    ],
    "isTemplate": false,
    "count": 0,
    "updated": 1538584260
  },
  {
    "id": "213df8bf-5852-41e9-b057-f4df75a90a15",
    "data": [
      {
        "text": "次の勉強会について教えて。",
        "userDefined": false
      }
    ],
    "isTemplate": false,
    "count": 0,
    "updated": 1538584260
  },
  {
    "id": "0b2fdf0f-eec3-45eb-ba7b-75b4833fa4c9",
    "data": [
      {
        "text": "次のイベントについて知りたい。",
        "userDefined": false
      }
    ],
    "isTemplate": false,
    "count": 0,
    "updated": 1538584260
  },
  {
    "id": "11df2a86-84fe-4750-84e6-018849461e8a",
    "data": [
      {
        "text": "次のミートアップ",
        "userDefined": false
      }
    ],
    "isTemplate": false,
    "count": 0,
    "updated": 1538584260
  }
]