[
  {
    "id": "f3557677-a6db-46c9-b452-9b1d4d634e60",
    "data": [
      {
        "text": "next meetup",
        "userDefined": false
      }
    ],
    "isTemplate": false,
    "count": 0,
    "updated": 1533834985
  },
  {
    "id": "7278421d-b7f6-47bd-87ff-55fdc7d6a371",
    "data": [
      {
        "text": "I want to know about the next event",
        "userDefined": false
      }
    ],
    "isTemplate": false,
    "count": 0,
    "updated": 1530290221
  },
  {
    "id": "a20399c3-b9c8-406d-a913-0763fef5879f",
    "data": [
      {
        "text": "tell me about the next meeting",
        "userDefined": false
      }
    ],
    "isTemplate": false,
    "count": 0,
    "updated": 1533834985
  },
  {
    "id": "c5f208c7-13c0-4c21-9bff-1c7d00f5b3a4",
    "data": [
      {
        "text": "next meeting",
        "userDefined": false
      }
    ],
    "isTemplate": false,
    "count": 0,
    "updated": 1533834985
  },
  {
    "id": "f0be47d6-08a3-452b-b308-ab3c56873c17",
    "data": [
      {
        "text": "I want to hear about the next session",
        "userDefined": false
      }
    ],
    "isTemplate": false,
    "count": 0,
    "updated": 1533834985
  },
  {
    "id": "a7f250dd-e42b-4a5d-96e2-84cc22c3e515",
    "data": [
      {
        "text": "Learn about Next event",
        "userDefined": false
      }
    ],
    "isTemplate": false,
    "count": 0,
    "updated": 1530290221
  },
  {
    "id": "08cf78f3-fc14-40d4-9ebd-eeffe279c315",
    "data": [
      {
        "text": "Tell me about the next event",
        "userDefined": false
      }
    ],
    "isTemplate": false,
    "count": 0,
    "updated": 1530290221
  },
  {
    "id": "63882b3d-f97c-4b65-a7f9-841b0b281b52",
    "data": [
      {
        "text": "next session",
        "userDefined": false
      }
    ],
    "isTemplate": false,
    "count": 0,
    "updated": 1533834985
  },
  {
    "id": "e74b5058-ef34-4186-a117-c28705ec1a0e",
    "data": [
      {
        "text": "tell me about the next meetup",
        "userDefined": false
      }
    ],
    "isTemplate": false,
    "count": 0,
    "updated": 1533834985
  },
  {
    "id": "d19c9f49-e7c5-4be2-ae30-c2432c963bcf",
    "data": [
      {
        "text": "When is the next event",
        "userDefined": false
      }
    ],
    "isTemplate": false,
    "count": 0,
    "updated": 1530290221
  },
  {
    "id": "1ea07607-a297-4e84-8691-e8acc3d50615",
    "data": [
      {
        "text": "next event",
        "userDefined": false
      }
    ],
    "isTemplate": false,
    "count": 0,
    "updated": 1524952295
  },
  {
    "id": "39b40189-06b1-4472-9faa-0c936c8db3f6",
    "data": [
      {
        "text": "next one",
        "userDefined": false
      }
    ],
    "isTemplate": false,
    "count": 0,
    "updated": 1533242270
  }
]