[
  {
    "id": "4178c8be-4755-4479-b5f8-1839b914e221",
    "data": [
      {
        "text": "次回",
        "userDefined": false
      }
    ],
    "isTemplate": false,
    "count": 0,
    "updated": 1538584260
  },
  {
    "id": "301a51f9-a47a-486d-9256-aa8615a74166",
    "data": [
      {
        "text": "次のイベント",
        "userDefined": false
      }
    ],
    "isTemplate": false,
    "count": 0,
    "updated": 1538584260
  },
  {
    "id": "de02d377-7bd4-4386-a5fd-ada118a2f96e",
    "data": [
      {
        "text": "次のイベントはいつですか",
        "userDefined": false
      }
    ],
    "isTemplate": false,
    "count": 0,
    "updated": 1538584260
  },
  {
    "id": "e0d20b3f-e4d0-47c8-8569-a0769491dbc0",
    "data": [
      {
        "text": "次のミートアップについて教えて。",
        "userDefined": false
      }
    ],
    "isTemplate": false,
    "count": 0,
    "updated": 1538584260
  },
  {
    "id": "396282dd-8853-4cdb-a0c0-14d6117c4e4f",
    "data": [
      {
        "text": "次のセッション",
        "userDefined": false
      }
    ],
    "isTemplate": false,
    "count": 0,
    "updated": 1538584260
  },
  {
    "id": "98a0fcf7-1b85-4306-8c08-6039e4cd9207",
    "data": [
      {
        "text": "次のイベントについて教えて。",
        "userDefined": false
      }
    ],
    "isTemplate": false,
    "count": 0,
    "updated": 1538584260
  },
  {
    "id": "732625b0-f123-4192-a150-89b81ac25326",
    "data": [
      {
        "text": "新しいイベントについて教えて。",
        "userDefined": false
      }
    ],
    "isTemplate": false,
    "count": 0,
    "updated": 1538584260
  },
  {
    "id": "bb0eb4cb-0fb9-4018-a661-42b8561c53de",
    "data": [
      {
        "text": "次のセッションについて聞きたい。",
        "userDefined": false
      }
    ],
    "isTemplate": false,
    "count": 0,
    "updated": 1538584260
  },
  {
    "id": "d7f8aee6-50b6-4302-9572-4c8dcd0d303d",
    "data": [
      {
        "text": "次の勉強会",
        "userDefined": false
      }
    ],
    "isTemplate": false,
    "count": 0,
    "updated": 1538584260
  },
  {
    "id": "b6a9a922-12ce-4ce3-9c0b-21d87832796e",
    "data": [
      {
        "text": "次の勉強会について教えて。",
        "userDefined": false
      }
    ],
    "isTemplate": false,
    "count": 0,
    "updated": 1538584260
  },
  {
    "id": "1eb7c7bd-521d-460a-9a6f-a427b6864f04",
    "data": [
      {
        "text": "次のイベントについて知りたい。",
        "userDefined": false
      }
    ],
    "isTemplate": false,
    "count": 0,
    "updated": 1538584260
  },
  {
    "id": "400fa055-e95f-4dd8-a2cb-07b3b6f8aba3",
    "data": [
      {
        "text": "次のミートアップ",
        "userDefined": false
      }
    ],
    "isTemplate": false,
    "count": 0,
    "updated": 1538584260
  }
]