[
  {
    "id": "fd8ce54b-0e00-4e26-9f90-83791af461df",
    "data": [
      {
        "text": "próximo",
        "userDefined": false
      }
    ],
    "isTemplate": false,
    "count": 0
  },
  {
    "id": "c6bd8eb1-69d6-4be7-809f-e2f956e6a01e",
    "data": [
      {
        "text": "Me fale sobre o próximo meetup",
        "userDefined": false
      }
    ],
    "isTemplate": false,
    "count": 0
  },
  {
    "id": "61a312fc-a454-4820-af48-37ee981c5013",
    "data": [
      {
        "text": "próximo evento",
        "userDefined": false
      }
    ],
    "isTemplate": false,
    "count": 0
  },
  {
    "id": "e8c2b660-39f6-4797-a6bc-f2e4f15616dd",
    "data": [
      {
        "text": "Eu quero saber sobre a próxima sessão",
        "userDefined": false
      }
    ],
    "isTemplate": false,
    "count": 0
  },
  {
    "id": "c21e5495-2e7b-433e-a6a4-c9649e31b5e8",
    "data": [
      {
        "text": "próxima sessão",
        "userDefined": false
      }
    ],
    "isTemplate": false,
    "count": 0
  },
  {
    "id": "084724fa-0775-445b-b27e-9a8f99893215",
    "data": [
      {
        "text": "Me fale sobre o próximo evento",
        "userDefined": false
      }
    ],
    "isTemplate": false,
    "count": 0
  },
  {
    "id": "95c12967-5606-4bbe-b9c8-bf8f1baa199a",
    "data": [
      {
        "text": "Me fale sobre o próximo encontro",
        "userDefined": false
      }
    ],
    "isTemplate": false,
    "count": 0
  },
  {
    "id": "497525bb-4b5b-4431-a179-910f0676401e",
    "data": [
      {
        "text": "quando é o próximo evento",
        "userDefined": false
      }
    ],
    "isTemplate": false,
    "count": 0
  },
  {
    "id": "bf255fd1-382b-450b-b634-7e5747f9099f",
    "data": [
      {
        "text": "próximo encontro",
        "userDefined": false
      }
    ],
    "isTemplate": false,
    "count": 0
  },
  {
    "id": "3df84973-ad7b-4c6a-af9b-8057321b01b9",
    "data": [
      {
        "text": "Saber sobre o novo evento",
        "userDefined": false
      }
    ],
    "isTemplate": false,
    "count": 0
  },
  {
    "id": "31216b87-3bfe-4cc4-b21c-6fde38ee7466",
    "data": [
      {
        "text": "Próximo meetup",
        "userDefined": false
      }
    ],
    "isTemplate": false,
    "count": 0
  },
  {
    "id": "0e65275b-2259-412e-b79d-2621f32343ab",
    "data": [
      {
        "text": "Eu quero saber sobre o próximo evento",
        "userDefined": false
      }
    ],
    "isTemplate": false,
    "count": 0
  }
]