[
  {
    "id": "1b6fcb60-6a3d-4968-b961-d72c273ca1c1",
    "data": [
      {
        "text": "prossimo",
        "userDefined": false
      }
    ],
    "isTemplate": false,
    "count": 0,
    "updated": 1536886279
  },
  {
    "id": "d5ffe209-dd49-405a-b8af-41a3db4f5b8e",
    "data": [
      {
        "text": "prossimo evento",
        "userDefined": false
      }
    ],
    "isTemplate": false,
    "count": 1,
    "updated": 1536886279
  },
  {
    "id": "fb77c3bb-103e-449c-bf54-cd7e5807cfe7",
    "data": [
      {
        "text": "quand\u0027e\u0027 il prossimo evento",
        "userDefined": false
      }
    ],
    "isTemplate": false,
    "count": 0,
    "updated": 1536886279
  },
  {
    "id": "42a1b74b-048d-4555-a79c-37323686860f",
    "data": [
      {
        "text": "parlami del prossimo meetup",
        "userDefined": false
      }
    ],
    "isTemplate": false,
    "count": 0,
    "updated": 1536886279
  },
  {
    "id": "34a5f56f-b9b7-4959-a479-9e3806233e4c",
    "data": [
      {
        "text": "prossima session",
        "userDefined": false
      }
    ],
    "isTemplate": false,
    "count": 0,
    "updated": 1536886279
  },
  {
    "id": "0f59b798-4392-4ade-a10d-0f00a4739cad",
    "data": [
      {
        "text": "dimmi tutto sul prossimo evento",
        "userDefined": false
      }
    ],
    "isTemplate": false,
    "count": 0,
    "updated": 1536886279
  },
  {
    "id": "6a8d6118-106d-45e3-95ce-cba56f6416d6",
    "data": [
      {
        "text": "scoprire il nuovo evento",
        "userDefined": false
      }
    ],
    "isTemplate": false,
    "count": 0,
    "updated": 1536886279
  },
  {
    "id": "ce26ff6a-efee-41d6-b9cc-39390b429781",
    "data": [
      {
        "text": "voglio sapere della prossima sessione",
        "userDefined": false
      }
    ],
    "isTemplate": false,
    "count": 0,
    "updated": 1536886279
  },
  {
    "id": "0797cc0c-4c67-4fbf-871d-5eb021189804",
    "data": [
      {
        "text": "prossimo meeting",
        "userDefined": false
      }
    ],
    "isTemplate": false,
    "count": 0,
    "updated": 1536886279
  },
  {
    "id": "68ec766f-7ce3-412c-8f21-0bc8dc72c4bd",
    "data": [
      {
        "text": "parlami del prossimo evento",
        "userDefined": false
      }
    ],
    "isTemplate": false,
    "count": 0,
    "updated": 1536886279
  },
  {
    "id": "4e55fa92-21c9-4edd-b376-515490f799e6",
    "data": [
      {
        "text": "voglio sapere tutto sul prossimo evento",
        "userDefined": false
      }
    ],
    "isTemplate": false,
    "count": 0,
    "updated": 1536886279
  },
  {
    "id": "72cbf653-130c-404a-bbe1-6bc102363ba3",
    "data": [
      {
        "text": "prossimo meetup",
        "userDefined": false
      }
    ],
    "isTemplate": false,
    "count": 2,
    "updated": 1536886279
  },
  {
    "id": "eacde749-cd22-47b7-91fe-5e0058e313a5",
    "data": [
      {
        "text": "quando si riunisce il gdg in futuro?",
        "userDefined": false
      }
    ],
    "isTemplate": false,
    "count": 1,
    "updated": 1536886279
  },
  {
    "id": "bdb1a843-fe60-4ef1-9d9e-916cddd8dc2b",
    "data": [
      {
        "text": "di che si parla nel prossimo evento?",
        "userDefined": false
      }
    ],
    "isTemplate": false,
    "count": 0,
    "updated": 1536886279
  }
]