[
  {
    "id": "66bcf8e0-f138-4466-9fd4-e6aa536de6e5",
    "data": [
      {
        "text": "next meetup",
        "userDefined": false
      }
    ],
    "isTemplate": false,
    "count": 0,
    "updated": 1533834985
  },
  {
    "id": "5c88dfdc-38be-4e3c-9207-fe294b6537c7",
    "data": [
      {
        "text": "I want to know about the next event",
        "userDefined": false
      }
    ],
    "isTemplate": false,
    "count": 0,
    "updated": 1530290221
  },
  {
    "id": "4a9cb208-7492-497e-8040-a7763c26bfaa",
    "data": [
      {
        "text": "tell me about the next meeting",
        "userDefined": false
      }
    ],
    "isTemplate": false,
    "count": 0,
    "updated": 1533834985
  },
  {
    "id": "050996b9-5da8-4ef6-a7ef-20dd031f3fb4",
    "data": [
      {
        "text": "next meeting",
        "userDefined": false
      }
    ],
    "isTemplate": false,
    "count": 0,
    "updated": 1533834985
  },
  {
    "id": "28ae96e2-5e73-4532-b0d2-f43a0e171c6c",
    "data": [
      {
        "text": "I want to hear about the next session",
        "userDefined": false
      }
    ],
    "isTemplate": false,
    "count": 0,
    "updated": 1533834985
  },
  {
    "id": "b1abfc61-9486-4335-92c7-903e548f579b",
    "data": [
      {
        "text": "Learn about Next event",
        "userDefined": false
      }
    ],
    "isTemplate": false,
    "count": 0,
    "updated": 1530290221
  },
  {
    "id": "5a319d74-7803-41b8-aed6-2edf41154642",
    "data": [
      {
        "text": "Tell me about the next event",
        "userDefined": false
      }
    ],
    "isTemplate": false,
    "count": 0,
    "updated": 1530290221
  },
  {
    "id": "182d3d11-e5ce-4746-a847-8934a844c334",
    "data": [
      {
        "text": "next session",
        "userDefined": false
      }
    ],
    "isTemplate": false,
    "count": 0,
    "updated": 1533834985
  },
  {
    "id": "6d4cbca1-157a-4408-8f2c-ebe535241c0a",
    "data": [
      {
        "text": "tell me about the next meetup",
        "userDefined": false
      }
    ],
    "isTemplate": false,
    "count": 0,
    "updated": 1533834985
  },
  {
    "id": "45f1c93d-de1f-4330-91b8-1a6633380baf",
    "data": [
      {
        "text": "When is the next event",
        "userDefined": false
      }
    ],
    "isTemplate": false,
    "count": 0,
    "updated": 1530290221
  },
  {
    "id": "ace1fd2f-00d9-4ae0-bff8-08f403f0346d",
    "data": [
      {
        "text": "next event",
        "userDefined": false
      }
    ],
    "isTemplate": false,
    "count": 0,
    "updated": 1524952295
  },
  {
    "id": "e85eacef-713a-404e-9477-cdefe2332420",
    "data": [
      {
        "text": "next one",
        "userDefined": false
      }
    ],
    "isTemplate": false,
    "count": 0,
    "updated": 1533242270
  }
]