[
  {
    "id": "56b05fc0-59bd-4091-bfab-68781e432041",
    "data": [
      {
        "text": "prossimo evento",
        "userDefined": false
      }
    ],
    "isTemplate": false,
    "count": 1,
    "updated": 1536886279
  },
  {
    "id": "d7477864-5541-4e5d-ad46-382a368129c1",
    "data": [
      {
        "text": "dimmi tutto sul prossimo evento",
        "userDefined": false
      }
    ],
    "isTemplate": false,
    "count": 0,
    "updated": 1536886279
  },
  {
    "id": "14d4c413-f9e4-4317-87ac-510f9fdd8b31",
    "data": [
      {
        "text": "quand\u0027e\u0027 il prossimo evento",
        "userDefined": false
      }
    ],
    "isTemplate": false,
    "count": 0,
    "updated": 1536886279
  },
  {
    "id": "dfd92b2a-0baf-4d6b-832a-557f0d7eb8c1",
    "data": [
      {
        "text": "prossima session",
        "userDefined": false
      }
    ],
    "isTemplate": false,
    "count": 0,
    "updated": 1536886279
  },
  {
    "id": "098140ca-10a6-42ce-8918-896d7d7f60dd",
    "data": [
      {
        "text": "di che si parla nel prossimo evento?",
        "userDefined": false
      }
    ],
    "isTemplate": false,
    "count": 0,
    "updated": 1536886279
  },
  {
    "id": "4b6ed515-822a-4db5-87bb-1dac8777acaf",
    "data": [
      {
        "text": "parlami del prossimo meetup",
        "userDefined": false
      }
    ],
    "isTemplate": false,
    "count": 0,
    "updated": 1536886279
  },
  {
    "id": "7f9e97f1-7441-4871-beda-71741ebf3c7b",
    "data": [
      {
        "text": "voglio sapere della prossima sessione",
        "userDefined": false
      }
    ],
    "isTemplate": false,
    "count": 0,
    "updated": 1536886279
  },
  {
    "id": "c1d772c5-e5f8-4c7e-a20e-d8d401dfe4b9",
    "data": [
      {
        "text": "prossimo meetup",
        "userDefined": false
      }
    ],
    "isTemplate": false,
    "count": 2,
    "updated": 1536886279
  },
  {
    "id": "d5c76ca1-280a-4716-9c9f-3b7072de06fc",
    "data": [
      {
        "text": "scoprire il nuovo evento",
        "userDefined": false
      }
    ],
    "isTemplate": false,
    "count": 0,
    "updated": 1536886279
  },
  {
    "id": "1c79dd9a-d368-4a3b-b6d6-19e057e7d71e",
    "data": [
      {
        "text": "voglio sapere tutto sul prossimo evento",
        "userDefined": false
      }
    ],
    "isTemplate": false,
    "count": 0,
    "updated": 1536886279
  },
  {
    "id": "0f766d94-6e4d-4e91-bf47-51d9619b6f77",
    "data": [
      {
        "text": "parlami del prossimo evento",
        "userDefined": false
      }
    ],
    "isTemplate": false,
    "count": 0,
    "updated": 1536886279
  },
  {
    "id": "4fb6e833-d789-4098-b215-455557785bb1",
    "data": [
      {
        "text": "quando si riunisce il gdg in futuro?",
        "userDefined": false
      }
    ],
    "isTemplate": false,
    "count": 1,
    "updated": 1536886279
  },
  {
    "id": "61a7ef1f-050a-4082-8208-aec2a62cd701",
    "data": [
      {
        "text": "prossimo",
        "userDefined": false
      }
    ],
    "isTemplate": false,
    "count": 0,
    "updated": 1536886279
  },
  {
    "id": "bcc1b0eb-e2eb-4011-ba18-534e24a3db6c",
    "data": [
      {
        "text": "prossimo meeting",
        "userDefined": false
      }
    ],
    "isTemplate": false,
    "count": 0,
    "updated": 1536886279
  }
]