[
  {
    "id": "bf2d35ab-e2e7-423f-8b86-b8e952553160",
    "data": [
      {
        "text": "next meetup",
        "userDefined": false
      }
    ],
    "isTemplate": false,
    "count": 0,
    "updated": 1533834985
  },
  {
    "id": "3a572d2c-7529-4c01-8ff4-0c07379fc5bd",
    "data": [
      {
        "text": "I want to know about the next event",
        "userDefined": false
      }
    ],
    "isTemplate": false,
    "count": 0,
    "updated": 1530290221
  },
  {
    "id": "812d5433-c35a-40aa-b698-e9cb3031d4f5",
    "data": [
      {
        "text": "tell me about the next meeting",
        "userDefined": false
      }
    ],
    "isTemplate": false,
    "count": 0,
    "updated": 1533834985
  },
  {
    "id": "40f6f779-ef3a-4228-bdeb-d18cf290bd13",
    "data": [
      {
        "text": "next meeting",
        "userDefined": false
      }
    ],
    "isTemplate": false,
    "count": 0,
    "updated": 1533834985
  },
  {
    "id": "a2ccc3f2-18e8-465f-86bc-ac3facb00017",
    "data": [
      {
        "text": "I want to hear about the next session",
        "userDefined": false
      }
    ],
    "isTemplate": false,
    "count": 0,
    "updated": 1533834985
  },
  {
    "id": "fd0701e9-952d-4f7f-b2a6-084ea7627164",
    "data": [
      {
        "text": "Learn about Next event",
        "userDefined": false
      }
    ],
    "isTemplate": false,
    "count": 0,
    "updated": 1530290221
  },
  {
    "id": "91a69161-1bee-437a-9212-bb5c8daf4367",
    "data": [
      {
        "text": "Tell me about the next event",
        "userDefined": false
      }
    ],
    "isTemplate": false,
    "count": 0,
    "updated": 1530290221
  },
  {
    "id": "0e4a6a2a-d037-47f0-a496-fb4e6913b8b3",
    "data": [
      {
        "text": "next session",
        "userDefined": false
      }
    ],
    "isTemplate": false,
    "count": 0,
    "updated": 1533834985
  },
  {
    "id": "a7fe03cd-322f-43a9-9774-e513eb29471a",
    "data": [
      {
        "text": "tell me about the next meetup",
        "userDefined": false
      }
    ],
    "isTemplate": false,
    "count": 0,
    "updated": 1533834985
  },
  {
    "id": "363d2ccb-94ae-453b-8d46-be636fd14bea",
    "data": [
      {
        "text": "When is the next event",
        "userDefined": false
      }
    ],
    "isTemplate": false,
    "count": 0,
    "updated": 1530290221
  },
  {
    "id": "264006db-ebc0-4c58-b267-0373fe0a9ebd",
    "data": [
      {
        "text": "next event",
        "userDefined": false
      }
    ],
    "isTemplate": false,
    "count": 0,
    "updated": 1524952295
  },
  {
    "id": "54c4cb09-a538-4909-9cc8-824f179b37dd",
    "data": [
      {
        "text": "next one",
        "userDefined": false
      }
    ],
    "isTemplate": false,
    "count": 0,
    "updated": 1533242270
  }
]