[
  {
    "id": "ef2226ac-54a4-4823-838e-f1db81a73fff",
    "data": [
      {
        "text": "Me fale quem organiza o GDG",
        "userDefined": false
      }
    ],
    "isTemplate": false,
    "count": 0
  },
  {
    "id": "6ec4625e-5965-4d60-9810-1beaa6f95e24",
    "data": [
      {
        "text": "Nome do organizador",
        "userDefined": false
      }
    ],
    "isTemplate": false,
    "count": 0
  },
  {
    "id": "bdf0438b-23c2-4a87-82c6-c4a426e18db0",
    "data": [
      {
        "text": "Organizador",
        "userDefined": false
      }
    ],
    "isTemplate": false,
    "count": 0
  },
  {
    "id": "48471ede-6e64-401c-870d-d06377179a0e",
    "data": [
      {
        "text": "quem é a pessoa para contato",
        "userDefined": false
      }
    ],
    "isTemplate": false,
    "count": 0
  },
  {
    "id": "4993c216-77d5-4f0f-8621-23cc631ae7df",
    "data": [
      {
        "text": "Quem cuida disso",
        "userDefined": false
      }
    ],
    "isTemplate": false,
    "count": 0
  },
  {
    "id": "518cd8f9-1a01-4721-9206-c38d8f2f70f3",
    "data": [
      {
        "text": "saber sobre o organizador",
        "userDefined": false
      }
    ],
    "isTemplate": false,
    "count": 0
  },
  {
    "id": "69d267c1-b283-4884-a4d6-0e2a54e3a93c",
    "data": [
      {
        "text": "Quem é o organizador?",
        "userDefined": false
      }
    ],
    "isTemplate": false,
    "count": 0
  },
  {
    "id": "ea16edd8-a3da-473b-9fbd-f9b91b0ba1e6",
    "data": [
      {
        "text": "Qual é o nome do organizador?",
        "userDefined": false
      }
    ],
    "isTemplate": false,
    "count": 0
  },
  {
    "id": "c40e9f72-1ca9-4da1-808f-2a89f42c90de",
    "data": [
      {
        "text": "Quem lidera o GDG?",
        "userDefined": false
      }
    ],
    "isTemplate": false,
    "count": 0
  }
]