[
  {
    "id": "358c3b7d-a1f5-4cc7-9cf3-c8f43e6e597f",
    "data": [
      {
        "text": "dime quién organiza el GDG",
        "userDefined": false
      }
    ],
    "isTemplate": false,
    "count": 0,
    "updated": 1536945551
  },
  {
    "id": "1f15898a-602e-4270-9d68-a2ca0cda7c39",
    "data": [
      {
        "text": "nombre del organizador",
        "userDefined": false
      }
    ],
    "isTemplate": false,
    "count": 0,
    "updated": 1536945551
  },
  {
    "id": "3fb096c4-639c-4d5d-ae92-1bcdcfe734c2",
    "data": [
      {
        "text": "organizador",
        "userDefined": false
      }
    ],
    "isTemplate": false,
    "count": 0,
    "updated": 1536945551
  },
  {
    "id": "7a1c1de8-f0c9-458e-8106-117923829def",
    "data": [
      {
        "text": "quién es el punto",
        "userDefined": false
      }
    ],
    "isTemplate": false,
    "count": 0,
    "updated": 1536945551
  },
  {
    "id": "0eb77f9a-5807-49b5-9e55-c66a5fb28c80",
    "data": [
      {
        "text": "quién ejecuta esto",
        "userDefined": false
      }
    ],
    "isTemplate": false,
    "count": 0,
    "updated": 1536945551
  },
  {
    "id": "f21f655f-a44e-4348-a568-375b8452bf35",
    "data": [
      {
        "text": "aprender sobre el organizador",
        "userDefined": false
      }
    ],
    "isTemplate": false,
    "count": 0,
    "updated": 1536945551
  },
  {
    "id": "0dd20d76-63dd-4e56-8059-0994b6134475",
    "data": [
      {
        "text": "quién es el organizador",
        "userDefined": false
      }
    ],
    "isTemplate": false,
    "count": 0,
    "updated": 1536945551
  },
  {
    "id": "6c519160-2e2b-47da-828c-394c8f95557e",
    "data": [
      {
        "text": "¿Cuál es el nombre del organizer?",
        "userDefined": false
      }
    ],
    "isTemplate": false,
    "count": 0,
    "updated": 1536945551
  },
  {
    "id": "0b3eda12-8a2e-4993-9c48-d5fd714e1d53",
    "data": [
      {
        "text": "quién lidera el GDG",
        "userDefined": false
      }
    ],
    "isTemplate": false,
    "count": 0,
    "updated": 1536945551
  },
  {
    "id": "3a50b203-7182-44b4-9431-a5d7942fe5f3",
    "data": [
      {
        "text": "Aprenda sobre el organizador",
        "userDefined": false
      }
    ],
    "isTemplate": false,
    "count": 0,
    "updated": 1533922556
  }
]