[
  {
    "id": "02764991-dc69-4693-a28e-7bf87e2fced6",
    "data": [
      {
        "text": "dimmi che organizza il GDG",
        "userDefined": false
      }
    ],
    "isTemplate": false,
    "count": 1,
    "updated": 1536886341
  },
  {
    "id": "fb3f70a3-381e-4d2c-90b6-8b353b491683",
    "data": [
      {
        "text": "nome",
        "meta": "@sys.ignore",
        "userDefined": false
      },
      {
        "text": " dell\u0027organizzatore",
        "userDefined": false
      }
    ],
    "isTemplate": false,
    "count": 0,
    "updated": 1536886341
  },
  {
    "id": "67d88923-a41c-4b90-8b61-709b38dd4259",
    "data": [
      {
        "text": "organizzatore",
        "userDefined": false
      }
    ],
    "isTemplate": false,
    "count": 0,
    "updated": 1536886341
  },
  {
    "id": "2390a8a0-89d4-42e6-b7da-45d5df916abf",
    "data": [
      {
        "text": "chi e\u0027 il rappresentante",
        "userDefined": false
      }
    ],
    "isTemplate": false,
    "count": 0,
    "updated": 1536886341
  },
  {
    "id": "f3285986-ffd6-4a6b-8438-c6bc3f15b726",
    "data": [
      {
        "text": "chi lo gestisce",
        "userDefined": false
      }
    ],
    "isTemplate": false,
    "count": 0,
    "updated": 1536886341
  },
  {
    "id": "ee277909-8346-4d8b-bd01-4d7f851373e5",
    "data": [
      {
        "text": "voglio sapere chi e\u0027 l\u0027organizzatore",
        "userDefined": false
      }
    ],
    "isTemplate": false,
    "count": 0,
    "updated": 1536886341
  },
  {
    "id": "bd623810-6a66-46ab-a704-62f9e516e6fd",
    "data": [
      {
        "text": "chi e\u0027 l\u0027organizzatore",
        "userDefined": false
      }
    ],
    "isTemplate": false,
    "count": 0,
    "updated": 1536886341
  },
  {
    "id": "57c4caf9-a531-4c84-be72-553fa2f6460f",
    "data": [
      {
        "text": "qual e\u0027 il ",
        "userDefined": false
      },
      {
        "text": "nome",
        "meta": "@sys.ignore",
        "userDefined": false
      },
      {
        "text": " dell\u0027organizzatore?",
        "userDefined": false
      }
    ],
    "isTemplate": false,
    "count": 0,
    "updated": 1536886341
  },
  {
    "id": "cb2f401b-276e-43ac-b72c-a01ca9d22825",
    "data": [
      {
        "text": "chi gestisce il GDG",
        "userDefined": false
      }
    ],
    "isTemplate": false,
    "count": 0,
    "updated": 1536886341
  },
  {
    "id": "f4ecfa4b-587b-4604-8f11-356dfad67073",
    "data": [
      {
        "text": "chi e\u0027 a capo del gdg?",
        "userDefined": false
      }
    ],
    "isTemplate": false,
    "count": 0,
    "updated": 1536886341
  },
  {
    "id": "c1e5ba97-b3c2-40ce-aea0-93820b9f6a7c",
    "data": [
      {
        "text": "vorrei sapere chi organizza questo gdg",
        "userDefined": false
      }
    ],
    "isTemplate": false,
    "count": 0,
    "updated": 1536886341
  },
  {
    "id": "ac14cfa8-8459-483c-a6c2-e90951f8ef27",
    "data": [
      {
        "text": "parlami dell\u0027organizzatore",
        "userDefined": false
      }
    ],
    "isTemplate": false,
    "count": 1,
    "updated": 1536886341
  }
]