[
  {
    "id": "ddaf58c4-d46c-4af0-9302-e647c0ce6254",
    "data": [
      {
        "text": "dimmi che organizza il GDG",
        "userDefined": false
      }
    ],
    "isTemplate": false,
    "count": 1,
    "updated": 1536886341
  },
  {
    "id": "3f626643-b093-4b1b-a90a-11842f46d281",
    "data": [
      {
        "text": "nome",
        "meta": "@sys.ignore",
        "userDefined": false
      },
      {
        "text": " dell\u0027organizzatore",
        "userDefined": false
      }
    ],
    "isTemplate": false,
    "count": 0,
    "updated": 1536886341
  },
  {
    "id": "4f5418ff-e453-4766-92fd-d466be12a150",
    "data": [
      {
        "text": "organizzatore",
        "userDefined": false
      }
    ],
    "isTemplate": false,
    "count": 0,
    "updated": 1536886341
  },
  {
    "id": "7d135ba1-b97a-4eff-80c3-a8d7e0989184",
    "data": [
      {
        "text": "chi e\u0027 il rappresentante",
        "userDefined": false
      }
    ],
    "isTemplate": false,
    "count": 0,
    "updated": 1536886341
  },
  {
    "id": "853544af-c925-4419-8587-88315a278dfc",
    "data": [
      {
        "text": "chi lo gestisce",
        "userDefined": false
      }
    ],
    "isTemplate": false,
    "count": 0,
    "updated": 1536886341
  },
  {
    "id": "98532eed-d8e2-4f0f-9acc-a51e3d5487bf",
    "data": [
      {
        "text": "voglio sapere chi e\u0027 l\u0027organizzatore",
        "userDefined": false
      }
    ],
    "isTemplate": false,
    "count": 0,
    "updated": 1536886341
  },
  {
    "id": "fded5d75-b5c2-4747-82df-22fbdfd7534a",
    "data": [
      {
        "text": "chi e\u0027 l\u0027organizzatore",
        "userDefined": false
      }
    ],
    "isTemplate": false,
    "count": 0,
    "updated": 1536886341
  },
  {
    "id": "44922f5a-f0ba-4388-8794-d726c9801cce",
    "data": [
      {
        "text": "qual e\u0027 il ",
        "userDefined": false
      },
      {
        "text": "nome",
        "meta": "@sys.ignore",
        "userDefined": false
      },
      {
        "text": " dell\u0027organizzatore?",
        "userDefined": false
      }
    ],
    "isTemplate": false,
    "count": 0,
    "updated": 1536886341
  },
  {
    "id": "1ff75cec-f351-421c-b595-cecbf93627b8",
    "data": [
      {
        "text": "chi gestisce il GDG",
        "userDefined": false
      }
    ],
    "isTemplate": false,
    "count": 0,
    "updated": 1536886341
  },
  {
    "id": "63d7cab3-e6f7-4efd-82b8-a2c82d7a3d1a",
    "data": [
      {
        "text": "chi e\u0027 a capo del gdg?",
        "userDefined": false
      }
    ],
    "isTemplate": false,
    "count": 0,
    "updated": 1536886341
  },
  {
    "id": "abba2b58-5bdd-4bd5-8b16-3d1f64ca77d7",
    "data": [
      {
        "text": "vorrei sapere chi organizza questo gdg",
        "userDefined": false
      }
    ],
    "isTemplate": false,
    "count": 0,
    "updated": 1536886341
  },
  {
    "id": "14f25617-4476-4519-972e-22dcd6c5bf85",
    "data": [
      {
        "text": "parlami dell\u0027organizzatore",
        "userDefined": false
      }
    ],
    "isTemplate": false,
    "count": 1,
    "updated": 1536886341
  }
]