[
  {
    "id": "8683c6c3-8c67-47db-8a0b-fbc0b7655600",
    "data": [
      {
        "text": "Sag mir, wer die GDG organisiert",
        "userDefined": false
      }
    ],
    "isTemplate": false,
    "count": 0,
    "updated": 1538195859
  },
  {
    "id": "d7fe332b-45cb-4795-87d6-c6c8912f963c",
    "data": [
      {
        "text": "Name der Organisatoren",
        "userDefined": false
      }
    ],
    "isTemplate": false,
    "count": 0,
    "updated": 1538195859
  },
  {
    "id": "7ce54fb3-9848-41e2-9f3a-ed214464f722",
    "data": [
      {
        "text": "Organisator",
        "userDefined": false
      }
    ],
    "isTemplate": false,
    "count": 0,
    "updated": 1538195859
  },
  {
    "id": "b8214f9a-9393-4b00-a171-ea177baa396f",
    "data": [
      {
        "text": "Wer ist die Kontaktperson",
        "userDefined": false
      }
    ],
    "isTemplate": false,
    "count": 0,
    "updated": 1538195859
  },
  {
    "id": "d5cb2f71-eb11-485a-9fc3-37d32159e41b",
    "data": [
      {
        "text": "Wer leitet sie",
        "userDefined": false
      }
    ],
    "isTemplate": false,
    "count": 0,
    "updated": 1538195859
  },
  {
    "id": "dc67ba36-b597-48ed-8a56-40950c82642c",
    "data": [
      {
        "text": "Erfahre mehr über die Organisatoren",
        "userDefined": false
      }
    ],
    "isTemplate": false,
    "count": 0,
    "updated": 1538195859
  },
  {
    "id": "d280af7e-5ca1-4b5a-909b-57cd6dcf0a9c",
    "data": [
      {
        "text": "Wer ist der Organisator",
        "userDefined": false
      }
    ],
    "isTemplate": false,
    "count": 0,
    "updated": 1538195859
  },
  {
    "id": "1341fba9-884c-42d5-918b-7e96344e307c",
    "data": [
      {
        "text": "Was ist der Name der Organisatoren",
        "userDefined": false
      }
    ],
    "isTemplate": false,
    "count": 0,
    "updated": 1538195859
  },
  {
    "id": "5b50c10c-0645-4039-9d31-a50dfbb2ad4a",
    "data": [
      {
        "text": "Wer leitet die GDG",
        "userDefined": false
      }
    ],
    "isTemplate": false,
    "count": 0,
    "updated": 1538195859
  }
]