[
  {
    "id": "34f1c92b-7b42-40b6-89d7-cb4ff7246ee2",
    "data": [
      {
        "text": "Sag mir, wer die GDG organisiert",
        "userDefined": false
      }
    ],
    "isTemplate": false,
    "count": 0,
    "updated": 1538195859
  },
  {
    "id": "8f100784-10b6-4499-b80c-377117e69848",
    "data": [
      {
        "text": "Name der Organisatoren",
        "userDefined": false
      }
    ],
    "isTemplate": false,
    "count": 0,
    "updated": 1538195859
  },
  {
    "id": "a7b26378-a694-41b9-b6cd-80f1a2c688b3",
    "data": [
      {
        "text": "Organisator",
        "userDefined": false
      }
    ],
    "isTemplate": false,
    "count": 0,
    "updated": 1538195859
  },
  {
    "id": "b4ccff80-a5bb-431d-8ec5-4c83b112022b",
    "data": [
      {
        "text": "Wer ist die Kontaktperson",
        "userDefined": false
      }
    ],
    "isTemplate": false,
    "count": 0,
    "updated": 1538195859
  },
  {
    "id": "3b50f68b-a505-4bf9-9bb3-b393e322acd3",
    "data": [
      {
        "text": "Wer leitet sie",
        "userDefined": false
      }
    ],
    "isTemplate": false,
    "count": 0,
    "updated": 1538195859
  },
  {
    "id": "0314f6ba-7ce8-488f-be63-be7f7df950f5",
    "data": [
      {
        "text": "Erfahre mehr über die Organisatoren",
        "userDefined": false
      }
    ],
    "isTemplate": false,
    "count": 0,
    "updated": 1538195859
  },
  {
    "id": "88f78f6a-a8bf-4e8d-8ce8-aaf321c90258",
    "data": [
      {
        "text": "Wer ist der Organisator",
        "userDefined": false
      }
    ],
    "isTemplate": false,
    "count": 0,
    "updated": 1538195859
  },
  {
    "id": "b2ecb270-2863-4577-9ad3-cc50195e9aae",
    "data": [
      {
        "text": "Was ist der Name der Organisatoren",
        "userDefined": false
      }
    ],
    "isTemplate": false,
    "count": 0,
    "updated": 1538195859
  },
  {
    "id": "822f75b2-9e90-4083-802c-039fb168cad3",
    "data": [
      {
        "text": "Wer leitet die GDG",
        "userDefined": false
      }
    ],
    "isTemplate": false,
    "count": 0,
    "updated": 1538195859
  }
]