[
  {
    "id": "a3386d10-0afa-4e2e-afb4-e9c145c4972d",
    "data": [
      {
        "text": "Me fale quem organiza o GDG",
        "userDefined": false
      }
    ],
    "isTemplate": false,
    "count": 0
  },
  {
    "id": "cd5e4ce7-e19b-4480-8853-810d652a90d9",
    "data": [
      {
        "text": "Nome do organizador",
        "userDefined": false
      }
    ],
    "isTemplate": false,
    "count": 0
  },
  {
    "id": "6e33559e-951c-4d25-8b28-97264113d25d",
    "data": [
      {
        "text": "Organizador",
        "userDefined": false
      }
    ],
    "isTemplate": false,
    "count": 0
  },
  {
    "id": "73cfb452-b2fc-4389-a92d-225584f12c18",
    "data": [
      {
        "text": "quem é a pessoa para contato",
        "userDefined": false
      }
    ],
    "isTemplate": false,
    "count": 0
  },
  {
    "id": "46acf13d-164d-4ba6-b266-3f9778d3a69f",
    "data": [
      {
        "text": "Quem cuida disso",
        "userDefined": false
      }
    ],
    "isTemplate": false,
    "count": 0
  },
  {
    "id": "f5383deb-0add-425f-b384-51df69836eb3",
    "data": [
      {
        "text": "saber sobre o organizador",
        "userDefined": false
      }
    ],
    "isTemplate": false,
    "count": 0
  },
  {
    "id": "12f2fa50-80c4-4fc8-9ddc-50eb8238651a",
    "data": [
      {
        "text": "Quem é o organizador?",
        "userDefined": false
      }
    ],
    "isTemplate": false,
    "count": 0
  },
  {
    "id": "da5f3f45-da54-4762-a22a-a9425c520a75",
    "data": [
      {
        "text": "Qual é o nome do organizador?",
        "userDefined": false
      }
    ],
    "isTemplate": false,
    "count": 0
  },
  {
    "id": "978e94e6-fba2-49a9-93a0-4970fb1be882",
    "data": [
      {
        "text": "Quem lidera o GDG?",
        "userDefined": false
      }
    ],
    "isTemplate": false,
    "count": 0
  }
]