[
  {
    "id": "964ec2d4-7340-4689-8fed-180d7069443d",
    "data": [
      {
        "text": "dimmi che organizza il GDG",
        "userDefined": false
      }
    ],
    "isTemplate": false,
    "count": 1,
    "updated": 1536886341
  },
  {
    "id": "232b9710-bd8f-4c37-ab13-52eba522480b",
    "data": [
      {
        "text": "nome",
        "meta": "@sys.ignore",
        "userDefined": false
      },
      {
        "text": " dell\u0027organizzatore",
        "userDefined": false
      }
    ],
    "isTemplate": false,
    "count": 0,
    "updated": 1536886341
  },
  {
    "id": "eb05b8de-fed6-494e-8abd-9055a6c0c35d",
    "data": [
      {
        "text": "organizzatore",
        "userDefined": false
      }
    ],
    "isTemplate": false,
    "count": 0,
    "updated": 1536886341
  },
  {
    "id": "a5142d46-e8c2-4e12-83f3-a4874e786ea0",
    "data": [
      {
        "text": "chi e\u0027 il rappresentante",
        "userDefined": false
      }
    ],
    "isTemplate": false,
    "count": 0,
    "updated": 1536886341
  },
  {
    "id": "826e361a-6a0f-4c2b-9eac-e739e5e1a236",
    "data": [
      {
        "text": "chi lo gestisce",
        "userDefined": false
      }
    ],
    "isTemplate": false,
    "count": 0,
    "updated": 1536886341
  },
  {
    "id": "45b4fd20-67e7-4cd5-836b-b55dbba52315",
    "data": [
      {
        "text": "voglio sapere chi e\u0027 l\u0027organizzatore",
        "userDefined": false
      }
    ],
    "isTemplate": false,
    "count": 0,
    "updated": 1536886341
  },
  {
    "id": "a93f2d2d-ff0d-4317-be27-5dfba5516e56",
    "data": [
      {
        "text": "chi e\u0027 l\u0027organizzatore",
        "userDefined": false
      }
    ],
    "isTemplate": false,
    "count": 0,
    "updated": 1536886341
  },
  {
    "id": "95b48297-427f-4f7a-b4b2-5ad4309eecbf",
    "data": [
      {
        "text": "qual e\u0027 il ",
        "userDefined": false
      },
      {
        "text": "nome",
        "meta": "@sys.ignore",
        "userDefined": false
      },
      {
        "text": " dell\u0027organizzatore?",
        "userDefined": false
      }
    ],
    "isTemplate": false,
    "count": 0,
    "updated": 1536886341
  },
  {
    "id": "29f424eb-1f88-47f6-b05b-30e4c8bb0544",
    "data": [
      {
        "text": "chi gestisce il GDG",
        "userDefined": false
      }
    ],
    "isTemplate": false,
    "count": 0,
    "updated": 1536886341
  },
  {
    "id": "339c2012-40c1-4279-8dae-cf8ee2fa7b0a",
    "data": [
      {
        "text": "chi e\u0027 a capo del gdg?",
        "userDefined": false
      }
    ],
    "isTemplate": false,
    "count": 0,
    "updated": 1536886341
  },
  {
    "id": "bbfbd36a-c5ec-4f2b-b9ec-f879676bc666",
    "data": [
      {
        "text": "vorrei sapere chi organizza questo gdg",
        "userDefined": false
      }
    ],
    "isTemplate": false,
    "count": 0,
    "updated": 1536886341
  },
  {
    "id": "4f02bf7b-4702-411d-ba81-80c377ffec3a",
    "data": [
      {
        "text": "parlami dell\u0027organizzatore",
        "userDefined": false
      }
    ],
    "isTemplate": false,
    "count": 1,
    "updated": 1536886341
  }
]