[
  {
    "id": "7dfc18d9-2232-461a-8228-63122a1d4391",
    "data": [
      {
        "text": "dime quién organiza el GDG",
        "userDefined": false
      }
    ],
    "isTemplate": false,
    "count": 0,
    "updated": 1536945551
  },
  {
    "id": "13892cc0-20c7-4343-847f-7217c319ad94",
    "data": [
      {
        "text": "nombre del organizador",
        "userDefined": false
      }
    ],
    "isTemplate": false,
    "count": 0,
    "updated": 1536945551
  },
  {
    "id": "f9c12261-ae19-43fa-a6dc-56be3f8ac70e",
    "data": [
      {
        "text": "organizador",
        "userDefined": false
      }
    ],
    "isTemplate": false,
    "count": 0,
    "updated": 1536945551
  },
  {
    "id": "fe567d00-e016-4cf3-8515-0b214eb26b00",
    "data": [
      {
        "text": "quién es el punto",
        "userDefined": false
      }
    ],
    "isTemplate": false,
    "count": 0,
    "updated": 1536945551
  },
  {
    "id": "cdf52885-519d-45ce-877b-a1ca0b2e440d",
    "data": [
      {
        "text": "quién ejecuta esto",
        "userDefined": false
      }
    ],
    "isTemplate": false,
    "count": 0,
    "updated": 1536945551
  },
  {
    "id": "f39d3af8-72fa-4a2b-bab7-168d72b54139",
    "data": [
      {
        "text": "aprender sobre el organizador",
        "userDefined": false
      }
    ],
    "isTemplate": false,
    "count": 0,
    "updated": 1536945551
  },
  {
    "id": "dc66aadc-f538-45cc-b2f8-e0e916e4707b",
    "data": [
      {
        "text": "quién es el organizador",
        "userDefined": false
      }
    ],
    "isTemplate": false,
    "count": 0,
    "updated": 1536945551
  },
  {
    "id": "665d5e9e-098a-4b1d-b6fd-6133f31f9aa9",
    "data": [
      {
        "text": "¿Cuál es el nombre del organizer?",
        "userDefined": false
      }
    ],
    "isTemplate": false,
    "count": 0,
    "updated": 1536945551
  },
  {
    "id": "d14ddf3c-0024-4e99-9a17-9e15e91b2068",
    "data": [
      {
        "text": "quién lidera el GDG",
        "userDefined": false
      }
    ],
    "isTemplate": false,
    "count": 0,
    "updated": 1536945551
  },
  {
    "id": "1a2790a9-1380-4afd-8106-44d0349236e4",
    "data": [
      {
        "text": "Aprenda sobre el organizador",
        "userDefined": false
      }
    ],
    "isTemplate": false,
    "count": 0,
    "updated": 1533922556
  }
]