[
  {
    "id": "5f3ac380-b46a-4d27-9e73-4eb5bc491ff9",
    "data": [
      {
        "text": "コミュニティの名前",
        "userDefined": false
      }
    ],
    "isTemplate": false,
    "count": 0,
    "updated": 1538585295
  },
  {
    "id": "e2a3d088-35af-413b-8479-9439df5c0030",
    "data": [
      {
        "text": "GDGのオーガナイザーが誰か教えて。",
        "userDefined": false
      }
    ],
    "isTemplate": false,
    "count": 0,
    "updated": 1538584304
  },
  {
    "id": "7772606c-0abc-4637-8ee3-62e869f7dc7e",
    "data": [
      {
        "text": "オーガナイザーの名前",
        "userDefined": false
      }
    ],
    "isTemplate": false,
    "count": 0,
    "updated": 1538584304
  },
  {
    "id": "437fc201-ee3e-4175-90fc-d1efe35071a5",
    "data": [
      {
        "text": "オーガナイザー",
        "userDefined": false
      }
    ],
    "isTemplate": false,
    "count": 0,
    "updated": 1538584304
  },
  {
    "id": "e8e09231-d0b6-4e28-a928-b5684eefc7f5",
    "data": [
      {
        "text": "主催者は誰ですか？",
        "userDefined": false
      }
    ],
    "isTemplate": false,
    "count": 0,
    "updated": 1538584304
  },
  {
    "id": "e8bd356e-6d86-4f1a-9555-b187fa2b37b5",
    "data": [
      {
        "text": "このコミュニティの運営は誰ですか？",
        "userDefined": false
      }
    ],
    "isTemplate": false,
    "count": 0,
    "updated": 1538584304
  },
  {
    "id": "9162c06a-c28f-41b2-9004-cd5ca4b5a786",
    "data": [
      {
        "text": "オーガナイザーについて教えて。",
        "userDefined": false
      }
    ],
    "isTemplate": false,
    "count": 0,
    "updated": 1538584304
  },
  {
    "id": "9b81f369-683a-4113-9a75-1d96b11397b5",
    "data": [
      {
        "text": "オーガナイザーは誰ですか？",
        "userDefined": false
      }
    ],
    "isTemplate": false,
    "count": 0,
    "updated": 1538584304
  },
  {
    "id": "e8393d2b-a3c4-4277-b0c7-0288ed8640bb",
    "data": [
      {
        "text": "オーガナイザーの名前は？",
        "userDefined": false
      }
    ],
    "isTemplate": false,
    "count": 0,
    "updated": 1538584304
  },
  {
    "id": "bf72abf7-42f2-4fb8-89ee-fcb4145be7ba",
    "data": [
      {
        "text": "GDGのリーダーは誰ですか？",
        "userDefined": false
      }
    ],
    "isTemplate": false,
    "count": 0,
    "updated": 1538584304
  }
]