[
  {
    "id": "89f901d8-4044-4a49-964f-27727bf54092",
    "data": [
      {
        "text": "コミュニティの名前",
        "userDefined": false
      }
    ],
    "isTemplate": false,
    "count": 0,
    "updated": 1538585295
  },
  {
    "id": "97cde0a0-eda5-4a7f-a3c1-babfb85bb39e",
    "data": [
      {
        "text": "GDGのオーガナイザーが誰か教えて。",
        "userDefined": false
      }
    ],
    "isTemplate": false,
    "count": 0,
    "updated": 1538584304
  },
  {
    "id": "ffca0b6b-d5cf-4fea-a952-83bd20e57d72",
    "data": [
      {
        "text": "オーガナイザーの名前",
        "userDefined": false
      }
    ],
    "isTemplate": false,
    "count": 0,
    "updated": 1538584304
  },
  {
    "id": "bcd327fc-f7ff-4c1a-bc22-427dc33f9376",
    "data": [
      {
        "text": "オーガナイザー",
        "userDefined": false
      }
    ],
    "isTemplate": false,
    "count": 0,
    "updated": 1538584304
  },
  {
    "id": "21cd929a-5fbc-4c58-9bc8-95a9bf928281",
    "data": [
      {
        "text": "主催者は誰ですか？",
        "userDefined": false
      }
    ],
    "isTemplate": false,
    "count": 0,
    "updated": 1538584304
  },
  {
    "id": "ce5bd45b-7e61-4238-a7d8-039123b28323",
    "data": [
      {
        "text": "このコミュニティの運営は誰ですか？",
        "userDefined": false
      }
    ],
    "isTemplate": false,
    "count": 0,
    "updated": 1538584304
  },
  {
    "id": "1b165d26-660e-4a8f-b44d-f96f50267a6e",
    "data": [
      {
        "text": "オーガナイザーについて教えて。",
        "userDefined": false
      }
    ],
    "isTemplate": false,
    "count": 0,
    "updated": 1538584304
  },
  {
    "id": "843c7150-4e16-4252-bb32-3b897ec2e9bd",
    "data": [
      {
        "text": "オーガナイザーは誰ですか？",
        "userDefined": false
      }
    ],
    "isTemplate": false,
    "count": 0,
    "updated": 1538584304
  },
  {
    "id": "e2959f19-52ee-44e2-92a8-3839ae26e020",
    "data": [
      {
        "text": "オーガナイザーの名前は？",
        "userDefined": false
      }
    ],
    "isTemplate": false,
    "count": 0,
    "updated": 1538584304
  },
  {
    "id": "de22f4f1-f5e7-4150-b588-ec12ebd1bb15",
    "data": [
      {
        "text": "GDGのリーダーは誰ですか？",
        "userDefined": false
      }
    ],
    "isTemplate": false,
    "count": 0,
    "updated": 1538584304
  }
]