[
  {
    "id": "fdd11431-d604-41fb-8857-1ae83fccfa43",
    "data": [
      {
        "text": "Who leads the GDG?",
        "userDefined": false
      }
    ],
    "isTemplate": false,
    "count": 0,
    "updated": 1530290178
  },
  {
    "id": "ec35a088-df5d-46e9-9ed6-4de119686bbc",
    "data": [
      {
        "text": "What is the name of the organizer",
        "userDefined": false
      }
    ],
    "isTemplate": false,
    "count": 0,
    "updated": 1533835081
  },
  {
    "id": "dbbf655e-4154-42b2-89c3-b61a57e971f9",
    "data": [
      {
        "text": "What is the name of the organizer?",
        "userDefined": false
      }
    ],
    "isTemplate": false,
    "count": 0,
    "updated": 1530290178
  },
  {
    "id": "46003adf-042a-4cbc-b583-c7616cdfa9ad",
    "data": [
      {
        "text": "who is the organizer",
        "userDefined": false
      }
    ],
    "isTemplate": false,
    "count": 0,
    "updated": 1533835081
  },
  {
    "id": "74a5097e-fd5c-4d6b-9069-b12b96d923e3",
    "data": [
      {
        "text": "Learn About the Organizer",
        "userDefined": false
      }
    ],
    "isTemplate": false,
    "count": 0,
    "updated": 1530290178
  },
  {
    "id": "5d61ac3b-51fa-4324-8009-5553580014a3",
    "data": [
      {
        "text": "organzier",
        "userDefined": false
      }
    ],
    "isTemplate": false,
    "count": 0,
    "updated": 1530290178
  },
  {
    "id": "9c9becbd-6b67-44ab-a9c4-4ca36be4f9cb",
    "data": [
      {
        "text": "who runs this?",
        "userDefined": false
      }
    ],
    "isTemplate": false,
    "count": 0,
    "updated": 1533835081
  },
  {
    "id": "463f1592-850e-404f-ad15-6001c3bf40c7",
    "data": [
      {
        "text": "who is the point person?",
        "userDefined": false
      }
    ],
    "isTemplate": false,
    "count": 1,
    "updated": 1533835081
  },
  {
    "id": "85051745-06dc-4c90-b7ff-f6c79b3ea7be",
    "data": [
      {
        "text": "Who is the organizer?",
        "userDefined": false
      }
    ],
    "isTemplate": false,
    "count": 0,
    "updated": 1530290178
  },
  {
    "id": "ad6d098c-c076-4fd6-af21-7eeb5afca21d",
    "data": [
      {
        "text": "organizer\u0027s name",
        "userDefined": false
      }
    ],
    "isTemplate": false,
    "count": 0,
    "updated": 1533242375
  },
  {
    "id": "194d5af0-889d-4eb4-b025-c3f03a380146",
    "data": [
      {
        "text": "Tell me who organizes the GDG",
        "userDefined": false
      }
    ],
    "isTemplate": false,
    "count": 0,
    "updated": 1524782852
  }
]