[
  {
    "id": "f7988f77-d0cd-4436-9ae1-a3475b2e08fb",
    "data": [
      {
        "text": "Who leads the GDG?",
        "userDefined": false
      }
    ],
    "isTemplate": false,
    "count": 0,
    "updated": 1530290178
  },
  {
    "id": "a166a3b0-d7a7-433c-8e54-f06507cbf143",
    "data": [
      {
        "text": "What is the name of the organizer",
        "userDefined": false
      }
    ],
    "isTemplate": false,
    "count": 0,
    "updated": 1533835081
  },
  {
    "id": "3fb17c13-2a93-4959-86fc-72e5e53f239a",
    "data": [
      {
        "text": "What is the name of the organizer?",
        "userDefined": false
      }
    ],
    "isTemplate": false,
    "count": 0,
    "updated": 1530290178
  },
  {
    "id": "f3f79cde-c156-4aad-abcb-491058a7612a",
    "data": [
      {
        "text": "who is the organizer",
        "userDefined": false
      }
    ],
    "isTemplate": false,
    "count": 0,
    "updated": 1533835081
  },
  {
    "id": "5f940677-a9f5-4369-a83e-5d4e170d115e",
    "data": [
      {
        "text": "Learn About the Organizer",
        "userDefined": false
      }
    ],
    "isTemplate": false,
    "count": 0,
    "updated": 1530290178
  },
  {
    "id": "84c01477-1262-4d10-bcaa-28aa4b826d7e",
    "data": [
      {
        "text": "organzier",
        "userDefined": false
      }
    ],
    "isTemplate": false,
    "count": 0,
    "updated": 1530290178
  },
  {
    "id": "e2f79894-0cad-48f2-98ac-e3cca3659e83",
    "data": [
      {
        "text": "who runs this?",
        "userDefined": false
      }
    ],
    "isTemplate": false,
    "count": 0,
    "updated": 1533835081
  },
  {
    "id": "2e7d87a5-f72d-473c-8bec-c34254f337af",
    "data": [
      {
        "text": "who is the point person?",
        "userDefined": false
      }
    ],
    "isTemplate": false,
    "count": 1,
    "updated": 1533835081
  },
  {
    "id": "5f4e4d9f-440b-40d1-8c50-ef77b3244963",
    "data": [
      {
        "text": "Who is the organizer?",
        "userDefined": false
      }
    ],
    "isTemplate": false,
    "count": 0,
    "updated": 1530290178
  },
  {
    "id": "6e0f4bdb-3076-4a21-987b-bc59e61226fb",
    "data": [
      {
        "text": "organizer\u0027s name",
        "userDefined": false
      }
    ],
    "isTemplate": false,
    "count": 0,
    "updated": 1533242375
  },
  {
    "id": "9af8043d-85d6-4eb9-91e2-5984f0764508",
    "data": [
      {
        "text": "Tell me who organizes the GDG",
        "userDefined": false
      }
    ],
    "isTemplate": false,
    "count": 0,
    "updated": 1524782852
  }
]