[
  {
    "id": "9e9e035c-60fe-49bb-afdf-3216f9e3e6d7",
    "data": [
      {
        "text": "Me fale quem organiza o GDG",
        "userDefined": false
      }
    ],
    "isTemplate": false,
    "count": 0
  },
  {
    "id": "80d7bad5-f1b1-4c53-b094-22c34a0c7bb2",
    "data": [
      {
        "text": "Nome do organizador",
        "userDefined": false
      }
    ],
    "isTemplate": false,
    "count": 0
  },
  {
    "id": "1405ecd4-6a77-40d4-8ec2-c53dad3966d9",
    "data": [
      {
        "text": "Organizador",
        "userDefined": false
      }
    ],
    "isTemplate": false,
    "count": 0
  },
  {
    "id": "5b8c905c-f6a6-4c17-aab9-1d16d51fd0f1",
    "data": [
      {
        "text": "quem é a pessoa para contato",
        "userDefined": false
      }
    ],
    "isTemplate": false,
    "count": 0
  },
  {
    "id": "def2abe4-a9b0-4160-ad36-b8b6391d7d45",
    "data": [
      {
        "text": "Quem cuida disso",
        "userDefined": false
      }
    ],
    "isTemplate": false,
    "count": 0
  },
  {
    "id": "37b42cc5-a195-4b4a-ba8b-417430bd1aab",
    "data": [
      {
        "text": "saber sobre o organizador",
        "userDefined": false
      }
    ],
    "isTemplate": false,
    "count": 0
  },
  {
    "id": "0b7fd4b2-0895-4733-a0c6-15726cd5c85f",
    "data": [
      {
        "text": "Quem é o organizador?",
        "userDefined": false
      }
    ],
    "isTemplate": false,
    "count": 0
  },
  {
    "id": "dcdf2d3c-1b7f-42a1-a53e-98f722de34a9",
    "data": [
      {
        "text": "Qual é o nome do organizador?",
        "userDefined": false
      }
    ],
    "isTemplate": false,
    "count": 0
  },
  {
    "id": "9b28dc6e-db18-4504-90e1-c1a9f4464ee0",
    "data": [
      {
        "text": "Quem lidera o GDG?",
        "userDefined": false
      }
    ],
    "isTemplate": false,
    "count": 0
  }
]