[
  {
    "id": "389cd100-cd6c-49ee-8db5-20d95bc28a36",
    "data": [
      {
        "text": "Sag mir, wer die GDG organisiert",
        "userDefined": false
      }
    ],
    "isTemplate": false,
    "count": 0,
    "updated": 1538195859
  },
  {
    "id": "30363271-20e2-48f4-b67b-4c0d170583b1",
    "data": [
      {
        "text": "Name der Organisatoren",
        "userDefined": false
      }
    ],
    "isTemplate": false,
    "count": 0,
    "updated": 1538195859
  },
  {
    "id": "f3d27e43-c0e6-450e-9000-04051867b708",
    "data": [
      {
        "text": "Organisator",
        "userDefined": false
      }
    ],
    "isTemplate": false,
    "count": 0,
    "updated": 1538195859
  },
  {
    "id": "2a513013-fc6b-4039-8a08-8c313bf64097",
    "data": [
      {
        "text": "Wer ist die Kontaktperson",
        "userDefined": false
      }
    ],
    "isTemplate": false,
    "count": 0,
    "updated": 1538195859
  },
  {
    "id": "972a571c-75e9-46c3-9f41-2a8999f7f159",
    "data": [
      {
        "text": "Wer leitet sie",
        "userDefined": false
      }
    ],
    "isTemplate": false,
    "count": 0,
    "updated": 1538195859
  },
  {
    "id": "76917d73-64cb-432e-9faf-0151795c49f4",
    "data": [
      {
        "text": "Erfahre mehr über die Organisatoren",
        "userDefined": false
      }
    ],
    "isTemplate": false,
    "count": 0,
    "updated": 1538195859
  },
  {
    "id": "382b594e-6f05-48e9-8733-db3b0f4078c8",
    "data": [
      {
        "text": "Wer ist der Organisator",
        "userDefined": false
      }
    ],
    "isTemplate": false,
    "count": 0,
    "updated": 1538195859
  },
  {
    "id": "a3ad16e2-7f19-4be9-b989-4af7231619d8",
    "data": [
      {
        "text": "Was ist der Name der Organisatoren",
        "userDefined": false
      }
    ],
    "isTemplate": false,
    "count": 0,
    "updated": 1538195859
  },
  {
    "id": "9bf2130b-3c09-41c6-8a9e-e4597db897bd",
    "data": [
      {
        "text": "Wer leitet die GDG",
        "userDefined": false
      }
    ],
    "isTemplate": false,
    "count": 0,
    "updated": 1538195859
  }
]