[
  {
    "id": "8f7f767b-f4f0-4bc6-8a36-27ed96597e01",
    "data": [
      {
        "text": "gdgyi organize edenlerden bahset",
        "userDefined": false
      }
    ],
    "isTemplate": false,
    "count": 0
  },
  {
    "id": "5ec7f383-cdd6-4f0f-a683-d40bba1c1478",
    "data": [
      {
        "text": "organizatörün adı",
        "userDefined": false
      }
    ],
    "isTemplate": false,
    "count": 0
  },
  {
    "id": "7a55f94b-74d8-4970-8062-afd6a7d1b225",
    "data": [
      {
        "text": "organizatör",
        "userDefined": false
      }
    ],
    "isTemplate": false,
    "count": 0
  },
  {
    "id": "dbd878da-344c-46ca-a9ca-7eccc04af0dd",
    "data": [
      {
        "text": "yetkili kim",
        "userDefined": false
      }
    ],
    "isTemplate": false,
    "count": 0
  },
  {
    "id": "b330a0aa-9131-4929-a2fc-b7b4708696cf",
    "data": [
      {
        "text": "yönetici kim",
        "userDefined": false
      }
    ],
    "isTemplate": false,
    "count": 0
  },
  {
    "id": "fe7e7c25-1192-429c-837b-a321cefafa8d",
    "data": [
      {
        "text": "organizatör hakkında bilgi almak istiyorum",
        "userDefined": false
      }
    ],
    "isTemplate": false,
    "count": 0
  },
  {
    "id": "b4e31dd5-4af2-402d-8ae2-361bcac33bb1",
    "data": [
      {
        "text": "organizatör kim?",
        "userDefined": false
      }
    ],
    "isTemplate": false,
    "count": 0
  },
  {
    "id": "2a838a07-1906-4aa6-bd14-ac46653e89fd",
    "data": [
      {
        "text": "organizatörün adı ne?",
        "userDefined": false
      }
    ],
    "isTemplate": false,
    "count": 0
  },
  {
    "id": "b4440447-5b2d-4c20-b4a4-d1898d62e557",
    "data": [
      {
        "text": "GDG\u0027yi kim yönetir",
        "userDefined": false
      }
    ],
    "isTemplate": false,
    "count": 0
  }
]