[
  {
    "id": "b4c56cc3-175b-455d-9ec3-11a97eafcea9",
    "data": [
      {
        "text": "コミュニティの名前",
        "userDefined": false
      }
    ],
    "isTemplate": false,
    "count": 0,
    "updated": 1538585295
  },
  {
    "id": "5b9c4c83-d6fc-4290-8b2f-f04e1c940348",
    "data": [
      {
        "text": "GDGのオーガナイザーが誰か教えて。",
        "userDefined": false
      }
    ],
    "isTemplate": false,
    "count": 0,
    "updated": 1538584304
  },
  {
    "id": "bba25600-561a-4903-9ce9-76bfdf610ede",
    "data": [
      {
        "text": "オーガナイザーの名前",
        "userDefined": false
      }
    ],
    "isTemplate": false,
    "count": 0,
    "updated": 1538584304
  },
  {
    "id": "512ccba7-2b19-4a9a-a937-08599e6f916b",
    "data": [
      {
        "text": "オーガナイザー",
        "userDefined": false
      }
    ],
    "isTemplate": false,
    "count": 0,
    "updated": 1538584304
  },
  {
    "id": "00e13005-f6d8-4961-ac2f-a58c9c8c4a51",
    "data": [
      {
        "text": "主催者は誰ですか？",
        "userDefined": false
      }
    ],
    "isTemplate": false,
    "count": 0,
    "updated": 1538584304
  },
  {
    "id": "f8ef980c-2054-49ee-83b7-941db6c4fc24",
    "data": [
      {
        "text": "このコミュニティの運営は誰ですか？",
        "userDefined": false
      }
    ],
    "isTemplate": false,
    "count": 0,
    "updated": 1538584304
  },
  {
    "id": "c417def0-1603-4f88-a143-28b693fed060",
    "data": [
      {
        "text": "オーガナイザーについて教えて。",
        "userDefined": false
      }
    ],
    "isTemplate": false,
    "count": 0,
    "updated": 1538584304
  },
  {
    "id": "53a7450f-0c1e-4ba3-bdfb-d9d7130cfc25",
    "data": [
      {
        "text": "オーガナイザーは誰ですか？",
        "userDefined": false
      }
    ],
    "isTemplate": false,
    "count": 0,
    "updated": 1538584304
  },
  {
    "id": "384a3992-d89e-4b0f-b826-964acf150927",
    "data": [
      {
        "text": "オーガナイザーの名前は？",
        "userDefined": false
      }
    ],
    "isTemplate": false,
    "count": 0,
    "updated": 1538584304
  },
  {
    "id": "94ad031e-b17e-4f4a-a608-5fb0f6a3c64a",
    "data": [
      {
        "text": "GDGのリーダーは誰ですか？",
        "userDefined": false
      }
    ],
    "isTemplate": false,
    "count": 0,
    "updated": 1538584304
  }
]