[
  {
    "id": "9605aa0b-aefc-4b24-a56a-b6d7cad2dd6b",
    "data": [
      {
        "text": "dime quién organiza el GDG",
        "userDefined": false
      }
    ],
    "isTemplate": false,
    "count": 0,
    "updated": 1536945551
  },
  {
    "id": "27748c15-fe39-45a9-ba1c-8dc0df5280a7",
    "data": [
      {
        "text": "nombre del organizador",
        "userDefined": false
      }
    ],
    "isTemplate": false,
    "count": 0,
    "updated": 1536945551
  },
  {
    "id": "8140d6ad-a6ba-4178-881c-19d2fd557c15",
    "data": [
      {
        "text": "organizador",
        "userDefined": false
      }
    ],
    "isTemplate": false,
    "count": 0,
    "updated": 1536945551
  },
  {
    "id": "3e03bff8-dbfd-4d64-9947-1954acbc0e0a",
    "data": [
      {
        "text": "quién es el punto",
        "userDefined": false
      }
    ],
    "isTemplate": false,
    "count": 0,
    "updated": 1536945551
  },
  {
    "id": "757bf6f4-fb9d-4779-a4b8-b7408dbc3077",
    "data": [
      {
        "text": "quién ejecuta esto",
        "userDefined": false
      }
    ],
    "isTemplate": false,
    "count": 0,
    "updated": 1536945551
  },
  {
    "id": "d232ef82-eea9-4c98-9840-e1ba4ece5d56",
    "data": [
      {
        "text": "aprender sobre el organizador",
        "userDefined": false
      }
    ],
    "isTemplate": false,
    "count": 0,
    "updated": 1536945551
  },
  {
    "id": "406fa49d-f617-443c-b3e7-40e4ffe5a333",
    "data": [
      {
        "text": "quién es el organizador",
        "userDefined": false
      }
    ],
    "isTemplate": false,
    "count": 0,
    "updated": 1536945551
  },
  {
    "id": "902f51ab-0f27-4fcf-aa8a-b609b603b134",
    "data": [
      {
        "text": "¿Cuál es el nombre del organizer?",
        "userDefined": false
      }
    ],
    "isTemplate": false,
    "count": 0,
    "updated": 1536945551
  },
  {
    "id": "05a068ec-089b-4269-b9f2-69f4957592b2",
    "data": [
      {
        "text": "quién lidera el GDG",
        "userDefined": false
      }
    ],
    "isTemplate": false,
    "count": 0,
    "updated": 1536945551
  },
  {
    "id": "ba5e2008-7018-4b0a-9284-bf6bbf446c07",
    "data": [
      {
        "text": "Aprenda sobre el organizador",
        "userDefined": false
      }
    ],
    "isTemplate": false,
    "count": 0,
    "updated": 1533922556
  }
]