[
  {
    "id": "89bee58b-56ba-442c-9ace-9868d543df17",
    "data": [
      {
        "text": "Who leads the GDG?",
        "userDefined": false
      }
    ],
    "isTemplate": false,
    "count": 0,
    "updated": 1530290178
  },
  {
    "id": "604efc6c-69bf-49cb-9731-f31b574a2426",
    "data": [
      {
        "text": "What is the name of the organizer",
        "userDefined": false
      }
    ],
    "isTemplate": false,
    "count": 0,
    "updated": 1533835081
  },
  {
    "id": "ad350a7e-4e43-4474-8602-487c09ff085a",
    "data": [
      {
        "text": "What is the name of the organizer?",
        "userDefined": false
      }
    ],
    "isTemplate": false,
    "count": 0,
    "updated": 1530290178
  },
  {
    "id": "a41655e4-764a-463b-bbea-2fa0f3b6911f",
    "data": [
      {
        "text": "who is the organizer",
        "userDefined": false
      }
    ],
    "isTemplate": false,
    "count": 0,
    "updated": 1533835081
  },
  {
    "id": "80e644e6-d0fe-4502-baab-a4edb0194b16",
    "data": [
      {
        "text": "Learn About the Organizer",
        "userDefined": false
      }
    ],
    "isTemplate": false,
    "count": 0,
    "updated": 1530290178
  },
  {
    "id": "608d7d86-e218-464a-9f52-b585b8d024b8",
    "data": [
      {
        "text": "organzier",
        "userDefined": false
      }
    ],
    "isTemplate": false,
    "count": 0,
    "updated": 1530290178
  },
  {
    "id": "2abd0257-720f-4820-8c24-1013bb4b1d15",
    "data": [
      {
        "text": "who runs this?",
        "userDefined": false
      }
    ],
    "isTemplate": false,
    "count": 0,
    "updated": 1533835081
  },
  {
    "id": "f808ba5b-76cd-4571-9b47-f406a18eaea3",
    "data": [
      {
        "text": "who is the point person?",
        "userDefined": false
      }
    ],
    "isTemplate": false,
    "count": 1,
    "updated": 1533835081
  },
  {
    "id": "f54581e8-fce0-4aeb-b749-b398e1f3f76a",
    "data": [
      {
        "text": "Who is the organizer?",
        "userDefined": false
      }
    ],
    "isTemplate": false,
    "count": 0,
    "updated": 1530290178
  },
  {
    "id": "2f8786dd-e6c0-43ee-8e6c-b148e85693d7",
    "data": [
      {
        "text": "organizer\u0027s name",
        "userDefined": false
      }
    ],
    "isTemplate": false,
    "count": 0,
    "updated": 1533242375
  },
  {
    "id": "5e4886e4-7353-4620-a646-5d36d0ba04b9",
    "data": [
      {
        "text": "Tell me who organizes the GDG",
        "userDefined": false
      }
    ],
    "isTemplate": false,
    "count": 0,
    "updated": 1524782852
  }
]