[
  {
    "id": "cf0c3079-3489-4bd5-84d5-3e43ca87ac57",
    "data": [
      {
        "text": "gdgyi organize edenlerden bahset",
        "userDefined": false
      }
    ],
    "isTemplate": false,
    "count": 0
  },
  {
    "id": "45d4ba10-7e77-4b82-a3c9-4b0709438b92",
    "data": [
      {
        "text": "organizatörün adı",
        "userDefined": false
      }
    ],
    "isTemplate": false,
    "count": 0
  },
  {
    "id": "e795d45d-19d3-403e-a0f8-006fcd7789ae",
    "data": [
      {
        "text": "organizatör",
        "userDefined": false
      }
    ],
    "isTemplate": false,
    "count": 0
  },
  {
    "id": "f6399e05-c402-4da2-b63a-f09487151abd",
    "data": [
      {
        "text": "yetkili kim",
        "userDefined": false
      }
    ],
    "isTemplate": false,
    "count": 0
  },
  {
    "id": "3679c5bb-b875-416b-b9bc-2b7643a44164",
    "data": [
      {
        "text": "yönetici kim",
        "userDefined": false
      }
    ],
    "isTemplate": false,
    "count": 0
  },
  {
    "id": "a2bd444d-e64b-4ed9-af7c-f07c8faf22d1",
    "data": [
      {
        "text": "organizatör hakkında bilgi almak istiyorum",
        "userDefined": false
      }
    ],
    "isTemplate": false,
    "count": 0
  },
  {
    "id": "5e79051f-fdec-4728-b44e-cf4d56ab1702",
    "data": [
      {
        "text": "organizatör kim?",
        "userDefined": false
      }
    ],
    "isTemplate": false,
    "count": 0
  },
  {
    "id": "9aaf03da-8c2e-43e5-a960-d336442808cb",
    "data": [
      {
        "text": "organizatörün adı ne?",
        "userDefined": false
      }
    ],
    "isTemplate": false,
    "count": 0
  },
  {
    "id": "c3c8cd8d-131a-42a3-acce-df7c0484c6db",
    "data": [
      {
        "text": "GDG\u0027yi kim yönetir",
        "userDefined": false
      }
    ],
    "isTemplate": false,
    "count": 0
  }
]