[
  {
    "id": "6a585f24-4468-43f8-a667-e404a048b5bf",
    "data": [
      {
        "text": "Wiederhole, was du ",
        "userDefined": false
      },
      {
        "text": "gerade",
        "meta": "@sys.ignore",
        "userDefined": false
      },
      {
        "text": " gesagt hast",
        "userDefined": false
      }
    ],
    "isTemplate": false,
    "count": 0,
    "updated": 1538195932
  },
  {
    "id": "74504d76-64b6-44df-8c4b-89705a7457ba",
    "data": [
      {
        "text": "Was",
        "userDefined": false
      }
    ],
    "isTemplate": false,
    "count": 0,
    "updated": 1538195932
  },
  {
    "id": "041d534f-7271-48e3-bf4d-c38478a25ea3",
    "data": [
      {
        "text": "Wiederhole es",
        "userDefined": false
      }
    ],
    "isTemplate": false,
    "count": 0,
    "updated": 1538195932
  },
  {
    "id": "e0121313-3ea2-4949-be9a-04cc1a6e3ddf",
    "data": [
      {
        "text": "Sag es nochmal",
        "userDefined": false
      }
    ],
    "isTemplate": false,
    "count": 0,
    "updated": 1538195932
  },
  {
    "id": "22d0400e-1f1d-44f7-8a2d-faf5a8e76a68",
    "data": [
      {
        "text": "Bitte wiederhole es",
        "userDefined": false
      }
    ],
    "isTemplate": false,
    "count": 0,
    "updated": 1538195932
  },
  {
    "id": "8afee7ba-7784-46c0-a99c-77ae1a90965e",
    "data": [
      {
        "text": "Bitte wiederhole das",
        "userDefined": false
      }
    ],
    "isTemplate": false,
    "count": 0,
    "updated": 1538195932
  },
  {
    "id": "4c1f7d6e-4fce-4d67-9af0-d33f78bc1c9d",
    "data": [
      {
        "text": "Sag das nochmal",
        "userDefined": false
      }
    ],
    "isTemplate": false,
    "count": 0,
    "updated": 1538195932
  },
  {
    "id": "44de1554-38b3-4819-af4c-d50f6677ad38",
    "data": [
      {
        "text": "Was war das",
        "userDefined": false
      }
    ],
    "isTemplate": false,
    "count": 0,
    "updated": 1538195932
  },
  {
    "id": "c8a8af5c-8593-4257-9836-a0fd4fe439fe",
    "data": [
      {
        "text": "Mach es nochmal",
        "userDefined": false
      }
    ],
    "isTemplate": false,
    "count": 1,
    "updated": 1538195932
  },
  {
    "id": "c4123e11-0458-4bd6-9ddb-a344bd76e0f4",
    "data": [
      {
        "text": "Entschuldigung",
        "userDefined": false
      }
    ],
    "isTemplate": false,
    "count": 0,
    "updated": 1538195932
  },
  {
    "id": "0e2c9b71-ead7-42e2-8939-44161bba7e88",
    "data": [
      {
        "text": "Kannst du das wiederholen",
        "userDefined": false
      }
    ],
    "isTemplate": false,
    "count": 0,
    "updated": 1538195932
  },
  {
    "id": "15672033-c90d-449b-9073-de18b5af07c0",
    "data": [
      {
        "text": "wieder",
        "userDefined": false
      }
    ],
    "isTemplate": false,
    "count": 0,
    "updated": 1538195932
  },
  {
    "id": "74f4d468-5c1a-4c5a-a208-f5f2f159a702",
    "data": [
      {
        "text": "Komme wieder",
        "userDefined": false
      }
    ],
    "isTemplate": false,
    "count": 0,
    "updated": 1538195932
  },
  {
    "id": "bb76e039-d0fb-4af8-b4fa-f424f0fb809f",
    "data": [
      {
        "text": "Kannst du es wiederholen",
        "userDefined": false
      }
    ],
    "isTemplate": false,
    "count": 0,
    "updated": 1538195932
  },
  {
    "id": "79b9a241-d852-4f2a-b814-634404a9d534",
    "data": [
      {
        "text": "Wiederhole die Ergebnisse",
        "userDefined": false
      }
    ],
    "isTemplate": false,
    "count": 0,
    "updated": 1538195932
  }
]