[
  {
    "id": "d9928046-ed01-411d-be4d-1329296c06a8",
    "data": [
      {
        "text": "Wiederhole, was du ",
        "userDefined": false
      },
      {
        "text": "gerade",
        "meta": "@sys.ignore",
        "userDefined": false
      },
      {
        "text": " gesagt hast",
        "userDefined": false
      }
    ],
    "isTemplate": false,
    "count": 0,
    "updated": 1538195932
  },
  {
    "id": "c87aca9d-6aa8-47b5-a490-adc12bc8065b",
    "data": [
      {
        "text": "Was",
        "userDefined": false
      }
    ],
    "isTemplate": false,
    "count": 0,
    "updated": 1538195932
  },
  {
    "id": "47764240-326a-4847-a3a1-4c2971884f78",
    "data": [
      {
        "text": "Wiederhole es",
        "userDefined": false
      }
    ],
    "isTemplate": false,
    "count": 0,
    "updated": 1538195932
  },
  {
    "id": "72423ae9-3b02-4a1f-baf7-0acd57ed2408",
    "data": [
      {
        "text": "Sag es nochmal",
        "userDefined": false
      }
    ],
    "isTemplate": false,
    "count": 0,
    "updated": 1538195932
  },
  {
    "id": "44634b39-8055-4323-9a64-23e759e9b309",
    "data": [
      {
        "text": "Bitte wiederhole es",
        "userDefined": false
      }
    ],
    "isTemplate": false,
    "count": 0,
    "updated": 1538195932
  },
  {
    "id": "ea334731-32e5-4683-9cfe-40635b586c3d",
    "data": [
      {
        "text": "Bitte wiederhole das",
        "userDefined": false
      }
    ],
    "isTemplate": false,
    "count": 0,
    "updated": 1538195932
  },
  {
    "id": "4a86d0fe-e1c7-42be-bad3-68e58200b8de",
    "data": [
      {
        "text": "Sag das nochmal",
        "userDefined": false
      }
    ],
    "isTemplate": false,
    "count": 0,
    "updated": 1538195932
  },
  {
    "id": "8430a952-9cec-47ab-b8dc-a6ba4b3b0557",
    "data": [
      {
        "text": "Was war das",
        "userDefined": false
      }
    ],
    "isTemplate": false,
    "count": 0,
    "updated": 1538195932
  },
  {
    "id": "5757d2d1-ba2a-4993-8ccc-a60364b129bf",
    "data": [
      {
        "text": "Mach es nochmal",
        "userDefined": false
      }
    ],
    "isTemplate": false,
    "count": 1,
    "updated": 1538195932
  },
  {
    "id": "bbbdc0f9-1e2b-40f5-9d5a-e6be1ba13032",
    "data": [
      {
        "text": "Entschuldigung",
        "userDefined": false
      }
    ],
    "isTemplate": false,
    "count": 0,
    "updated": 1538195932
  },
  {
    "id": "2be2d621-70c0-4680-b2a6-a8f748f41f92",
    "data": [
      {
        "text": "Kannst du das wiederholen",
        "userDefined": false
      }
    ],
    "isTemplate": false,
    "count": 0,
    "updated": 1538195932
  },
  {
    "id": "7e1d2850-0cf4-48af-8cad-548bb9c313a0",
    "data": [
      {
        "text": "wieder",
        "userDefined": false
      }
    ],
    "isTemplate": false,
    "count": 0,
    "updated": 1538195932
  },
  {
    "id": "0c24772c-0522-4724-ab1e-8a3e2998910a",
    "data": [
      {
        "text": "Komme wieder",
        "userDefined": false
      }
    ],
    "isTemplate": false,
    "count": 0,
    "updated": 1538195932
  },
  {
    "id": "f3ace30e-bb33-4f44-afdf-72333d2117aa",
    "data": [
      {
        "text": "Kannst du es wiederholen",
        "userDefined": false
      }
    ],
    "isTemplate": false,
    "count": 0,
    "updated": 1538195932
  },
  {
    "id": "b5081b87-de89-4bd8-bccc-88f1ffc5e1d4",
    "data": [
      {
        "text": "Wiederhole die Ergebnisse",
        "userDefined": false
      }
    ],
    "isTemplate": false,
    "count": 0,
    "updated": 1538195932
  }
]