[
  {
    "id": "2f1b24a4-e87f-4432-972a-eb8184966c9a",
    "data": [
      {
        "text": "言ったことを繰り返して。",
        "userDefined": false
      }
    ],
    "isTemplate": false,
    "count": 0,
    "updated": 1538584456
  },
  {
    "id": "717c505d-d041-4a57-a28c-41d895503a94",
    "data": [
      {
        "text": "何？",
        "userDefined": false
      }
    ],
    "isTemplate": false,
    "count": 0,
    "updated": 1538584456
  },
  {
    "id": "a9fe4130-b355-4d9f-b576-cb62498acaa5",
    "data": [
      {
        "text": "繰り返して。",
        "userDefined": false
      }
    ],
    "isTemplate": false,
    "count": 0,
    "updated": 1538584456
  },
  {
    "id": "b7653459-2f70-4b67-9054-741f251d62f4",
    "data": [
      {
        "text": "同じことをもう",
        "userDefined": false
      },
      {
        "text": "一",
        "meta": "@sys.ignore",
        "userDefined": false
      },
      {
        "text": "度言って。",
        "userDefined": false
      }
    ],
    "isTemplate": false,
    "count": 0,
    "updated": 1538584456
  },
  {
    "id": "e649b26c-77c2-40c9-b853-ce51b5c5417e",
    "data": [
      {
        "text": "繰り返し",
        "userDefined": false
      }
    ],
    "isTemplate": false,
    "count": 0,
    "updated": 1538584456
  },
  {
    "id": "f05debbb-27e3-4e57-9a1d-b0cca358d0eb",
    "data": [
      {
        "text": "繰り返してください。",
        "userDefined": false
      }
    ],
    "isTemplate": false,
    "count": 0,
    "updated": 1538584456
  },
  {
    "id": "3c57b80e-1820-45a9-8089-18bd838b5def",
    "data": [
      {
        "text": "もう",
        "userDefined": false
      },
      {
        "text": "一",
        "meta": "@sys.ignore",
        "userDefined": false
      },
      {
        "text": "回言ってください。",
        "userDefined": false
      }
    ],
    "isTemplate": false,
    "count": 0,
    "updated": 1538584456
  },
  {
    "id": "326a0ce2-379c-42c3-a3ea-3e02aff8cf28",
    "data": [
      {
        "text": "何ですか？",
        "userDefined": false
      }
    ],
    "isTemplate": false,
    "count": 0,
    "updated": 1538584456
  },
  {
    "id": "62b058db-c5d8-403f-8393-4fb4e8b33166",
    "data": [
      {
        "text": "もう",
        "userDefined": false
      },
      {
        "text": "一",
        "meta": "@sys.ignore",
        "userDefined": false
      },
      {
        "text": "度やってください。",
        "userDefined": false
      }
    ],
    "isTemplate": false,
    "count": 0,
    "updated": 1538584456
  },
  {
    "id": "525f6911-d6c6-4695-a9e4-5ed27513d8d1",
    "data": [
      {
        "text": "もう",
        "userDefined": false
      },
      {
        "text": "一",
        "meta": "@sys.ignore",
        "userDefined": false
      },
      {
        "text": "度言ってください。",
        "userDefined": false
      }
    ],
    "isTemplate": false,
    "count": 0,
    "updated": 1538584456
  },
  {
    "id": "8386efb5-0996-4112-97bf-bb16ac93031f",
    "data": [
      {
        "text": "何と言いましたか",
        "userDefined": false
      }
    ],
    "isTemplate": false,
    "count": 0,
    "updated": 1538584456
  },
  {
    "id": "5ed0c4d7-96c5-4716-a2a8-a1d6e26ceec7",
    "data": [
      {
        "text": "繰り返すことはできますか",
        "userDefined": false
      }
    ],
    "isTemplate": false,
    "count": 0,
    "updated": 1538584456
  },
  {
    "id": "46ea7166-1d47-4bda-814e-2a7d808b5224",
    "data": [
      {
        "text": "もう",
        "userDefined": false
      },
      {
        "text": "一",
        "meta": "@sys.ignore",
        "userDefined": false
      },
      {
        "text": "度。",
        "userDefined": false
      }
    ],
    "isTemplate": false,
    "count": 0,
    "updated": 1538584456
  },
  {
    "id": "515d0cc4-6118-463e-82bc-42205771ace3",
    "data": [
      {
        "text": "もう",
        "userDefined": false
      },
      {
        "text": "一",
        "meta": "@sys.ignore",
        "userDefined": false
      },
      {
        "text": "度お願いします。",
        "userDefined": false
      }
    ],
    "isTemplate": false,
    "count": 0,
    "updated": 1538584456
  },
  {
    "id": "ae4089f5-8214-4367-a796-3fc483d4c4d5",
    "data": [
      {
        "text": "繰り返すことは可能ですか",
        "userDefined": false
      }
    ],
    "isTemplate": false,
    "count": 0,
    "updated": 1538584456
  },
  {
    "id": "62e85ec3-ada0-48c3-84a4-7b9936ae6dc4",
    "data": [
      {
        "text": "今の結果を繰り返して。",
        "userDefined": false
      }
    ],
    "isTemplate": false,
    "count": 0,
    "updated": 1538584456
  }
]