[
  {
    "id": "7367c518-c967-4950-a16e-e242f51892f2",
    "data": [
      {
        "text": "ripetere",
        "userDefined": false
      }
    ],
    "isTemplate": false,
    "count": 0,
    "updated": 1533922595
  },
  {
    "id": "b65e782b-7807-43c3-b4a6-3cbc735d65bf",
    "data": [
      {
        "text": "ripeti",
        "userDefined": false
      }
    ],
    "isTemplate": false,
    "count": 1,
    "updated": 1536886431
  },
  {
    "id": "7586559f-faa9-4d97-b4b2-eddda3412d6c",
    "data": [
      {
        "text": "ripeti questi risultati",
        "userDefined": false
      }
    ],
    "isTemplate": false,
    "count": 0,
    "updated": 1536886431
  },
  {
    "id": "8fc9e665-e54d-4ed7-a3e8-38eb9a9eb3a5",
    "data": [
      {
        "text": "puoi ripetere quello che hai detto?",
        "userDefined": false
      }
    ],
    "isTemplate": false,
    "count": 1,
    "updated": 1536886431
  },
  {
    "id": "530afca7-8615-49aa-a469-43dc365cb255",
    "data": [
      {
        "text": "un",
        "meta": "@sys.ignore",
        "userDefined": false
      },
      {
        "text": "\u0027altra volta",
        "userDefined": false
      }
    ],
    "isTemplate": false,
    "count": 1,
    "updated": 1536886431
  },
  {
    "id": "7767c9d7-9d47-4152-a6fe-826f5bc72811",
    "data": [
      {
        "text": "scusa",
        "userDefined": false
      }
    ],
    "isTemplate": false,
    "count": 0,
    "updated": 1536886431
  },
  {
    "id": "fe50714d-a676-4d67-ba20-9de5dbd0fa2e",
    "data": [
      {
        "text": "dillo di nuovo",
        "userDefined": false
      }
    ],
    "isTemplate": false,
    "count": 0,
    "updated": 1536886431
  },
  {
    "id": "66007ecd-fb7c-40f8-9de2-bf796f295257",
    "data": [
      {
        "text": "lo puoi ripetere?",
        "userDefined": false
      }
    ],
    "isTemplate": false,
    "count": 0,
    "updated": 1536886431
  },
  {
    "id": "e2cc7d58-2d3b-44e8-8ad0-665bcd988230",
    "data": [
      {
        "text": "puoi ripetere",
        "userDefined": false
      }
    ],
    "isTemplate": false,
    "count": 1,
    "updated": 1536886431
  },
  {
    "id": "dcec1d55-7a11-41a5-b8e2-97af3cca574a",
    "data": [
      {
        "text": "ripetilo",
        "userDefined": false
      }
    ],
    "isTemplate": false,
    "count": 0,
    "updated": 1536886431
  },
  {
    "id": "7191e2c3-eac5-491f-987b-f969c1c5806e",
    "data": [
      {
        "text": "puoi ripetere per favore?",
        "userDefined": false
      }
    ],
    "isTemplate": false,
    "count": 0,
    "updated": 1536886431
  },
  {
    "id": "8d6a4f09-be27-4861-9928-76f7ac3afa7e",
    "data": [
      {
        "text": "come?",
        "userDefined": false
      }
    ],
    "isTemplate": false,
    "count": 1,
    "updated": 1536886431
  }
]