[
  {
    "id": "fab25bc4-9d86-4ee3-97e2-585020eee61b",
    "data": [
      {
        "text": "repite lo que acabas de decir",
        "userDefined": false
      }
    ],
    "isTemplate": false,
    "count": 1,
    "updated": 1536945672
  },
  {
    "id": "56fff27e-9db3-481e-a4c2-5d82225088ac",
    "data": [
      {
        "text": "que",
        "userDefined": false
      }
    ],
    "isTemplate": false,
    "count": 0,
    "updated": 1536945672
  },
  {
    "id": "f824d4e6-c1a2-4693-918b-ba18515f41a8",
    "data": [
      {
        "text": "¿Qué?",
        "userDefined": false
      }
    ],
    "isTemplate": false,
    "count": 0,
    "updated": 1536945672
  },
  {
    "id": "0ccf800e-b3e3-46e0-b004-e990aea32475",
    "data": [
      {
        "text": "Repitelo",
        "userDefined": false
      }
    ],
    "isTemplate": false,
    "count": 0,
    "updated": 1536945672
  },
  {
    "id": "e1a48ba9-a84a-4b1c-99e8-d462b4607a06",
    "data": [
      {
        "text": "decir lo mismo de ",
        "userDefined": false
      },
      {
        "text": "nuevo",
        "meta": "@sys.ignore",
        "userDefined": false
      }
    ],
    "isTemplate": false,
    "count": 1,
    "updated": 1536945672
  },
  {
    "id": "ffe78578-7f36-4424-ba27-c0fc7d506c83",
    "data": [
      {
        "text": "repetir",
        "userDefined": false
      }
    ],
    "isTemplate": false,
    "count": 0,
    "updated": 1533922575
  },
  {
    "id": "37462535-26db-4dd1-b31e-1625f495ea79",
    "data": [
      {
        "text": "por favor repita eso",
        "userDefined": false
      }
    ],
    "isTemplate": false,
    "count": 2,
    "updated": 1536945672
  },
  {
    "id": "033d537a-4701-4ef0-bf85-b477e540930a",
    "data": [
      {
        "text": "¿qué fue eso?",
        "userDefined": false
      }
    ],
    "isTemplate": false,
    "count": 0,
    "updated": 1536945672
  },
  {
    "id": "db535737-6961-4406-b720-862ae43dc218",
    "data": [
      {
        "text": "hazlo otra vez",
        "userDefined": false
      }
    ],
    "isTemplate": false,
    "count": 0,
    "updated": 1536945672
  },
  {
    "id": "5e3f7777-3df4-4b8b-a412-b9016b92c7c2",
    "data": [
      {
        "text": "dilo otra vez",
        "userDefined": false
      }
    ],
    "isTemplate": false,
    "count": 0,
    "updated": 1536945672
  },
  {
    "id": "41073502-7670-4413-992b-8e9f66a97440",
    "data": [
      {
        "text": "perdon",
        "userDefined": false
      }
    ],
    "isTemplate": false,
    "count": 0,
    "updated": 1536945672
  },
  {
    "id": "95d4f6b9-1f7a-48fd-bb86-1ba899f358e8",
    "data": [
      {
        "text": "podrías repetir eso",
        "userDefined": false
      }
    ],
    "isTemplate": false,
    "count": 0,
    "updated": 1536945672
  },
  {
    "id": "63801bb0-0bb9-4ab5-ae1c-56aa461290f6",
    "data": [
      {
        "text": "de ",
        "userDefined": false
      },
      {
        "text": "nuevo",
        "meta": "@sys.ignore",
        "userDefined": false
      }
    ],
    "isTemplate": false,
    "count": 0,
    "updated": 1536945672
  },
  {
    "id": "5d06cd64-89d6-4e40-9dd9-0ab24ee8b295",
    "data": [
      {
        "text": "otra vez",
        "userDefined": false
      }
    ],
    "isTemplate": false,
    "count": 0,
    "updated": 1536945672
  },
  {
    "id": "5ae8fbe8-4520-4b72-a99e-edc5f6b05bc4",
    "data": [
      {
        "text": "puedes repetir",
        "userDefined": false
      }
    ],
    "isTemplate": false,
    "count": 0,
    "updated": 1536945672
  },
  {
    "id": "5b20d564-8910-4682-b168-e769e2f6a6f8",
    "data": [
      {
        "text": "repite estos resultados",
        "userDefined": false
      }
    ],
    "isTemplate": false,
    "count": 2,
    "updated": 1536945672
  }
]