[
  {
    "id": "c4e744f4-d408-4d2a-b8a5-317aa484b055",
    "data": [
      {
        "text": "repeat these results",
        "userDefined": false
      }
    ],
    "isTemplate": false,
    "count": 0,
    "updated": 1533835219
  },
  {
    "id": "dcb0e975-26c4-4547-859b-4be7e5ebf190",
    "data": [
      {
        "text": "can you repeat",
        "userDefined": false
      }
    ],
    "isTemplate": false,
    "count": 0,
    "updated": 1530308685
  },
  {
    "id": "9059dad1-2c20-4c24-90b5-e6a1640f1a61",
    "data": [
      {
        "text": "come again",
        "userDefined": false
      }
    ],
    "isTemplate": false,
    "count": 0,
    "updated": 1533835219
  },
  {
    "id": "01bad04c-e2a1-4ebc-b24e-d3acad46f34e",
    "data": [
      {
        "text": "again",
        "userDefined": false
      }
    ],
    "isTemplate": false,
    "count": 0,
    "updated": 1530308685
  },
  {
    "id": "1eb5b9f2-0b0d-45a2-ae4c-daa0fe804ea2",
    "data": [
      {
        "text": "could you repeat that",
        "userDefined": false
      }
    ],
    "isTemplate": false,
    "count": 0,
    "updated": 1533835219
  },
  {
    "id": "be1659e3-69e3-4790-af0f-654729d56939",
    "data": [
      {
        "text": "pardon",
        "userDefined": false
      }
    ],
    "isTemplate": false,
    "count": 0,
    "updated": 1530308685
  },
  {
    "id": "575b2396-861b-42cf-aee7-4674f57ae6c9",
    "data": [
      {
        "text": "say it again",
        "userDefined": false
      }
    ],
    "isTemplate": false,
    "count": 0,
    "updated": 1533835219
  },
  {
    "id": "09cd96ea-7180-4190-a313-9cd9468daeb9",
    "data": [
      {
        "text": "do it again",
        "userDefined": false
      }
    ],
    "isTemplate": false,
    "count": 0,
    "updated": 1533835219
  },
  {
    "id": "ef906496-8ab3-4df0-8aaf-db46c8ea7b16",
    "data": [
      {
        "text": "what was that?",
        "userDefined": false
      }
    ],
    "isTemplate": false,
    "count": 0,
    "updated": 1530308685
  },
  {
    "id": "4cd905f2-e0f0-4c22-b6fe-433d0d254807",
    "data": [
      {
        "text": "say that again",
        "userDefined": false
      }
    ],
    "isTemplate": false,
    "count": 0,
    "updated": 1530308685
  },
  {
    "id": "0e61adde-6662-4f08-839b-ec838e6d7b86",
    "data": [
      {
        "text": "please repeat that",
        "userDefined": false
      }
    ],
    "isTemplate": false,
    "count": 0,
    "updated": 1533835219
  },
  {
    "id": "463068bb-12c5-445f-b846-51fcdee860e5",
    "data": [
      {
        "text": "say the same again",
        "userDefined": false
      }
    ],
    "isTemplate": false,
    "count": 0,
    "updated": 1533835219
  },
  {
    "id": "da780309-1fe4-40ee-bbce-c6bbde6c31a4",
    "data": [
      {
        "text": "repeat it",
        "userDefined": false
      }
    ],
    "isTemplate": false,
    "count": 0,
    "updated": 1533835219
  },
  {
    "id": "f4dfc3c5-fb4b-4279-b2f6-0f72073ed702",
    "data": [
      {
        "text": "what?",
        "userDefined": false
      }
    ],
    "isTemplate": false,
    "count": 1,
    "updated": 1530308685
  },
  {
    "id": "02d40788-6e28-436a-98f6-0ce48d52b3f8",
    "data": [
      {
        "text": "repeat",
        "userDefined": false
      }
    ],
    "isTemplate": false,
    "count": 0,
    "updated": 1530308685
  },
  {
    "id": "a6f8eac6-abbf-4235-b443-49a309f8eb9b",
    "data": [
      {
        "text": "repeat what you\u0027ve just said",
        "userDefined": false
      }
    ],
    "isTemplate": false,
    "count": 0,
    "updated": 1533835219
  }
]