[
  {
    "id": "756fc61a-ee0c-4d7a-8cf7-b7e511570781",
    "data": [
      {
        "text": "novamente",
        "userDefined": false
      }
    ],
    "isTemplate": false,
    "count": 0
  },
  {
    "id": "482b01b5-cc29-44b9-a2d2-513a70a2b76f",
    "data": [
      {
        "text": "O que?",
        "userDefined": false
      }
    ],
    "isTemplate": false,
    "count": 0
  },
  {
    "id": "c4b6a709-f720-4894-b6cc-cac7740f6e2a",
    "data": [
      {
        "text": "desculpe",
        "userDefined": false
      }
    ],
    "isTemplate": false,
    "count": 0
  },
  {
    "id": "0a383db0-6f8e-4d11-a16a-b6718d4d890b",
    "data": [
      {
        "text": "Repita o que você acabou de dizer",
        "userDefined": false
      }
    ],
    "isTemplate": false,
    "count": 0
  },
  {
    "id": "cf7dbbfc-85ec-4053-b174-69463448da56",
    "data": [
      {
        "text": "outra vez",
        "userDefined": false
      }
    ],
    "isTemplate": false,
    "count": 0
  },
  {
    "id": "5f534769-8071-474f-8120-2ff8f3fde1f1",
    "data": [
      {
        "text": "diga novamente",
        "userDefined": false
      }
    ],
    "isTemplate": false,
    "count": 0
  },
  {
    "id": "c0c94462-1761-45f3-816c-bc77269655c4",
    "data": [
      {
        "text": "repita isso",
        "userDefined": false
      }
    ],
    "isTemplate": false,
    "count": 0
  },
  {
    "id": "0094ecca-fe66-4f1f-9e89-4f4594217ede",
    "data": [
      {
        "text": "fale novamente",
        "userDefined": false
      }
    ],
    "isTemplate": false,
    "count": 0
  },
  {
    "id": "d3ae5cc0-e109-48b6-a0c8-510af226ef2e",
    "data": [
      {
        "text": "O que foi isso?",
        "userDefined": false
      }
    ],
    "isTemplate": false,
    "count": 0
  },
  {
    "id": "c9f9506f-8733-4e38-a050-0e2b8b4d3705",
    "data": [
      {
        "text": "Você pode repetir?",
        "userDefined": false
      }
    ],
    "isTemplate": false,
    "count": 0
  },
  {
    "id": "f43ab03b-6e43-44af-b07f-df1482f02a40",
    "data": [
      {
        "text": "Repita os resultados",
        "userDefined": false
      }
    ],
    "isTemplate": false,
    "count": 0
  },
  {
    "id": "1342496b-f948-43eb-ba74-04bd4896f850",
    "data": [
      {
        "text": "Repita",
        "userDefined": false
      }
    ],
    "isTemplate": false,
    "count": 0
  },
  {
    "id": "4fe931e6-8cd3-4ef1-b44c-52c088fa7691",
    "data": [
      {
        "text": "fale de novo",
        "userDefined": false
      }
    ],
    "isTemplate": false,
    "count": 0
  },
  {
    "id": "0ef8e65c-5ac1-4395-b5e0-bd543e0395d8",
    "data": [
      {
        "text": "Pode repetir isso?",
        "userDefined": false
      }
    ],
    "isTemplate": false,
    "count": 0
  },
  {
    "id": "a576cde0-8620-45fb-9ca3-b8a4dcb42e8e",
    "data": [
      {
        "text": "por favor repita isso",
        "userDefined": false
      }
    ],
    "isTemplate": false,
    "count": 1
  }
]