[
  {
    "id": "0b68658a-44fc-4838-b7fe-f0fa92fa0db0",
    "data": [
      {
        "text": "repite lo que acabas de decir",
        "userDefined": false
      }
    ],
    "isTemplate": false,
    "count": 1,
    "updated": 1536945672
  },
  {
    "id": "fff7863f-d352-4d3a-9368-746474778af3",
    "data": [
      {
        "text": "que",
        "userDefined": false
      }
    ],
    "isTemplate": false,
    "count": 0,
    "updated": 1536945672
  },
  {
    "id": "e3c6dd61-0fae-48cb-bb1a-9c091b19e5b3",
    "data": [
      {
        "text": "¿Qué?",
        "userDefined": false
      }
    ],
    "isTemplate": false,
    "count": 0,
    "updated": 1536945672
  },
  {
    "id": "aa85487f-8d85-4b4c-afc7-2a7adb5fb8bb",
    "data": [
      {
        "text": "Repitelo",
        "userDefined": false
      }
    ],
    "isTemplate": false,
    "count": 0,
    "updated": 1536945672
  },
  {
    "id": "92b43b82-7fc8-4edf-a5f8-677f6aad2ee8",
    "data": [
      {
        "text": "decir lo mismo de ",
        "userDefined": false
      },
      {
        "text": "nuevo",
        "meta": "@sys.ignore",
        "userDefined": false
      }
    ],
    "isTemplate": false,
    "count": 1,
    "updated": 1536945672
  },
  {
    "id": "e22d0407-ecb0-4f74-a472-58f16a0f1635",
    "data": [
      {
        "text": "repetir",
        "userDefined": false
      }
    ],
    "isTemplate": false,
    "count": 0,
    "updated": 1533922575
  },
  {
    "id": "c6a3642c-0dde-41b8-904e-d8d9567cb724",
    "data": [
      {
        "text": "por favor repita eso",
        "userDefined": false
      }
    ],
    "isTemplate": false,
    "count": 2,
    "updated": 1536945672
  },
  {
    "id": "5dfdf1d4-8f89-4624-9a11-269e126025aa",
    "data": [
      {
        "text": "¿qué fue eso?",
        "userDefined": false
      }
    ],
    "isTemplate": false,
    "count": 0,
    "updated": 1536945672
  },
  {
    "id": "083eefab-9fbe-4ce0-bc8b-0c9d082153cf",
    "data": [
      {
        "text": "hazlo otra vez",
        "userDefined": false
      }
    ],
    "isTemplate": false,
    "count": 0,
    "updated": 1536945672
  },
  {
    "id": "b143ea5a-77e5-4a23-a281-50eb9038fcd7",
    "data": [
      {
        "text": "dilo otra vez",
        "userDefined": false
      }
    ],
    "isTemplate": false,
    "count": 0,
    "updated": 1536945672
  },
  {
    "id": "c09e4d75-f635-432b-8daf-969f8e519245",
    "data": [
      {
        "text": "perdon",
        "userDefined": false
      }
    ],
    "isTemplate": false,
    "count": 0,
    "updated": 1536945672
  },
  {
    "id": "b7ed3725-5fb8-4a2d-a19b-342f32338039",
    "data": [
      {
        "text": "podrías repetir eso",
        "userDefined": false
      }
    ],
    "isTemplate": false,
    "count": 0,
    "updated": 1536945672
  },
  {
    "id": "1dcdc8c0-ad24-406e-a705-36eba68892f3",
    "data": [
      {
        "text": "de ",
        "userDefined": false
      },
      {
        "text": "nuevo",
        "meta": "@sys.ignore",
        "userDefined": false
      }
    ],
    "isTemplate": false,
    "count": 0,
    "updated": 1536945672
  },
  {
    "id": "375f76f4-cbc7-46a5-a788-be7fcdcc6d00",
    "data": [
      {
        "text": "otra vez",
        "userDefined": false
      }
    ],
    "isTemplate": false,
    "count": 0,
    "updated": 1536945672
  },
  {
    "id": "23ec6cb7-d3e4-49cf-b140-84f9f7a6c5bc",
    "data": [
      {
        "text": "puedes repetir",
        "userDefined": false
      }
    ],
    "isTemplate": false,
    "count": 0,
    "updated": 1536945672
  },
  {
    "id": "45d38cc3-e07c-4622-aa59-3896564004da",
    "data": [
      {
        "text": "repite estos resultados",
        "userDefined": false
      }
    ],
    "isTemplate": false,
    "count": 2,
    "updated": 1536945672
  }
]