[
  {
    "id": "b9c05c80-f2c3-49f3-996d-d3169b587a1f",
    "data": [
      {
        "text": "repeat these results",
        "userDefined": false
      }
    ],
    "isTemplate": false,
    "count": 0,
    "updated": 1533835219
  },
  {
    "id": "f0de65a9-cdfc-472a-ab01-a6c93f3a2253",
    "data": [
      {
        "text": "can you repeat",
        "userDefined": false
      }
    ],
    "isTemplate": false,
    "count": 0,
    "updated": 1530308685
  },
  {
    "id": "4e506eca-5f39-45af-a0d5-fb7147a194ab",
    "data": [
      {
        "text": "come again",
        "userDefined": false
      }
    ],
    "isTemplate": false,
    "count": 0,
    "updated": 1533835219
  },
  {
    "id": "db1e131f-92f9-4181-99c4-c7ede27c74e6",
    "data": [
      {
        "text": "again",
        "userDefined": false
      }
    ],
    "isTemplate": false,
    "count": 0,
    "updated": 1530308685
  },
  {
    "id": "accc97fc-dd94-41b9-b24a-cf135a9eaa36",
    "data": [
      {
        "text": "could you repeat that",
        "userDefined": false
      }
    ],
    "isTemplate": false,
    "count": 0,
    "updated": 1533835219
  },
  {
    "id": "1b68a3b9-d6c5-406b-a48e-d43d735d7d81",
    "data": [
      {
        "text": "pardon",
        "userDefined": false
      }
    ],
    "isTemplate": false,
    "count": 0,
    "updated": 1530308685
  },
  {
    "id": "c42507a1-aa0e-4790-88ed-901ef57c32e8",
    "data": [
      {
        "text": "say it again",
        "userDefined": false
      }
    ],
    "isTemplate": false,
    "count": 0,
    "updated": 1533835219
  },
  {
    "id": "afc42d07-8597-4fa1-8759-224a604bdecd",
    "data": [
      {
        "text": "do it again",
        "userDefined": false
      }
    ],
    "isTemplate": false,
    "count": 0,
    "updated": 1533835219
  },
  {
    "id": "5fe35a02-e172-48b5-9574-07d8ada54597",
    "data": [
      {
        "text": "what was that?",
        "userDefined": false
      }
    ],
    "isTemplate": false,
    "count": 0,
    "updated": 1530308685
  },
  {
    "id": "86709a1f-d4ee-4bc8-acee-03fc8d768804",
    "data": [
      {
        "text": "say that again",
        "userDefined": false
      }
    ],
    "isTemplate": false,
    "count": 0,
    "updated": 1530308685
  },
  {
    "id": "184ce135-3739-4a24-a219-52738af4ea68",
    "data": [
      {
        "text": "please repeat that",
        "userDefined": false
      }
    ],
    "isTemplate": false,
    "count": 0,
    "updated": 1533835219
  },
  {
    "id": "51122da9-0b1d-4cc8-8309-8f901cb4624b",
    "data": [
      {
        "text": "say the same again",
        "userDefined": false
      }
    ],
    "isTemplate": false,
    "count": 0,
    "updated": 1533835219
  },
  {
    "id": "547afed1-ea3a-4725-8f17-38d7d4f60bf1",
    "data": [
      {
        "text": "repeat it",
        "userDefined": false
      }
    ],
    "isTemplate": false,
    "count": 0,
    "updated": 1533835219
  },
  {
    "id": "dc04aeb4-aa6f-4ac2-bb72-6fcf8987b4f6",
    "data": [
      {
        "text": "what?",
        "userDefined": false
      }
    ],
    "isTemplate": false,
    "count": 1,
    "updated": 1530308685
  },
  {
    "id": "874cb320-ade2-4e8e-9676-221a13f7bd84",
    "data": [
      {
        "text": "repeat",
        "userDefined": false
      }
    ],
    "isTemplate": false,
    "count": 0,
    "updated": 1530308685
  },
  {
    "id": "1cfa1736-6e30-446d-a7a3-a1b98bc4993b",
    "data": [
      {
        "text": "repeat what you\u0027ve just said",
        "userDefined": false
      }
    ],
    "isTemplate": false,
    "count": 0,
    "updated": 1533835219
  }
]