[
  {
    "id": "39c824d4-59bf-4e11-b02f-2964a76dd01f",
    "data": [
      {
        "text": "repetir",
        "userDefined": false
      }
    ],
    "isTemplate": false,
    "count": 0,
    "updated": 1533922575
  },
  {
    "id": "d05c1400-b32c-4222-97de-5a0c21a5db3f",
    "data": [
      {
        "text": "repite lo que acabas de decir",
        "userDefined": false
      }
    ],
    "isTemplate": false,
    "count": 1,
    "updated": 1536945672
  },
  {
    "id": "07644c09-d090-4627-a483-94582ce28bfb",
    "data": [
      {
        "text": "que",
        "userDefined": false
      }
    ],
    "isTemplate": false,
    "count": 0,
    "updated": 1536945672
  },
  {
    "id": "d7e60155-8e8a-447e-b57e-d81363b88b1e",
    "data": [
      {
        "text": "¿Qué?",
        "userDefined": false
      }
    ],
    "isTemplate": false,
    "count": 0,
    "updated": 1536945672
  },
  {
    "id": "8579f5a8-6e45-407c-8735-6ece07a74830",
    "data": [
      {
        "text": "dilo otra vez",
        "userDefined": false
      }
    ],
    "isTemplate": false,
    "count": 0,
    "updated": 1536945672
  },
  {
    "id": "28333fc0-ca59-4145-9c81-b378faab3f5a",
    "data": [
      {
        "text": "decir lo mismo de ",
        "userDefined": false
      },
      {
        "text": "nuevo",
        "meta": "@sys.ignore",
        "userDefined": false
      }
    ],
    "isTemplate": false,
    "count": 1,
    "updated": 1536945672
  },
  {
    "id": "b85b15d6-a4b5-4ee0-8fb4-d8621e8c59ae",
    "data": [
      {
        "text": "perdon",
        "userDefined": false
      }
    ],
    "isTemplate": false,
    "count": 0,
    "updated": 1536945672
  },
  {
    "id": "ca014abb-f6c7-4247-bfa0-11bff5fe55b4",
    "data": [
      {
        "text": "otra vez",
        "userDefined": false
      }
    ],
    "isTemplate": false,
    "count": 0,
    "updated": 1536945672
  },
  {
    "id": "f22d759d-c452-4a0a-885a-61df046b46ba",
    "data": [
      {
        "text": "podrías repetir eso",
        "userDefined": false
      }
    ],
    "isTemplate": false,
    "count": 0,
    "updated": 1536945672
  },
  {
    "id": "1d3ac435-388c-49bc-92a4-80c286ab41b0",
    "data": [
      {
        "text": "¿qué fue eso?",
        "userDefined": false
      }
    ],
    "isTemplate": false,
    "count": 0,
    "updated": 1536945672
  },
  {
    "id": "c172aa4e-827a-4987-8c86-497b7e5f59fc",
    "data": [
      {
        "text": "de ",
        "userDefined": false
      },
      {
        "text": "nuevo",
        "meta": "@sys.ignore",
        "userDefined": false
      }
    ],
    "isTemplate": false,
    "count": 0,
    "updated": 1536945672
  },
  {
    "id": "260d0adc-997f-4721-9abf-73473a1d2402",
    "data": [
      {
        "text": "repite estos resultados",
        "userDefined": false
      }
    ],
    "isTemplate": false,
    "count": 2,
    "updated": 1536945672
  },
  {
    "id": "e05f37a8-4869-4e42-ac7f-d15beac9e070",
    "data": [
      {
        "text": "puedes repetir",
        "userDefined": false
      }
    ],
    "isTemplate": false,
    "count": 0,
    "updated": 1536945672
  },
  {
    "id": "5409e951-5b2e-4be2-bed2-894ad0a664a0",
    "data": [
      {
        "text": "Repitelo",
        "userDefined": false
      }
    ],
    "isTemplate": false,
    "count": 0,
    "updated": 1536945672
  },
  {
    "id": "a1d47574-b06b-4f7a-a7a9-033b878c3cfb",
    "data": [
      {
        "text": "por favor repita eso",
        "userDefined": false
      }
    ],
    "isTemplate": false,
    "count": 2,
    "updated": 1536945672
  },
  {
    "id": "9447e111-dc36-450a-a056-e135c5bdd10a",
    "data": [
      {
        "text": "hazlo otra vez",
        "userDefined": false
      }
    ],
    "isTemplate": false,
    "count": 0,
    "updated": 1536945672
  }
]