[
  {
    "id": "66c13a7d-5f56-43e0-84d4-a328cb8b59cc",
    "data": [
      {
        "text": "言ったことを繰り返して。",
        "userDefined": false
      }
    ],
    "isTemplate": false,
    "count": 0,
    "updated": 1538584456
  },
  {
    "id": "8eb6138d-2daf-4268-9c41-dc2cb0a4af0b",
    "data": [
      {
        "text": "何？",
        "userDefined": false
      }
    ],
    "isTemplate": false,
    "count": 0,
    "updated": 1538584456
  },
  {
    "id": "259cc53e-d3bf-4372-8812-347c8d95eb66",
    "data": [
      {
        "text": "繰り返して。",
        "userDefined": false
      }
    ],
    "isTemplate": false,
    "count": 0,
    "updated": 1538584456
  },
  {
    "id": "16c3b432-62ef-4912-a0fe-23dc60993d81",
    "data": [
      {
        "text": "同じことをもう",
        "userDefined": false
      },
      {
        "text": "一",
        "meta": "@sys.ignore",
        "userDefined": false
      },
      {
        "text": "度言って。",
        "userDefined": false
      }
    ],
    "isTemplate": false,
    "count": 0,
    "updated": 1538584456
  },
  {
    "id": "f06f63a4-df8e-4a1c-9b1c-bb1f08e81d48",
    "data": [
      {
        "text": "繰り返し",
        "userDefined": false
      }
    ],
    "isTemplate": false,
    "count": 0,
    "updated": 1538584456
  },
  {
    "id": "37d6537f-797c-4c27-a1b5-3a775e513d93",
    "data": [
      {
        "text": "繰り返してください。",
        "userDefined": false
      }
    ],
    "isTemplate": false,
    "count": 0,
    "updated": 1538584456
  },
  {
    "id": "411cfd8d-b2c2-48e1-867d-d4d1dff84c21",
    "data": [
      {
        "text": "もう",
        "userDefined": false
      },
      {
        "text": "一",
        "meta": "@sys.ignore",
        "userDefined": false
      },
      {
        "text": "回言ってください。",
        "userDefined": false
      }
    ],
    "isTemplate": false,
    "count": 0,
    "updated": 1538584456
  },
  {
    "id": "124746fc-caac-4a22-936c-e3e6c41cad7f",
    "data": [
      {
        "text": "何ですか？",
        "userDefined": false
      }
    ],
    "isTemplate": false,
    "count": 0,
    "updated": 1538584456
  },
  {
    "id": "31583487-851f-41f1-bdf0-a87541a7208e",
    "data": [
      {
        "text": "もう",
        "userDefined": false
      },
      {
        "text": "一",
        "meta": "@sys.ignore",
        "userDefined": false
      },
      {
        "text": "度やってください。",
        "userDefined": false
      }
    ],
    "isTemplate": false,
    "count": 0,
    "updated": 1538584456
  },
  {
    "id": "a2d9fd75-db90-40e9-9f6b-29972e9387ac",
    "data": [
      {
        "text": "もう",
        "userDefined": false
      },
      {
        "text": "一",
        "meta": "@sys.ignore",
        "userDefined": false
      },
      {
        "text": "度言ってください。",
        "userDefined": false
      }
    ],
    "isTemplate": false,
    "count": 0,
    "updated": 1538584456
  },
  {
    "id": "7caac851-bcb9-4f59-98ab-b354c9ef9911",
    "data": [
      {
        "text": "何と言いましたか",
        "userDefined": false
      }
    ],
    "isTemplate": false,
    "count": 0,
    "updated": 1538584456
  },
  {
    "id": "0219dc8d-21cf-4831-8c37-7ebe10cd3554",
    "data": [
      {
        "text": "繰り返すことはできますか",
        "userDefined": false
      }
    ],
    "isTemplate": false,
    "count": 0,
    "updated": 1538584456
  },
  {
    "id": "794ba575-fbf8-4d72-8f97-498738106878",
    "data": [
      {
        "text": "もう",
        "userDefined": false
      },
      {
        "text": "一",
        "meta": "@sys.ignore",
        "userDefined": false
      },
      {
        "text": "度。",
        "userDefined": false
      }
    ],
    "isTemplate": false,
    "count": 0,
    "updated": 1538584456
  },
  {
    "id": "4f72dcef-c50f-4f42-82c9-22e2730ab6a6",
    "data": [
      {
        "text": "もう",
        "userDefined": false
      },
      {
        "text": "一",
        "meta": "@sys.ignore",
        "userDefined": false
      },
      {
        "text": "度お願いします。",
        "userDefined": false
      }
    ],
    "isTemplate": false,
    "count": 0,
    "updated": 1538584456
  },
  {
    "id": "82ca595f-9ff5-4503-bf34-d2f34433face",
    "data": [
      {
        "text": "繰り返すことは可能ですか",
        "userDefined": false
      }
    ],
    "isTemplate": false,
    "count": 0,
    "updated": 1538584456
  },
  {
    "id": "0e4bc459-bd83-4b91-8a83-b50953cdb752",
    "data": [
      {
        "text": "今の結果を繰り返して。",
        "userDefined": false
      }
    ],
    "isTemplate": false,
    "count": 0,
    "updated": 1538584456
  }
]