[
  {
    "id": "639cc050-df46-429b-b412-984d730b684c",
    "data": [
      {
        "text": "言ったことを繰り返して。",
        "userDefined": false
      }
    ],
    "isTemplate": false,
    "count": 0,
    "updated": 1538584456
  },
  {
    "id": "beba8600-211d-4cae-9e23-1fcd0e52cb82",
    "data": [
      {
        "text": "何？",
        "userDefined": false
      }
    ],
    "isTemplate": false,
    "count": 0,
    "updated": 1538584456
  },
  {
    "id": "94c5c0a7-a5d0-4609-95f9-e869a8c8a289",
    "data": [
      {
        "text": "繰り返して。",
        "userDefined": false
      }
    ],
    "isTemplate": false,
    "count": 0,
    "updated": 1538584456
  },
  {
    "id": "bc14b525-775c-4975-98a5-595fcf567b8e",
    "data": [
      {
        "text": "同じことをもう",
        "userDefined": false
      },
      {
        "text": "一",
        "meta": "@sys.ignore",
        "userDefined": false
      },
      {
        "text": "度言って。",
        "userDefined": false
      }
    ],
    "isTemplate": false,
    "count": 0,
    "updated": 1538584456
  },
  {
    "id": "c0a15e2a-329f-428f-96df-d17e9faf29e1",
    "data": [
      {
        "text": "繰り返し",
        "userDefined": false
      }
    ],
    "isTemplate": false,
    "count": 0,
    "updated": 1538584456
  },
  {
    "id": "96b026e2-8069-48b9-92cc-f37f205577b4",
    "data": [
      {
        "text": "繰り返してください。",
        "userDefined": false
      }
    ],
    "isTemplate": false,
    "count": 0,
    "updated": 1538584456
  },
  {
    "id": "091be984-edac-43e2-857b-a9d49c674997",
    "data": [
      {
        "text": "もう",
        "userDefined": false
      },
      {
        "text": "一",
        "meta": "@sys.ignore",
        "userDefined": false
      },
      {
        "text": "回言ってください。",
        "userDefined": false
      }
    ],
    "isTemplate": false,
    "count": 0,
    "updated": 1538584456
  },
  {
    "id": "3c0acae1-d223-4712-93b5-8de24acb6a0b",
    "data": [
      {
        "text": "何ですか？",
        "userDefined": false
      }
    ],
    "isTemplate": false,
    "count": 0,
    "updated": 1538584456
  },
  {
    "id": "e03b7bf7-86c5-418a-a83d-c473c4434069",
    "data": [
      {
        "text": "もう",
        "userDefined": false
      },
      {
        "text": "一",
        "meta": "@sys.ignore",
        "userDefined": false
      },
      {
        "text": "度やってください。",
        "userDefined": false
      }
    ],
    "isTemplate": false,
    "count": 0,
    "updated": 1538584456
  },
  {
    "id": "0ca9b139-32ee-4d7f-982e-82dcbaf11d3b",
    "data": [
      {
        "text": "もう",
        "userDefined": false
      },
      {
        "text": "一",
        "meta": "@sys.ignore",
        "userDefined": false
      },
      {
        "text": "度言ってください。",
        "userDefined": false
      }
    ],
    "isTemplate": false,
    "count": 0,
    "updated": 1538584456
  },
  {
    "id": "1cb0390e-e6b7-4125-be42-130e9e2fb48b",
    "data": [
      {
        "text": "何と言いましたか",
        "userDefined": false
      }
    ],
    "isTemplate": false,
    "count": 0,
    "updated": 1538584456
  },
  {
    "id": "a20871ce-ba78-4419-8ca3-537cff9256e2",
    "data": [
      {
        "text": "繰り返すことはできますか",
        "userDefined": false
      }
    ],
    "isTemplate": false,
    "count": 0,
    "updated": 1538584456
  },
  {
    "id": "fa1eab8c-ac75-4653-8626-2074c10b4f5b",
    "data": [
      {
        "text": "もう",
        "userDefined": false
      },
      {
        "text": "一",
        "meta": "@sys.ignore",
        "userDefined": false
      },
      {
        "text": "度。",
        "userDefined": false
      }
    ],
    "isTemplate": false,
    "count": 0,
    "updated": 1538584456
  },
  {
    "id": "62cf66b7-9b47-44c9-8bd4-422da5a87bc2",
    "data": [
      {
        "text": "もう",
        "userDefined": false
      },
      {
        "text": "一",
        "meta": "@sys.ignore",
        "userDefined": false
      },
      {
        "text": "度お願いします。",
        "userDefined": false
      }
    ],
    "isTemplate": false,
    "count": 0,
    "updated": 1538584456
  },
  {
    "id": "348d243f-aaac-48f1-82b6-9effcd320942",
    "data": [
      {
        "text": "繰り返すことは可能ですか",
        "userDefined": false
      }
    ],
    "isTemplate": false,
    "count": 0,
    "updated": 1538584456
  },
  {
    "id": "d36f12cc-a0c8-4a17-bb5d-54f132a6e052",
    "data": [
      {
        "text": "今の結果を繰り返して。",
        "userDefined": false
      }
    ],
    "isTemplate": false,
    "count": 0,
    "updated": 1538584456
  }
]