[
  {
    "id": "0a43e0a4-3184-4a75-aed2-a376b5ad3afd",
    "data": [
      {
        "text": "Repita o que você acabou de dizer",
        "userDefined": false
      }
    ],
    "isTemplate": false,
    "count": 0
  },
  {
    "id": "52b1af0d-beb8-48a7-806a-e3482ae476dd",
    "data": [
      {
        "text": "O que?",
        "userDefined": false
      }
    ],
    "isTemplate": false,
    "count": 0
  },
  {
    "id": "4f47b63c-4def-45cd-b14e-49cb2681686a",
    "data": [
      {
        "text": "repita isso",
        "userDefined": false
      }
    ],
    "isTemplate": false,
    "count": 0
  },
  {
    "id": "76e63ffb-b240-40a7-a6c8-23312c60eb8b",
    "data": [
      {
        "text": "diga novamente",
        "userDefined": false
      }
    ],
    "isTemplate": false,
    "count": 0
  },
  {
    "id": "5ad05da0-eb92-47e9-b373-969aca5919d1",
    "data": [
      {
        "text": "Repita",
        "userDefined": false
      }
    ],
    "isTemplate": false,
    "count": 0
  },
  {
    "id": "12042b64-2afb-436c-9007-dcbb0f9dbeb2",
    "data": [
      {
        "text": "por favor repita isso",
        "userDefined": false
      }
    ],
    "isTemplate": false,
    "count": 1
  },
  {
    "id": "98c295eb-053b-4782-a56b-bbe488df0470",
    "data": [
      {
        "text": "O que foi isso?",
        "userDefined": false
      }
    ],
    "isTemplate": false,
    "count": 0
  },
  {
    "id": "ed6ec385-1446-443b-88d5-01853e01e4c4",
    "data": [
      {
        "text": "outra vez",
        "userDefined": false
      }
    ],
    "isTemplate": false,
    "count": 0
  },
  {
    "id": "8d218732-8485-49f4-bd34-a8569645e39f",
    "data": [
      {
        "text": "fale novamente",
        "userDefined": false
      }
    ],
    "isTemplate": false,
    "count": 0
  },
  {
    "id": "c8a747eb-e409-4a34-a0e1-19696840574c",
    "data": [
      {
        "text": "desculpe",
        "userDefined": false
      }
    ],
    "isTemplate": false,
    "count": 0
  },
  {
    "id": "ad151b05-bd89-4016-9d5a-3a8ddc0bb793",
    "data": [
      {
        "text": "Pode repetir isso?",
        "userDefined": false
      }
    ],
    "isTemplate": false,
    "count": 0
  },
  {
    "id": "68ac7cbd-f838-485a-b417-6c14f4cb296a",
    "data": [
      {
        "text": "novamente",
        "userDefined": false
      }
    ],
    "isTemplate": false,
    "count": 0
  },
  {
    "id": "afbb121d-95f1-4927-a081-ba53c71d313b",
    "data": [
      {
        "text": "fale de novo",
        "userDefined": false
      }
    ],
    "isTemplate": false,
    "count": 0
  },
  {
    "id": "e29c42cf-7842-409d-ac41-8ab889f543ad",
    "data": [
      {
        "text": "Você pode repetir?",
        "userDefined": false
      }
    ],
    "isTemplate": false,
    "count": 0
  },
  {
    "id": "c76c8f81-e28e-43be-b73d-60f483b09bfb",
    "data": [
      {
        "text": "Repita os resultados",
        "userDefined": false
      }
    ],
    "isTemplate": false,
    "count": 0
  }
]