[
  {
    "id": "84d27c7b-0735-4c9e-a86e-c35ec5b035b6",
    "data": [
      {
        "text": "Repita o que você acabou de dizer",
        "userDefined": false
      }
    ],
    "isTemplate": false,
    "count": 0
  },
  {
    "id": "8c2ed2b8-c819-4bb1-86b5-2dec1410357d",
    "data": [
      {
        "text": "O que?",
        "userDefined": false
      }
    ],
    "isTemplate": false,
    "count": 0
  },
  {
    "id": "4fba4b94-cb78-4245-b76a-0730e9984167",
    "data": [
      {
        "text": "repita isso",
        "userDefined": false
      }
    ],
    "isTemplate": false,
    "count": 0
  },
  {
    "id": "149bef8c-5c55-4452-b9dd-419f2716d7a2",
    "data": [
      {
        "text": "diga novamente",
        "userDefined": false
      }
    ],
    "isTemplate": false,
    "count": 0
  },
  {
    "id": "08aa181c-9c1c-4a81-9b33-3b67781a60b4",
    "data": [
      {
        "text": "Repita",
        "userDefined": false
      }
    ],
    "isTemplate": false,
    "count": 0
  },
  {
    "id": "c41230df-35ac-4ff6-b432-209fc8c5dccb",
    "data": [
      {
        "text": "por favor repita isso",
        "userDefined": false
      }
    ],
    "isTemplate": false,
    "count": 1
  },
  {
    "id": "746543cd-8eaf-4892-ae51-9fe6beac8189",
    "data": [
      {
        "text": "O que foi isso?",
        "userDefined": false
      }
    ],
    "isTemplate": false,
    "count": 0
  },
  {
    "id": "60bf6229-0f37-427d-9492-7af947b42496",
    "data": [
      {
        "text": "outra vez",
        "userDefined": false
      }
    ],
    "isTemplate": false,
    "count": 0
  },
  {
    "id": "a3e7e821-9085-4e50-b93c-3cc212d229f3",
    "data": [
      {
        "text": "fale novamente",
        "userDefined": false
      }
    ],
    "isTemplate": false,
    "count": 0
  },
  {
    "id": "909b9c42-be3b-464b-baef-79518792579f",
    "data": [
      {
        "text": "desculpe",
        "userDefined": false
      }
    ],
    "isTemplate": false,
    "count": 0
  },
  {
    "id": "49553fc8-7e07-47df-8275-7d909095335a",
    "data": [
      {
        "text": "Pode repetir isso?",
        "userDefined": false
      }
    ],
    "isTemplate": false,
    "count": 0
  },
  {
    "id": "bf663ffe-36cb-421d-986f-064e6114432e",
    "data": [
      {
        "text": "novamente",
        "userDefined": false
      }
    ],
    "isTemplate": false,
    "count": 0
  },
  {
    "id": "c80eddf4-4585-4741-92d0-1b22cb5468c0",
    "data": [
      {
        "text": "fale de novo",
        "userDefined": false
      }
    ],
    "isTemplate": false,
    "count": 0
  },
  {
    "id": "53eef6b6-dd42-4ae5-ac08-0a846dd8f0ac",
    "data": [
      {
        "text": "Você pode repetir?",
        "userDefined": false
      }
    ],
    "isTemplate": false,
    "count": 0
  },
  {
    "id": "c0e24233-8584-47ed-994c-9c01993b225d",
    "data": [
      {
        "text": "Repita os resultados",
        "userDefined": false
      }
    ],
    "isTemplate": false,
    "count": 0
  }
]