[
  {
    "id": "fe8610d8-5bb9-4602-8ac6-8cad048c6ed6",
    "data": [
      {
        "text": "puoi ripetere quello che hai detto?",
        "userDefined": false
      }
    ],
    "isTemplate": false,
    "count": 1,
    "updated": 1536886431
  },
  {
    "id": "7ea518af-5ae7-47e9-ac6f-636c6d31c239",
    "data": [
      {
        "text": "ripetilo",
        "userDefined": false
      }
    ],
    "isTemplate": false,
    "count": 0,
    "updated": 1536886431
  },
  {
    "id": "45dbdf01-d09d-4e82-8bfa-d3884fdaba5f",
    "data": [
      {
        "text": "dillo di nuovo",
        "userDefined": false
      }
    ],
    "isTemplate": false,
    "count": 0,
    "updated": 1536886431
  },
  {
    "id": "26c1e78f-1717-4048-b664-949946f7e82d",
    "data": [
      {
        "text": "ripeti",
        "userDefined": false
      }
    ],
    "isTemplate": false,
    "count": 1,
    "updated": 1536886431
  },
  {
    "id": "91aa25c4-60d3-4153-852a-c701bf21e46f",
    "data": [
      {
        "text": "puoi ripetere per favore?",
        "userDefined": false
      }
    ],
    "isTemplate": false,
    "count": 0,
    "updated": 1536886431
  },
  {
    "id": "e0b35bc6-1ba1-4ee2-a28d-6b4370ce2bce",
    "data": [
      {
        "text": "lo puoi ripetere?",
        "userDefined": false
      }
    ],
    "isTemplate": false,
    "count": 0,
    "updated": 1536886431
  },
  {
    "id": "505d9a4d-e168-4f88-a96a-29f9b633c2eb",
    "data": [
      {
        "text": "come?",
        "userDefined": false
      }
    ],
    "isTemplate": false,
    "count": 1,
    "updated": 1536886431
  },
  {
    "id": "f304436b-9627-4a8b-bfcf-0c6be36417a1",
    "data": [
      {
        "text": "un",
        "meta": "@sys.ignore",
        "userDefined": false
      },
      {
        "text": "\u0027altra volta",
        "userDefined": false
      }
    ],
    "isTemplate": false,
    "count": 1,
    "updated": 1536886431
  },
  {
    "id": "017897f0-9bfb-4374-9bc3-8c0437034c5b",
    "data": [
      {
        "text": "scusa",
        "userDefined": false
      }
    ],
    "isTemplate": false,
    "count": 0,
    "updated": 1536886431
  },
  {
    "id": "8331dd40-bc84-40f0-b57c-b3440a52be63",
    "data": [
      {
        "text": "puoi ripetere",
        "userDefined": false
      }
    ],
    "isTemplate": false,
    "count": 1,
    "updated": 1536886431
  },
  {
    "id": "e9f31a69-cde3-410f-8447-52850b420a51",
    "data": [
      {
        "text": "ripeti questi risultati",
        "userDefined": false
      }
    ],
    "isTemplate": false,
    "count": 0,
    "updated": 1536886431
  },
  {
    "id": "9de5b5ec-3038-4919-9c69-998354d7cdca",
    "data": [
      {
        "text": "ripetere",
        "userDefined": false
      }
    ],
    "isTemplate": false,
    "count": 0,
    "updated": 1533922595
  }
]