[
  {
    "id": "942211db-5222-4dc9-86b3-99a436fb15b0",
    "data": [
      {
        "text": "söylediğini tekrar et",
        "userDefined": false
      }
    ],
    "isTemplate": false,
    "count": 0
  },
  {
    "id": "f24c939c-a4fa-4c5c-8547-2f62bf0c3ddf",
    "data": [
      {
        "text": "ne",
        "userDefined": false
      }
    ],
    "isTemplate": false,
    "count": 0
  },
  {
    "id": "352a8a1f-1c84-4d94-b3da-fbe4ac788780",
    "data": [
      {
        "text": "onu",
        "meta": "@sys.ignore",
        "userDefined": false
      },
      {
        "text": " tekrar et",
        "userDefined": false
      }
    ],
    "isTemplate": false,
    "count": 0
  },
  {
    "id": "b9074499-5ad1-44ad-be96-efc9236585f2",
    "data": [
      {
        "text": "aynısı tekrar söyle",
        "userDefined": false
      }
    ],
    "isTemplate": false,
    "count": 0
  },
  {
    "id": "801a8ffd-2027-4fd9-9c36-47329cd3ba93",
    "data": [
      {
        "text": "tekrar",
        "userDefined": false
      }
    ],
    "isTemplate": false,
    "count": 0
  },
  {
    "id": "53116029-dc46-4ca5-bed0-03e1980ce876",
    "data": [
      {
        "text": "lütfen tekrar et",
        "userDefined": false
      }
    ],
    "isTemplate": false,
    "count": 0
  },
  {
    "id": "f8b38582-bb50-4c6a-81cb-bfc3a954f112",
    "data": [
      {
        "text": "bir",
        "meta": "@sys.ignore",
        "userDefined": false
      },
      {
        "text": " daha söyle",
        "userDefined": false
      }
    ],
    "isTemplate": false,
    "count": 0
  },
  {
    "id": "7dfb219a-ab40-475e-ad98-24ae7f2ad3ff",
    "data": [
      {
        "text": "anlamadım",
        "userDefined": false
      }
    ],
    "isTemplate": false,
    "count": 0
  },
  {
    "id": "8e8dfd72-104a-46b0-afe4-085e6af1c005",
    "data": [
      {
        "text": "tekrar söyle",
        "userDefined": false
      }
    ],
    "isTemplate": false,
    "count": 0
  },
  {
    "id": "367b61d5-f4a8-4102-a988-cd0e1eb7b55d",
    "data": [
      {
        "text": "tekrar söyler misin",
        "userDefined": false
      }
    ],
    "isTemplate": false,
    "count": 0
  },
  {
    "id": "7f53aa89-73eb-42f7-a901-333d4350d753",
    "data": [
      {
        "text": "pardon",
        "userDefined": false
      }
    ],
    "isTemplate": false,
    "count": 0
  },
  {
    "id": "fc177a9e-b84c-4742-9f92-5d1a684087ce",
    "data": [
      {
        "text": "tekrarlayabilir misin",
        "userDefined": false
      }
    ],
    "isTemplate": false,
    "count": 1
  },
  {
    "id": "74f7b8b0-d824-45f0-8f42-3e1259e043a9",
    "data": [
      {
        "text": "efendim",
        "userDefined": false
      }
    ],
    "isTemplate": false,
    "count": 0
  },
  {
    "id": "4dc80e1b-87c1-47b6-b353-6bfdd87c3161",
    "data": [
      {
        "text": "tekrar eder misin",
        "userDefined": false
      }
    ],
    "isTemplate": false,
    "count": 0
  },
  {
    "id": "3ce12cf1-d04f-466d-8ba1-ffa47f5df537",
    "data": [
      {
        "text": "sonuçları tekrarla",
        "userDefined": false
      }
    ],
    "isTemplate": false,
    "count": 0
  }
]