[
  {
    "id": "828e205c-2f7b-4b55-9769-b21f60497795",
    "data": [
      {
        "text": "repeat these results",
        "userDefined": false
      }
    ],
    "isTemplate": false,
    "count": 0,
    "updated": 1533835219
  },
  {
    "id": "67f509be-23eb-438e-9d10-9340805c43e5",
    "data": [
      {
        "text": "what was that?",
        "userDefined": false
      }
    ],
    "isTemplate": false,
    "count": 0,
    "updated": 1530308685
  },
  {
    "id": "8992804d-089e-4242-b0db-5b493434c7ff",
    "data": [
      {
        "text": "could you repeat that",
        "userDefined": false
      }
    ],
    "isTemplate": false,
    "count": 0,
    "updated": 1533835219
  },
  {
    "id": "95643ac0-68ae-4072-99a8-a9077e46af5e",
    "data": [
      {
        "text": "repeat",
        "userDefined": false
      }
    ],
    "isTemplate": false,
    "count": 0,
    "updated": 1530308685
  },
  {
    "id": "59a3ec4c-781a-43df-a881-4a2c351e436a",
    "data": [
      {
        "text": "repeat it",
        "userDefined": false
      }
    ],
    "isTemplate": false,
    "count": 0,
    "updated": 1533835219
  },
  {
    "id": "32b938ba-7e2e-41c4-922f-1c1376f6ace7",
    "data": [
      {
        "text": "pardon",
        "userDefined": false
      }
    ],
    "isTemplate": false,
    "count": 0,
    "updated": 1530308685
  },
  {
    "id": "44078373-7c55-451d-9b56-5a6c2eae5370",
    "data": [
      {
        "text": "say the same again",
        "userDefined": false
      }
    ],
    "isTemplate": false,
    "count": 0,
    "updated": 1533835219
  },
  {
    "id": "10011c3d-fb94-4d3b-a94f-c73615524b72",
    "data": [
      {
        "text": "please repeat that",
        "userDefined": false
      }
    ],
    "isTemplate": false,
    "count": 0,
    "updated": 1533835219
  },
  {
    "id": "d144a68e-cab2-44f4-b50f-fabf50312eb8",
    "data": [
      {
        "text": "repeat what you\u0027ve just said",
        "userDefined": false
      }
    ],
    "isTemplate": false,
    "count": 0,
    "updated": 1533835219
  },
  {
    "id": "6f8ac5e3-5df5-4f6f-95a4-9f4d2f0f6d39",
    "data": [
      {
        "text": "come again",
        "userDefined": false
      }
    ],
    "isTemplate": false,
    "count": 0,
    "updated": 1533835219
  },
  {
    "id": "3c027aba-9048-4210-8c2d-8205ed6718c5",
    "data": [
      {
        "text": "can you repeat",
        "userDefined": false
      }
    ],
    "isTemplate": false,
    "count": 0,
    "updated": 1530308685
  },
  {
    "id": "00eac2e8-fc3e-48f0-8b7e-0409e77b918c",
    "data": [
      {
        "text": "do it again",
        "userDefined": false
      }
    ],
    "isTemplate": false,
    "count": 0,
    "updated": 1533835219
  },
  {
    "id": "6036eecf-cf6e-4ed8-843b-8cd7d09c1f6f",
    "data": [
      {
        "text": "again",
        "userDefined": false
      }
    ],
    "isTemplate": false,
    "count": 0,
    "updated": 1530308685
  },
  {
    "id": "29b8ae5a-b8f0-4f9b-9911-e87d5a4ed2ec",
    "data": [
      {
        "text": "say that again",
        "userDefined": false
      }
    ],
    "isTemplate": false,
    "count": 0,
    "updated": 1530308685
  },
  {
    "id": "29fd0cb9-354c-496c-9705-12182bfdb203",
    "data": [
      {
        "text": "what?",
        "userDefined": false
      }
    ],
    "isTemplate": false,
    "count": 1,
    "updated": 1530308685
  },
  {
    "id": "0c68aaff-2cd6-449a-969b-ad94a579a55e",
    "data": [
      {
        "text": "say it again",
        "userDefined": false
      }
    ],
    "isTemplate": false,
    "count": 0,
    "updated": 1533835219
  }
]