[
  {
    "id": "4cd9cd6d-43e3-4829-81a4-fda7545f572c",
    "data": [
      {
        "text": "novamente",
        "userDefined": false
      }
    ],
    "isTemplate": false,
    "count": 0
  },
  {
    "id": "d64010d1-934e-4031-b5b4-ad7cf3fed744",
    "data": [
      {
        "text": "O que?",
        "userDefined": false
      }
    ],
    "isTemplate": false,
    "count": 0
  },
  {
    "id": "f238ca16-35d8-47ff-aa91-aef12bedd1be",
    "data": [
      {
        "text": "desculpe",
        "userDefined": false
      }
    ],
    "isTemplate": false,
    "count": 0
  },
  {
    "id": "6bef3d85-0b9d-4dbd-9467-a0cf994611ff",
    "data": [
      {
        "text": "Repita o que você acabou de dizer",
        "userDefined": false
      }
    ],
    "isTemplate": false,
    "count": 0
  },
  {
    "id": "faa5d1c3-9fe8-4252-a2d1-a9118ce2e815",
    "data": [
      {
        "text": "outra vez",
        "userDefined": false
      }
    ],
    "isTemplate": false,
    "count": 0
  },
  {
    "id": "b409e2b0-1c99-49e3-bb9e-138223e063f3",
    "data": [
      {
        "text": "diga novamente",
        "userDefined": false
      }
    ],
    "isTemplate": false,
    "count": 0
  },
  {
    "id": "c7208d29-6ade-4dab-9e6a-260d7b84584a",
    "data": [
      {
        "text": "repita isso",
        "userDefined": false
      }
    ],
    "isTemplate": false,
    "count": 0
  },
  {
    "id": "78e4fb54-c6e4-43d9-a0a5-1cf8f17bde0a",
    "data": [
      {
        "text": "fale novamente",
        "userDefined": false
      }
    ],
    "isTemplate": false,
    "count": 0
  },
  {
    "id": "284dbb78-596d-4bca-b09b-51324bb5f4e6",
    "data": [
      {
        "text": "O que foi isso?",
        "userDefined": false
      }
    ],
    "isTemplate": false,
    "count": 0
  },
  {
    "id": "a957d45b-3a22-444c-8f33-615f98e789bf",
    "data": [
      {
        "text": "Você pode repetir?",
        "userDefined": false
      }
    ],
    "isTemplate": false,
    "count": 0
  },
  {
    "id": "bbaeabd6-ee08-4d03-b55a-845913665450",
    "data": [
      {
        "text": "Repita os resultados",
        "userDefined": false
      }
    ],
    "isTemplate": false,
    "count": 0
  },
  {
    "id": "a6e600d0-ae97-416e-ad51-e2d6a4ea0c50",
    "data": [
      {
        "text": "Repita",
        "userDefined": false
      }
    ],
    "isTemplate": false,
    "count": 0
  },
  {
    "id": "0355ad21-aae1-46a8-8112-931180dc5339",
    "data": [
      {
        "text": "fale de novo",
        "userDefined": false
      }
    ],
    "isTemplate": false,
    "count": 0
  },
  {
    "id": "ad4ae654-b324-4ad6-8c26-ac1b77724da6",
    "data": [
      {
        "text": "Pode repetir isso?",
        "userDefined": false
      }
    ],
    "isTemplate": false,
    "count": 0
  },
  {
    "id": "232f59c1-7093-4219-83dd-ea739729a7ea",
    "data": [
      {
        "text": "por favor repita isso",
        "userDefined": false
      }
    ],
    "isTemplate": false,
    "count": 1
  }
]