[
  {
    "id": "febd4754-7eed-4caa-ae21-8e827cfdc287",
    "data": [
      {
        "text": "Was",
        "userDefined": false
      }
    ],
    "isTemplate": false,
    "count": 0,
    "updated": 1538195932
  },
  {
    "id": "2bf5c982-c00e-41f7-b56f-c3de17820de4",
    "data": [
      {
        "text": "Wiederhole es",
        "userDefined": false
      }
    ],
    "isTemplate": false,
    "count": 0,
    "updated": 1538195932
  },
  {
    "id": "6891776a-2bd7-40f8-92ee-9371f61af43c",
    "data": [
      {
        "text": "Entschuldigung",
        "userDefined": false
      }
    ],
    "isTemplate": false,
    "count": 0,
    "updated": 1538195932
  },
  {
    "id": "df727c2b-3a94-402a-b991-8b05e31bc718",
    "data": [
      {
        "text": "Kannst du das wiederholen",
        "userDefined": false
      }
    ],
    "isTemplate": false,
    "count": 0,
    "updated": 1538195932
  },
  {
    "id": "2c600478-a060-453f-b929-4b656a31b917",
    "data": [
      {
        "text": "Sag das nochmal",
        "userDefined": false
      }
    ],
    "isTemplate": false,
    "count": 0,
    "updated": 1538195932
  },
  {
    "id": "da851cc1-86ab-4f50-a125-c449822b6dc0",
    "data": [
      {
        "text": "Bitte wiederhole das",
        "userDefined": false
      }
    ],
    "isTemplate": false,
    "count": 0,
    "updated": 1538195932
  },
  {
    "id": "41842b99-6dc8-4de2-9ce8-ae887d84b4de",
    "data": [
      {
        "text": "Wiederhole die Ergebnisse",
        "userDefined": false
      }
    ],
    "isTemplate": false,
    "count": 0,
    "updated": 1538195932
  },
  {
    "id": "cea3b656-e553-40a8-a170-d10660b08efa",
    "data": [
      {
        "text": "Bitte wiederhole es",
        "userDefined": false
      }
    ],
    "isTemplate": false,
    "count": 0,
    "updated": 1538195932
  },
  {
    "id": "ed42c1d6-d464-4f33-a5b4-2f9e600270fa",
    "data": [
      {
        "text": "Sag es nochmal",
        "userDefined": false
      }
    ],
    "isTemplate": false,
    "count": 0,
    "updated": 1538195932
  },
  {
    "id": "680da34e-229e-428f-8136-4074a3425e9c",
    "data": [
      {
        "text": "Was war das",
        "userDefined": false
      }
    ],
    "isTemplate": false,
    "count": 0,
    "updated": 1538195932
  },
  {
    "id": "4863bb85-cf23-4831-96e5-0b6425c3ca0d",
    "data": [
      {
        "text": "Mach es nochmal",
        "userDefined": false
      }
    ],
    "isTemplate": false,
    "count": 1,
    "updated": 1538195932
  },
  {
    "id": "0c0ca439-dd6e-4012-af67-4785d1777fc3",
    "data": [
      {
        "text": "wieder",
        "userDefined": false
      }
    ],
    "isTemplate": false,
    "count": 0,
    "updated": 1538195932
  },
  {
    "id": "646034c8-c8d1-40bc-a97b-3d269437f906",
    "data": [
      {
        "text": "Kannst du es wiederholen",
        "userDefined": false
      }
    ],
    "isTemplate": false,
    "count": 0,
    "updated": 1538195932
  },
  {
    "id": "b74774cf-ff60-4fa3-af20-be835ec648e1",
    "data": [
      {
        "text": "Komme wieder",
        "userDefined": false
      }
    ],
    "isTemplate": false,
    "count": 0,
    "updated": 1538195932
  },
  {
    "id": "dfe29d0f-1b4a-4279-b340-1d4599f3dac1",
    "data": [
      {
        "text": "Wiederhole, was du ",
        "userDefined": false
      },
      {
        "text": "gerade",
        "meta": "@sys.ignore",
        "userDefined": false
      },
      {
        "text": " gesagt hast",
        "userDefined": false
      }
    ],
    "isTemplate": false,
    "count": 0,
    "updated": 1538195932
  }
]