[
  {
    "id": "b3e9e8cd-ac4e-4d60-8edd-ac4b4fa32135",
    "data": [
      {
        "text": "repeat these results",
        "userDefined": false
      }
    ],
    "isTemplate": false,
    "count": 0,
    "updated": 1533835219
  },
  {
    "id": "d345ad1d-a79d-4d08-a185-f4d9de343576",
    "data": [
      {
        "text": "can you repeat",
        "userDefined": false
      }
    ],
    "isTemplate": false,
    "count": 0,
    "updated": 1530308685
  },
  {
    "id": "e995a407-e152-46ef-b597-bb2cef1ef612",
    "data": [
      {
        "text": "come again",
        "userDefined": false
      }
    ],
    "isTemplate": false,
    "count": 0,
    "updated": 1533835219
  },
  {
    "id": "f6ae6443-9e36-49b4-bfd5-bda8d4cb9edf",
    "data": [
      {
        "text": "again",
        "userDefined": false
      }
    ],
    "isTemplate": false,
    "count": 0,
    "updated": 1530308685
  },
  {
    "id": "85de33d5-72e4-437f-9db3-d3db6ace5d59",
    "data": [
      {
        "text": "could you repeat that",
        "userDefined": false
      }
    ],
    "isTemplate": false,
    "count": 0,
    "updated": 1533835219
  },
  {
    "id": "1d3c0e29-a54c-4796-a143-61800f4a591b",
    "data": [
      {
        "text": "pardon",
        "userDefined": false
      }
    ],
    "isTemplate": false,
    "count": 0,
    "updated": 1530308685
  },
  {
    "id": "aef22d5e-2a16-4c00-aaa3-06ca900ff658",
    "data": [
      {
        "text": "say it again",
        "userDefined": false
      }
    ],
    "isTemplate": false,
    "count": 0,
    "updated": 1533835219
  },
  {
    "id": "74da4b6b-a261-4cfd-9a48-37e18466a056",
    "data": [
      {
        "text": "do it again",
        "userDefined": false
      }
    ],
    "isTemplate": false,
    "count": 0,
    "updated": 1533835219
  },
  {
    "id": "0f9af8fa-0da3-4469-b590-54f31d2823a1",
    "data": [
      {
        "text": "what was that?",
        "userDefined": false
      }
    ],
    "isTemplate": false,
    "count": 0,
    "updated": 1530308685
  },
  {
    "id": "ac345b32-0d56-44cb-98cd-91153f325e47",
    "data": [
      {
        "text": "say that again",
        "userDefined": false
      }
    ],
    "isTemplate": false,
    "count": 0,
    "updated": 1530308685
  },
  {
    "id": "a08c6c2b-2d53-4239-a071-69504e104be7",
    "data": [
      {
        "text": "please repeat that",
        "userDefined": false
      }
    ],
    "isTemplate": false,
    "count": 0,
    "updated": 1533835219
  },
  {
    "id": "e1ef594b-2759-4d8d-9b18-bb2c13b75bce",
    "data": [
      {
        "text": "say the same again",
        "userDefined": false
      }
    ],
    "isTemplate": false,
    "count": 0,
    "updated": 1533835219
  },
  {
    "id": "dbf847b5-5923-44ad-8598-880d7686c612",
    "data": [
      {
        "text": "repeat it",
        "userDefined": false
      }
    ],
    "isTemplate": false,
    "count": 0,
    "updated": 1533835219
  },
  {
    "id": "d3a7637e-fcbe-47eb-b646-60b9997e23ee",
    "data": [
      {
        "text": "what?",
        "userDefined": false
      }
    ],
    "isTemplate": false,
    "count": 1,
    "updated": 1530308685
  },
  {
    "id": "9604762c-6d60-41a0-907f-4641819c1c40",
    "data": [
      {
        "text": "repeat",
        "userDefined": false
      }
    ],
    "isTemplate": false,
    "count": 0,
    "updated": 1530308685
  },
  {
    "id": "157f5a35-6126-4d22-9fcd-54523c6c9b07",
    "data": [
      {
        "text": "repeat what you\u0027ve just said",
        "userDefined": false
      }
    ],
    "isTemplate": false,
    "count": 0,
    "updated": 1533835219
  }
]