[
  {
    "id": "b5488d72-deb9-4e2d-ab50-1b911cb0624d",
    "data": [
      {
        "text": "tekrar söyler misin",
        "userDefined": false
      }
    ],
    "isTemplate": false,
    "count": 0
  },
  {
    "id": "c85e476e-df58-4ac4-bff8-12bb5214d37e",
    "data": [
      {
        "text": "onu",
        "meta": "@sys.ignore",
        "userDefined": false
      },
      {
        "text": " tekrar et",
        "userDefined": false
      }
    ],
    "isTemplate": false,
    "count": 0
  },
  {
    "id": "bf87b0da-dead-40ad-9916-da538c3c596c",
    "data": [
      {
        "text": "tekrarlayabilir misin",
        "userDefined": false
      }
    ],
    "isTemplate": false,
    "count": 1
  },
  {
    "id": "2a481763-0e52-4814-99fb-918a2fd87184",
    "data": [
      {
        "text": "söylediğini tekrar et",
        "userDefined": false
      }
    ],
    "isTemplate": false,
    "count": 0
  },
  {
    "id": "906ccb25-fe96-4b55-9123-a6c825a76cb4",
    "data": [
      {
        "text": "sonuçları tekrarla",
        "userDefined": false
      }
    ],
    "isTemplate": false,
    "count": 0
  },
  {
    "id": "71ebe497-1447-423f-8adb-11634d8b5955",
    "data": [
      {
        "text": "lütfen tekrar et",
        "userDefined": false
      }
    ],
    "isTemplate": false,
    "count": 0
  },
  {
    "id": "38d1d41c-53b7-4306-9b10-ed809d51807a",
    "data": [
      {
        "text": "anlamadım",
        "userDefined": false
      }
    ],
    "isTemplate": false,
    "count": 0
  },
  {
    "id": "76b23838-1ad0-4852-b4f8-7c6354ce36c4",
    "data": [
      {
        "text": "ne",
        "userDefined": false
      }
    ],
    "isTemplate": false,
    "count": 0
  },
  {
    "id": "d023ab3b-20de-441a-af25-98b2e82807c0",
    "data": [
      {
        "text": "tekrar",
        "userDefined": false
      }
    ],
    "isTemplate": false,
    "count": 0
  },
  {
    "id": "dadcade8-3b3c-451d-b824-6a83d31c507b",
    "data": [
      {
        "text": "tekrar söyle",
        "userDefined": false
      }
    ],
    "isTemplate": false,
    "count": 0
  },
  {
    "id": "8376b480-0989-445b-899d-926a0fd74bb3",
    "data": [
      {
        "text": "bir",
        "meta": "@sys.ignore",
        "userDefined": false
      },
      {
        "text": " daha söyle",
        "userDefined": false
      }
    ],
    "isTemplate": false,
    "count": 0
  },
  {
    "id": "a140c7c8-6b51-4146-b565-45be6c5361d6",
    "data": [
      {
        "text": "tekrar eder misin",
        "userDefined": false
      }
    ],
    "isTemplate": false,
    "count": 0
  },
  {
    "id": "6b939bdc-21d4-4cdb-9c7d-05bb91c96419",
    "data": [
      {
        "text": "pardon",
        "userDefined": false
      }
    ],
    "isTemplate": false,
    "count": 0
  },
  {
    "id": "de9c1d2d-f93f-43e7-b00a-16d9a5a43e01",
    "data": [
      {
        "text": "aynısı tekrar söyle",
        "userDefined": false
      }
    ],
    "isTemplate": false,
    "count": 0
  },
  {
    "id": "92ca51f0-4719-4f45-9db2-74ebc9487f8a",
    "data": [
      {
        "text": "efendim",
        "userDefined": false
      }
    ],
    "isTemplate": false,
    "count": 0
  }
]