[
  {
    "id": "55b01879-3387-440e-98db-53981280fdb5",
    "data": [
      {
        "text": "ripetere",
        "userDefined": false
      }
    ],
    "isTemplate": false,
    "count": 0,
    "updated": 1533922595
  },
  {
    "id": "23415505-6771-4d4f-aef8-977ece989599",
    "data": [
      {
        "text": "ripeti",
        "userDefined": false
      }
    ],
    "isTemplate": false,
    "count": 1,
    "updated": 1536886431
  },
  {
    "id": "03fa3a9e-b235-4441-9a7b-d27718d8c8bd",
    "data": [
      {
        "text": "ripeti questi risultati",
        "userDefined": false
      }
    ],
    "isTemplate": false,
    "count": 0,
    "updated": 1536886431
  },
  {
    "id": "55a36836-a959-4d3f-a619-6ab8fa0f0775",
    "data": [
      {
        "text": "puoi ripetere quello che hai detto?",
        "userDefined": false
      }
    ],
    "isTemplate": false,
    "count": 1,
    "updated": 1536886431
  },
  {
    "id": "cc1879c7-c893-4687-b737-4bf41ebfe367",
    "data": [
      {
        "text": "un",
        "meta": "@sys.ignore",
        "userDefined": false
      },
      {
        "text": "\u0027altra volta",
        "userDefined": false
      }
    ],
    "isTemplate": false,
    "count": 1,
    "updated": 1536886431
  },
  {
    "id": "ec55bb30-2c39-418f-9cc2-da747abe3e77",
    "data": [
      {
        "text": "scusa",
        "userDefined": false
      }
    ],
    "isTemplate": false,
    "count": 0,
    "updated": 1536886431
  },
  {
    "id": "884f9d39-6f25-4f70-b48d-2128edb08253",
    "data": [
      {
        "text": "dillo di nuovo",
        "userDefined": false
      }
    ],
    "isTemplate": false,
    "count": 0,
    "updated": 1536886431
  },
  {
    "id": "f93c4c54-94f4-42ae-80bb-3efb8aaf4dd6",
    "data": [
      {
        "text": "lo puoi ripetere?",
        "userDefined": false
      }
    ],
    "isTemplate": false,
    "count": 0,
    "updated": 1536886431
  },
  {
    "id": "a132e675-29d2-44fa-b23f-f8fb92ec0b42",
    "data": [
      {
        "text": "puoi ripetere",
        "userDefined": false
      }
    ],
    "isTemplate": false,
    "count": 1,
    "updated": 1536886431
  },
  {
    "id": "017a316f-6a30-4b51-891e-5a339a613e7b",
    "data": [
      {
        "text": "ripetilo",
        "userDefined": false
      }
    ],
    "isTemplate": false,
    "count": 0,
    "updated": 1536886431
  },
  {
    "id": "4edd14c1-63ce-4cd5-a76f-78b7492cf1c4",
    "data": [
      {
        "text": "puoi ripetere per favore?",
        "userDefined": false
      }
    ],
    "isTemplate": false,
    "count": 0,
    "updated": 1536886431
  },
  {
    "id": "f9cce1ae-c6dc-4430-a495-885519cfba4a",
    "data": [
      {
        "text": "come?",
        "userDefined": false
      }
    ],
    "isTemplate": false,
    "count": 1,
    "updated": 1536886431
  }
]