[
  {
    "id": "c9cdce0e-75fa-42f9-b921-6b49a0359bcd",
    "data": [
      {
        "text": "puoi ripetere quello che hai detto?",
        "userDefined": false
      }
    ],
    "isTemplate": false,
    "count": 1,
    "updated": 1536886431
  },
  {
    "id": "7b8067c7-6244-42c3-a1d4-3eee8d851fdc",
    "data": [
      {
        "text": "ripetilo",
        "userDefined": false
      }
    ],
    "isTemplate": false,
    "count": 0,
    "updated": 1536886431
  },
  {
    "id": "fc9f369e-5117-44ad-9e86-fdd171205d35",
    "data": [
      {
        "text": "dillo di nuovo",
        "userDefined": false
      }
    ],
    "isTemplate": false,
    "count": 0,
    "updated": 1536886431
  },
  {
    "id": "e87e1344-8780-4e61-b8d9-355ae4ff7ffa",
    "data": [
      {
        "text": "ripeti",
        "userDefined": false
      }
    ],
    "isTemplate": false,
    "count": 1,
    "updated": 1536886431
  },
  {
    "id": "2614a00e-4b8c-41dc-a3d2-2642d210cd06",
    "data": [
      {
        "text": "puoi ripetere per favore?",
        "userDefined": false
      }
    ],
    "isTemplate": false,
    "count": 0,
    "updated": 1536886431
  },
  {
    "id": "7673df42-55b7-4672-b9a6-3b3ce3babc3a",
    "data": [
      {
        "text": "lo puoi ripetere?",
        "userDefined": false
      }
    ],
    "isTemplate": false,
    "count": 0,
    "updated": 1536886431
  },
  {
    "id": "106e5de8-deb5-4082-a637-2b0db1e01556",
    "data": [
      {
        "text": "come?",
        "userDefined": false
      }
    ],
    "isTemplate": false,
    "count": 1,
    "updated": 1536886431
  },
  {
    "id": "7ce0ebdb-db0b-49f6-8c78-a712a106e89a",
    "data": [
      {
        "text": "un",
        "meta": "@sys.ignore",
        "userDefined": false
      },
      {
        "text": "\u0027altra volta",
        "userDefined": false
      }
    ],
    "isTemplate": false,
    "count": 1,
    "updated": 1536886431
  },
  {
    "id": "f8eaf2c5-d01c-4d04-b1e6-e7eae8fde2f9",
    "data": [
      {
        "text": "scusa",
        "userDefined": false
      }
    ],
    "isTemplate": false,
    "count": 0,
    "updated": 1536886431
  },
  {
    "id": "1d475c65-41ac-42a8-9c3c-cb4ffa5a2860",
    "data": [
      {
        "text": "puoi ripetere",
        "userDefined": false
      }
    ],
    "isTemplate": false,
    "count": 1,
    "updated": 1536886431
  },
  {
    "id": "434fbf06-10eb-4cfe-a59b-7e85ead233e6",
    "data": [
      {
        "text": "ripeti questi risultati",
        "userDefined": false
      }
    ],
    "isTemplate": false,
    "count": 0,
    "updated": 1536886431
  },
  {
    "id": "f11e1a92-a0d1-4be9-a05b-82ca894c72f3",
    "data": [
      {
        "text": "ripetere",
        "userDefined": false
      }
    ],
    "isTemplate": false,
    "count": 0,
    "updated": 1533922595
  }
]