[
  {
    "id": "36d7bdc2-993e-4fde-a558-722b3473e2c4",
    "data": [
      {
        "text": "repite lo que acabas de decir",
        "userDefined": false
      }
    ],
    "isTemplate": false,
    "count": 1,
    "updated": 1536945672
  },
  {
    "id": "1fdeed9f-5ab6-46c4-ae4d-d4c1c76bd048",
    "data": [
      {
        "text": "que",
        "userDefined": false
      }
    ],
    "isTemplate": false,
    "count": 0,
    "updated": 1536945672
  },
  {
    "id": "bbc36820-c85a-46d4-bb92-5462e67866eb",
    "data": [
      {
        "text": "¿Qué?",
        "userDefined": false
      }
    ],
    "isTemplate": false,
    "count": 0,
    "updated": 1536945672
  },
  {
    "id": "abae5783-141e-4255-8b5f-7c48405fdf00",
    "data": [
      {
        "text": "Repitelo",
        "userDefined": false
      }
    ],
    "isTemplate": false,
    "count": 0,
    "updated": 1536945672
  },
  {
    "id": "105fc424-01ae-48c6-90b1-cbc4f44d4458",
    "data": [
      {
        "text": "decir lo mismo de ",
        "userDefined": false
      },
      {
        "text": "nuevo",
        "meta": "@sys.ignore",
        "userDefined": false
      }
    ],
    "isTemplate": false,
    "count": 1,
    "updated": 1536945672
  },
  {
    "id": "15065263-0d3e-4248-9bbe-ab89733fbae3",
    "data": [
      {
        "text": "repetir",
        "userDefined": false
      }
    ],
    "isTemplate": false,
    "count": 0,
    "updated": 1533922575
  },
  {
    "id": "71c7f705-261c-462f-8f6e-a80ff0e46dd0",
    "data": [
      {
        "text": "por favor repita eso",
        "userDefined": false
      }
    ],
    "isTemplate": false,
    "count": 2,
    "updated": 1536945672
  },
  {
    "id": "4451b346-eadc-4f17-84d8-c56c59ec042c",
    "data": [
      {
        "text": "¿qué fue eso?",
        "userDefined": false
      }
    ],
    "isTemplate": false,
    "count": 0,
    "updated": 1536945672
  },
  {
    "id": "3a6ceefe-431a-42da-81e4-c8afbbd648a0",
    "data": [
      {
        "text": "hazlo otra vez",
        "userDefined": false
      }
    ],
    "isTemplate": false,
    "count": 0,
    "updated": 1536945672
  },
  {
    "id": "646f92ad-02ab-4305-8dc7-f9bb231ed1fb",
    "data": [
      {
        "text": "dilo otra vez",
        "userDefined": false
      }
    ],
    "isTemplate": false,
    "count": 0,
    "updated": 1536945672
  },
  {
    "id": "b019bc10-afcc-4550-90a3-dfaaf3da60c1",
    "data": [
      {
        "text": "perdon",
        "userDefined": false
      }
    ],
    "isTemplate": false,
    "count": 0,
    "updated": 1536945672
  },
  {
    "id": "f6862b4b-abb4-474e-b25a-4b9180337b22",
    "data": [
      {
        "text": "podrías repetir eso",
        "userDefined": false
      }
    ],
    "isTemplate": false,
    "count": 0,
    "updated": 1536945672
  },
  {
    "id": "72da0b32-ba7d-4005-b350-08e6a2aaa87d",
    "data": [
      {
        "text": "de ",
        "userDefined": false
      },
      {
        "text": "nuevo",
        "meta": "@sys.ignore",
        "userDefined": false
      }
    ],
    "isTemplate": false,
    "count": 0,
    "updated": 1536945672
  },
  {
    "id": "fc58d0e5-627d-4afa-8281-565fadc48bdf",
    "data": [
      {
        "text": "otra vez",
        "userDefined": false
      }
    ],
    "isTemplate": false,
    "count": 0,
    "updated": 1536945672
  },
  {
    "id": "8b4c0d94-74fa-4f15-bbd5-de07cc75225f",
    "data": [
      {
        "text": "puedes repetir",
        "userDefined": false
      }
    ],
    "isTemplate": false,
    "count": 0,
    "updated": 1536945672
  },
  {
    "id": "5d662856-2703-4382-b407-c20ed62010d8",
    "data": [
      {
        "text": "repite estos resultados",
        "userDefined": false
      }
    ],
    "isTemplate": false,
    "count": 2,
    "updated": 1536945672
  }
]